# x_tcs	y_tcs	z_tcs	x_w2	y_w2	z_w2	angle_w2	x_iscs	y_iscs	z_iscs	angle_iscs
-36.66427	113.48413	137.00000	0.00000	-30.00000	0.00000	0.30000	0.00000	0.00000	0.00000	0.00000
-53.04731	124.95566	137.00000	19.99973	-29.89528	0.00000	0.30000	20.00000	0.00000	0.00000	0.00000
-69.43035	136.42719	137.00000	39.99945	-29.79056	0.00000	0.30000	40.00000	-0.00000	0.00000	0.00000
-85.81339	147.89871	137.00000	59.99918	-29.68584	0.00000	0.30000	60.00000	0.00000	0.00000	0.00000
-102.19643	159.37024	137.00000	79.99890	-29.58112	0.00000	0.30000	80.00000	0.00000	0.00000	0.00000
-118.57948	170.84177	137.00000	99.99863	-29.47640	0.00000	0.30000	100.00000	0.00000	0.00000	0.00000
-134.96252	182.31330	137.00000	119.99836	-29.37168	0.00000	0.30000	120.00000	-0.00000	0.00000	0.00000
-151.34556	193.78483	137.00000	139.99808	-29.26697	0.00000	0.30000	140.00000	-0.00000	0.00000	0.00000
-167.72860	205.25636	137.00000	159.99781	-29.16225	0.00000	0.30000	160.00000	0.00000	0.00000	0.00000
-184.11164	216.72789	137.00000	179.99753	-29.05753	0.00000	0.30000	180.00000	0.00000	0.00000	0.00000
-200.49468	228.19941	137.00000	199.99726	-28.95281	0.00000	0.30000	200.00000	0.00000	0.00000	0.00000
-216.87772	239.67094	137.00000	219.99698	-28.84809	0.00000	0.30000	220.00000	0.00000	0.00000	0.00000
-233.26076	251.14247	137.00000	239.99671	-28.74337	0.00000	0.30000	240.00000	0.00000	0.00000	0.00000
-249.64380	262.61400	137.00000	259.99644	-28.63865	0.00000	0.30000	260.00000	-0.00000	0.00000	0.00000
-266.02684	274.08553	137.00000	279.99616	-28.53393	0.00000	0.30000	280.00000	0.00000	0.00000	0.00000
-282.40988	285.55706	137.00000	299.99589	-28.42921	0.00000	0.30000	300.00000	0.00000	0.00000	0.00000
-298.79293	297.02859	137.00000	319.99561	-28.32449	0.00000	0.30000	320.00000	-0.00000	0.00000	0.00000
-315.17597	308.50012	137.00000	339.99534	-28.21977	0.00000	0.30000	340.00000	0.00000	0.00000	0.00000
-331.55901	319.97164	137.00000	359.99507	-28.11505	0.00000	0.30000	360.00000	-0.00000	0.00000	0.00000
-347.94205	331.44317	137.00000	379.99479	-28.01033	0.00000	0.30000	380.00000	0.00000	0.00000	0.00000
-364.32509	342.91470	137.00000	399.99452	-27.90561	0.00000	0.30000	400.00000	0.00000	0.00000	0.00000
-380.70813	354.38623	137.00000	419.99424	-27.80090	0.00000	0.30000	420.00000	0.00000	0.00000	0.00000
-397.09117	365.85776	137.00000	439.99397	-27.69618	0.00000	0.30000	440.00000	0.00000	0.00000	0.00000
-413.47421	377.32929	137.00000	459.99369	-27.59146	0.00000	0.30000	460.00000	-0.00000	0.00000	0.00000
-429.85725	388.80082	137.00000	479.99342	-27.48674	0.00000	0.30000	480.00000	0.00000	0.00000	0.00000
-446.24029	400.27235	137.00000	499.99315	-27.38202	0.00000	0.30000	500.00000	-0.00000	0.00000	0.00000
-462.62333	411.74387	137.00000	519.99287	-27.27730	0.00000	0.30000	520.00000	-0.00000	0.00000	0.00000
-479.00638	423.21540	137.00000	539.99260	-27.17258	0.00000	0.30000	540.00000	-0.00000	0.00000	0.00000
-495.38942	434.68693	137.00000	559.99232	-27.06786	0.00000	0.30000	560.00000	-0.00000	0.00000	0.00000
-511.77246	446.15846	137.00000	579.99205	-26.96314	0.00000	0.30000	580.00000	0.00000	0.00000	0.00000
-528.15550	457.62999	137.00000	599.99178	-26.85842	0.00000	0.30000	600.00000	-0.00000	0.00000	0.00000
-544.53854	469.10152	137.00000	619.99150	-26.75370	0.00000	0.30000	620.00000	0.00000	0.00000	0.00000
-560.92158	480.57305	137.00000	639.99123	-26.64898	0.00000	0.30000	640.00000	-0.00000	0.00000	0.00000
-577.30462	492.04458	137.00000	659.99095	-26.54426	0.00000	0.30000	660.00000	-0.00000	0.00000	0.00000
-593.68766	503.51610	137.00000	679.99068	-26.43954	0.00000	0.30000	680.00000	0.00000	0.00000	0.00000
-610.07070	514.98763	137.00000	699.99040	-26.33483	0.00000	0.30000	700.00000	-0.00000	0.00000	0.00000
-626.45374	526.45916	137.00000	719.99013	-26.23011	0.00000	0.30000	720.00000	0.00000	0.00000	0.00000
-642.83678	537.93069	137.00000	739.98986	-26.12539	0.00000	0.30000	740.00000	0.00000	0.00000	0.00000
-659.21982	549.40222	137.00000	759.98958	-26.02067	0.00000	0.30000	760.00000	-0.00000	0.00000	0.00000
-675.60287	560.87375	137.00000	779.98931	-25.91595	0.00000	0.30000	780.00000	0.00000	0.00000	0.00000
-691.98591	572.34528	137.00000	799.98903	-25.81123	0.00000	0.30000	800.00000	0.00000	0.00000	0.00000
-708.36895	583.81681	137.00000	819.98876	-25.70651	0.00000	0.30000	820.00000	-0.00000	0.00000	0.00000
-724.75199	595.28833	137.00000	839.98849	-25.60179	0.00000	0.30000	840.00000	-0.00000	0.00000	0.00000
-741.13503	606.75986	137.00000	859.98821	-25.49707	0.00000	0.30000	860.00000	-0.00000	0.00000	0.00000
-757.51807	618.23139	137.00000	879.98794	-25.39235	0.00000	0.30000	880.00000	-0.00000	0.00000	0.00000
-773.90111	629.70292	137.00000	899.98766	-25.28763	0.00000	0.30000	900.00000	-0.00000	0.00000	0.00000
-790.28415	641.17445	137.00000	919.98739	-25.18291	0.00000	0.30000	920.00000	-0.00000	0.00000	0.00000
-806.66719	652.64598	137.00000	939.98711	-25.07819	0.00000	0.30000	940.00000	-0.00000	0.00000	0.00000
-823.05023	664.11751	137.00000	959.98684	-24.97347	0.00000	0.30000	960.00000	-0.00000	0.00000	0.00000
-839.43327	675.58904	137.00000	979.98657	-24.86876	0.00000	0.30000	980.00000	-0.00000	0.00000	0.00000
-855.81632	687.06056	137.00000	999.98629	-24.76404	0.00000	0.30000	1000.00000	-0.00000	0.00000	0.00000
-872.19936	698.53209	137.00000	1019.98602	-24.65932	0.00000	0.30000	1020.00000	-0.00000	0.00000	0.00000
-888.58240	710.00362	137.00000	1039.98574	-24.55460	0.00000	0.30000	1040.00000	-0.00000	0.00000	0.00000
-904.96544	721.47515	137.00000	1059.98547	-24.44988	0.00000	0.30000	1060.00000	-0.00000	0.00000	0.00000
-921.34848	732.94668	137.00000	1079.98520	-24.34516	0.00000	0.30000	1080.00000	-0.00000	0.00000	0.00000
-937.73152	744.41821	137.00000	1099.98492	-24.24044	0.00000	0.30000	1100.00000	-0.00000	0.00000	0.00000
-954.11456	755.88974	137.00000	1119.98465	-24.13572	0.00000	0.30000	1120.00000	-0.00000	0.00000	0.00000
-970.49760	767.36127	137.00000	1139.98437	-24.03100	0.00000	0.30000	1140.00000	-0.00000	0.00000	0.00000
-986.88064	778.83279	137.00000	1159.98410	-23.92628	0.00000	0.30000	1160.00000	-0.00000	0.00000	0.00000
-1003.26368	790.30432	137.00000	1179.98382	-23.82156	0.00000	0.30000	1180.00000	-0.00000	0.00000	0.00000
-1019.64672	801.77585	137.00000	1199.98355	-23.71684	0.00000	0.30000	1200.00000	-0.00000	0.00000	0.00000
-1036.02977	813.24738	137.00000	1219.98328	-23.61212	0.00000	0.30000	1220.00000	-0.00000	0.00000	0.00000
-1052.41281	824.71891	137.00000	1239.98300	-23.50740	0.00000	0.30000	1240.00000	-0.00000	0.00000	0.00000
-1068.79585	836.19044	137.00000	1259.98273	-23.40269	0.00000	0.30000	1260.00000	0.00000	0.00000	0.00000
-1085.17889	847.66197	137.00000	1279.98245	-23.29797	0.00000	0.30000	1280.00000	-0.00000	0.00000	0.00000
-1101.56193	859.13349	137.00000	1299.98218	-23.19325	0.00000	0.30000	1300.00000	-0.00000	0.00000	0.00000
-1117.94497	870.60502	137.00000	1319.98191	-23.08853	0.00000	0.30000	1320.00000	-0.00000	0.00000	0.00000
-1134.32801	882.07655	137.00000	1339.98163	-22.98381	0.00000	0.30000	1340.00000	0.00000	0.00000	0.00000
-1150.71105	893.54808	137.00000	1359.98136	-22.87909	0.00000	0.30000	1360.00000	-0.00000	0.00000	0.00000
-1167.09409	905.01961	137.00000	1379.98108	-22.77437	0.00000	0.30000	1380.00000	-0.00000	0.00000	0.00000
-1183.47713	916.49114	137.00000	1399.98081	-22.66965	0.00000	0.30000	1400.00000	-0.00000	0.00000	0.00000
-1199.86017	927.96267	137.00000	1419.98053	-22.56493	0.00000	0.30000	1420.00000	-0.00000	0.00000	0.00000
-1216.24322	939.43420	137.00000	1439.98026	-22.46021	0.00000	0.30000	1440.00000	-0.00000	0.00000	0.00000
-1232.62626	950.90572	137.00000	1459.97999	-22.35549	0.00000	0.30000	1460.00000	0.00000	0.00000	0.00000
-1249.00930	962.37725	137.00000	1479.97971	-22.25077	0.00000	0.30000	1480.00000	0.00000	0.00000	0.00000
-1265.39234	973.84878	137.00000	1499.97944	-22.14605	0.00000	0.30000	1500.00000	-0.00000	0.00000	0.00000
-1281.77538	985.32031	137.00000	1519.97916	-22.04133	0.00000	0.30000	1520.00000	-0.00000	0.00000	0.00000
-1298.15842	996.79184	137.00000	1539.97889	-21.93662	0.00000	0.30000	1540.00000	-0.00000	0.00000	0.00000
-1314.54146	1008.26337	137.00000	1559.97862	-21.83190	0.00000	0.30000	1560.00000	-0.00000	0.00000	0.00000
-1330.92450	1019.73490	137.00000	1579.97834	-21.72718	0.00000	0.30000	1580.00000	-0.00000	0.00000	0.00000
-1347.30754	1031.20643	137.00000	1599.97807	-21.62246	0.00000	0.30000	1600.00000	0.00000	0.00000	0.00000
-1363.69058	1042.67795	137.00000	1619.97779	-21.51774	0.00000	0.30000	1620.00000	-0.00000	0.00000	0.00000
-1380.07362	1054.14948	137.00000	1639.97752	-21.41302	0.00000	0.30000	1640.00000	-0.00000	0.00000	0.00000
-1396.45666	1065.62101	137.00000	1659.97725	-21.30830	0.00000	0.30000	1660.00000	-0.00000	0.00000	0.00000
-1412.83971	1077.09254	137.00000	1679.97697	-21.20358	0.00000	0.30000	1680.00000	0.00000	0.00000	0.00000
-1429.22275	1088.56407	137.00000	1699.97670	-21.09886	0.00000	0.30000	1700.00000	-0.00000	0.00000	0.00000
-1445.60579	1100.03560	137.00000	1719.97642	-20.99414	0.00000	0.30000	1720.00000	-0.00000	0.00000	0.00000
-1461.98883	1111.50713	137.00000	1739.97615	-20.88942	0.00000	0.30000	1740.00000	0.00000	0.00000	0.00000
-1478.37187	1122.97866	137.00000	1759.97587	-20.78470	0.00000	0.30000	1760.00000	-0.00000	0.00000	0.00000
-1494.75491	1134.45018	137.00000	1779.97560	-20.67998	0.00000	0.30000	1780.00000	-0.00000	0.00000	0.00000
-1511.13795	1145.92171	137.00000	1799.97533	-20.57527	0.00000	0.30000	1800.00000	0.00000	0.00000	0.00000
-1527.52099	1157.39324	137.00000	1819.97505	-20.47055	0.00000	0.30000	1820.00000	-0.00000	0.00000	0.00000
-1543.90403	1168.86477	137.00000	1839.97478	-20.36583	0.00000	0.30000	1840.00000	-0.00000	0.00000	0.00000
-1560.28707	1180.33630	137.00000	1859.97450	-20.26111	0.00000	0.30000	1860.00000	-0.00000	0.00000	0.00000
-1576.67011	1191.80783	137.00000	1879.97423	-20.15639	0.00000	0.30000	1880.00000	-0.00000	0.00000	0.00000
-1593.05316	1203.27936	137.00000	1899.97396	-20.05167	0.00000	0.30000	1900.00000	0.00000	0.00000	0.00000
-1609.43620	1214.75089	137.00000	1919.97368	-19.94695	0.00000	0.30000	1920.00000	0.00000	0.00000	0.00000
-1625.81924	1226.22241	137.00000	1939.97341	-19.84223	0.00000	0.30000	1940.00000	0.00000	0.00000	0.00000
-1642.20228	1237.69394	137.00000	1959.97313	-19.73751	0.00000	0.30000	1960.00000	-0.00000	0.00000	0.00000
-1658.58532	1249.16547	137.00000	1979.97286	-19.63279	0.00000	0.30000	1980.00000	0.00000	0.00000	0.00000
-1674.96836	1260.63700	137.00000	1999.97258	-19.52807	0.00000	0.30000	2000.00000	-0.00000	0.00000	0.00000
-1691.35140	1272.10853	137.00000	2019.97231	-19.42335	0.00000	0.30000	2020.00000	-0.00000	0.00000	0.00000
-1707.73444	1283.58006	137.00000	2039.97204	-19.31863	0.00000	0.30000	2040.00000	-0.00000	0.00000	0.00000
-1724.11748	1295.05159	137.00000	2059.97176	-19.21391	0.00000	0.30000	2060.00000	0.00000	0.00000	0.00000
-1740.50052	1306.52312	137.00000	2079.97149	-19.10920	0.00000	0.30000	2080.00000	-0.00000	0.00000	0.00000
-1756.88356	1317.99464	137.00000	2099.97121	-19.00448	0.00000	0.30000	2100.00000	-0.00000	0.00000	0.00000
-1773.26661	1329.46617	137.00000	2119.97094	-18.89976	0.00000	0.30000	2120.00000	-0.00000	0.00000	0.00000
-1789.64965	1340.93770	137.00000	2139.97067	-18.79504	0.00000	0.30000	2140.00000	0.00000	0.00000	0.00000
-1806.03269	1352.40923	137.00000	2159.97039	-18.69032	0.00000	0.30000	2160.00000	-0.00000	0.00000	0.00000
-1822.41573	1363.88076	137.00000	2179.97012	-18.58560	0.00000	0.30000	2180.00000	0.00000	0.00000	0.00000
-1838.79877	1375.35229	137.00000	2199.96984	-18.48088	0.00000	0.30000	2200.00000	-0.00000	0.00000	0.00000
-1855.18181	1386.82382	137.00000	2219.96957	-18.37616	0.00000	0.30000	2220.00000	0.00000	0.00000	0.00000
-1871.56485	1398.29535	137.00000	2239.96929	-18.27144	0.00000	0.30000	2240.00000	-0.00000	0.00000	0.00000
-1887.94789	1409.76687	137.00000	2259.96902	-18.16672	0.00000	0.30000	2260.00000	0.00000	0.00000	0.00000
-1904.33093	1421.23840	137.00000	2279.96875	-18.06200	0.00000	0.30000	2280.00000	-0.00000	0.00000	0.00000
-1920.71397	1432.70993	137.00000	2299.96847	-17.95728	0.00000	0.30000	2300.00000	-0.00000	0.00000	0.00000
-1937.09701	1444.18146	137.00000	2319.96820	-17.85256	0.00000	0.30000	2320.00000	0.00000	0.00000	0.00000
-1953.48005	1455.65299	137.00000	2339.96792	-17.74784	0.00000	0.30000	2340.00000	-0.00000	0.00000	0.00000
-1969.86310	1467.12452	137.00000	2359.96765	-17.64313	0.00000	0.30000	2360.00000	0.00000	0.00000	0.00000
-1986.24614	1478.59605	137.00000	2379.96738	-17.53841	0.00000	0.30000	2380.00000	0.00000	0.00000	0.00000
-2002.62918	1490.06757	137.00000	2399.96710	-17.43369	0.00000	0.30000	2400.00000	-0.00000	0.00000	0.00000
-2019.01222	1501.53910	137.00000	2419.96683	-17.32897	0.00000	0.30000	2420.00000	0.00000	0.00000	0.00000
-2035.39526	1513.01063	137.00000	2439.96655	-17.22425	0.00000	0.30000	2440.00000	-0.00000	0.00000	0.00000
-2051.77830	1524.48216	137.00000	2459.96628	-17.11953	0.00000	0.30000	2460.00000	0.00000	0.00000	0.00000
-2068.16134	1535.95369	137.00000	2479.96600	-17.01481	0.00000	0.30000	2480.00000	0.00000	0.00000	0.00000
-2084.54438	1547.42522	137.00000	2499.96573	-16.91009	0.00000	0.30000	2500.00000	-0.00000	0.00000	0.00000
-2100.92742	1558.89675	137.00000	2519.96546	-16.80537	0.00000	0.30000	2520.00000	0.00000	0.00000	0.00000
-2117.31046	1570.36828	137.00000	2539.96518	-16.70065	0.00000	0.30000	2540.00000	-0.00000	0.00000	0.00000
-2133.69350	1581.83980	137.00000	2559.96491	-16.59593	0.00000	0.30000	2560.00000	-0.00000	0.00000	0.00000
-2150.07655	1593.31133	137.00000	2579.96463	-16.49121	0.00000	0.30000	2580.00000	0.00000	0.00000	0.00000
-2166.45959	1604.78286	137.00000	2599.96436	-16.38649	0.00000	0.30000	2600.00000	-0.00000	0.00000	0.00000
-2182.84263	1616.25439	137.00000	2619.96409	-16.28177	0.00000	0.30000	2620.00000	-0.00000	0.00000	0.00000
-2199.22567	1627.72592	137.00000	2639.96381	-16.17706	0.00000	0.30000	2640.00000	-0.00000	0.00000	0.00000
-2215.60871	1639.19745	137.00000	2659.96354	-16.07234	0.00000	0.30000	2660.00000	0.00000	0.00000	0.00000
-2231.99175	1650.66898	137.00000	2679.96326	-15.96762	0.00000	0.30000	2680.00000	0.00000	0.00000	0.00000
-2248.37479	1662.14051	137.00000	2699.96299	-15.86290	0.00000	0.30000	2700.00000	0.00000	0.00000	0.00000
-2264.75783	1673.61203	137.00000	2719.96271	-15.75818	0.00000	0.30000	2720.00000	0.00000	0.00000	0.00000
-2281.14087	1685.08356	137.00000	2739.96244	-15.65346	0.00000	0.30000	2740.00000	-0.00000	0.00000	0.00000
-2297.52391	1696.55509	137.00000	2759.96217	-15.54874	0.00000	0.30000	2760.00000	-0.00000	0.00000	0.00000
-2313.90695	1708.02662	137.00000	2779.96189	-15.44402	0.00000	0.30000	2780.00000	0.00000	0.00000	0.00000
-2330.29000	1719.49815	137.00000	2799.96162	-15.33930	0.00000	0.30000	2800.00000	-0.00000	0.00000	0.00000
-2346.67304	1730.96968	137.00000	2819.96134	-15.23458	0.00000	0.30000	2820.00000	-0.00000	0.00000	0.00000
-2363.05608	1742.44121	137.00000	2839.96107	-15.12986	0.00000	0.30000	2840.00000	-0.00000	0.00000	0.00000
-2379.43912	1753.91274	137.00000	2859.96080	-15.02514	0.00000	0.30000	2860.00000	-0.00000	0.00000	0.00000
-2395.82216	1765.38426	137.00000	2879.96052	-14.92042	0.00000	0.30000	2880.00000	0.00000	0.00000	0.00000
-2412.20520	1776.85579	137.00000	2899.96025	-14.81570	0.00000	0.30000	2900.00000	0.00000	0.00000	0.00000
-2428.58824	1788.32732	137.00000	2919.95997	-14.71099	0.00000	0.30000	2920.00000	0.00000	0.00000	0.00000
-2444.97128	1799.79885	137.00000	2939.95970	-14.60627	0.00000	0.30000	2940.00000	0.00000	0.00000	0.00000
-2461.35432	1811.27038	137.00000	2959.95943	-14.50155	0.00000	0.30000	2960.00000	0.00000	0.00000	0.00000
-2477.73736	1822.74191	137.00000	2979.95915	-14.39683	0.00000	0.30000	2980.00000	0.00000	0.00000	0.00000
-2494.12040	1834.21344	137.00000	2999.95888	-14.29211	0.00000	0.30000	3000.00000	-0.00000	0.00000	0.00000
-2510.50345	1845.68497	137.00000	3019.95860	-14.18739	0.00000	0.30000	3020.00000	-0.00000	0.00000	0.00000
-2526.88649	1857.15649	137.00000	3039.95833	-14.08267	0.00000	0.30000	3040.00000	-0.00000	0.00000	0.00000
-2543.26953	1868.62802	137.00000	3059.95805	-13.97795	0.00000	0.30000	3060.00000	-0.00000	0.00000	0.00000
-2559.65257	1880.09955	137.00000	3079.95778	-13.87323	0.00000	0.30000	3080.00000	-0.00000	0.00000	0.00000
-2576.03561	1891.57108	137.00000	3099.95751	-13.76851	0.00000	0.30000	3100.00000	-0.00000	0.00000	0.00000
-2592.41865	1903.04261	137.00000	3119.95723	-13.66379	0.00000	0.30000	3120.00000	0.00000	0.00000	0.00000
-2608.80169	1914.51414	137.00000	3139.95696	-13.55907	0.00000	0.30000	3140.00000	0.00000	0.00000	0.00000
-2625.18473	1925.98567	137.00000	3159.95668	-13.45435	0.00000	0.30000	3160.00000	0.00000	0.00000	0.00000
-2641.56777	1937.45720	137.00000	3179.95641	-13.34964	0.00000	0.30000	3180.00000	0.00000	0.00000	0.00000
-2657.95081	1948.92872	137.00000	3199.95614	-13.24492	0.00000	0.30000	3200.00000	0.00000	0.00000	0.00000
-2674.33385	1960.40025	137.00000	3219.95586	-13.14020	0.00000	0.30000	3220.00000	0.00000	0.00000	0.00000
-2690.71689	1971.87178	137.00000	3239.95559	-13.03548	0.00000	0.30000	3240.00000	-0.00000	0.00000	0.00000
-2707.09994	1983.34331	137.00000	3259.95531	-12.93076	0.00000	0.30000	3260.00000	-0.00000	0.00000	0.00000
-2723.48298	1994.81484	137.00000	3279.95504	-12.82604	0.00000	0.30000	3280.00000	-0.00000	0.00000	0.00000
-2739.86602	2006.28637	137.00000	3299.95476	-12.72132	0.00000	0.30000	3300.00000	-0.00000	0.00000	0.00000
-2756.24906	2017.75790	137.00000	3319.95449	-12.61660	0.00000	0.30000	3320.00000	-0.00000	0.00000	0.00000
-2772.63210	2029.22943	137.00000	3339.95422	-12.51188	0.00000	0.30000	3340.00000	0.00000	0.00000	0.00000
-2789.01514	2040.70095	137.00000	3359.95394	-12.40716	0.00000	0.30000	3360.00000	0.00000	0.00000	0.00000
-2805.39818	2052.17248	137.00000	3379.95367	-12.30244	0.00000	0.30000	3380.00000	-0.00000	0.00000	0.00000
-2821.78122	2063.64401	137.00000	3399.95339	-12.19772	0.00000	0.30000	3400.00000	-0.00000	0.00000	0.00000
-2838.16426	2075.11554	137.00000	3419.95312	-12.09300	0.00000	0.30000	3420.00000	-0.00000	0.00000	0.00000
-2854.54730	2086.58707	137.00000	3439.95285	-11.98828	0.00000	0.30000	3440.00000	-0.00000	0.00000	0.00000
-2870.93034	2098.05860	137.00000	3459.95257	-11.88357	0.00000	0.30000	3460.00000	-0.00000	0.00000	0.00000
-2887.31339	2109.53013	137.00000	3479.95230	-11.77885	0.00000	0.30000	3480.00000	0.00000	0.00000	0.00000
-2903.69643	2121.00165	137.00000	3499.95202	-11.67413	0.00000	0.30000	3500.00000	-0.00000	0.00000	0.00000
-2920.07947	2132.47318	137.00000	3519.95175	-11.56941	0.00000	0.30000	3520.00000	-0.00000	0.00000	0.00000
-2936.46251	2143.94471	137.00000	3539.95147	-11.46469	0.00000	0.30000	3540.00000	-0.00000	0.00000	0.00000
-2952.84555	2155.41624	137.00000	3559.95120	-11.35997	0.00000	0.30000	3560.00000	-0.00000	0.00000	0.00000
-2969.22859	2166.88777	137.00000	3579.95093	-11.25525	0.00000	0.30000	3580.00000	0.00000	0.00000	0.00000
-2985.61163	2178.35930	137.00000	3599.95065	-11.15053	0.00000	0.30000	3600.00000	0.00000	0.00000	0.00000
-3001.99467	2189.83083	137.00000	3619.95038	-11.04581	0.00000	0.30000	3620.00000	0.00000	0.00000	0.00000
-3018.37771	2201.30236	137.00000	3639.95010	-10.94109	0.00000	0.30000	3640.00000	-0.00000	0.00000	0.00000
-3034.76075	2212.77388	137.00000	3659.94983	-10.83637	0.00000	0.30000	3660.00000	-0.00000	0.00000	0.00000
-3051.14379	2224.24541	137.00000	3679.94956	-10.73165	0.00000	0.30000	3680.00000	-0.00000	0.00000	0.00000
-3067.52684	2235.71694	137.00000	3699.94928	-10.62693	0.00000	0.30000	3700.00000	0.00000	0.00000	0.00000
-3083.90988	2247.18847	137.00000	3719.94901	-10.52221	0.00000	0.30000	3720.00000	-0.00000	0.00000	0.00000
-3100.29292	2258.66000	137.00000	3739.94873	-10.41750	0.00000	0.30000	3740.00000	-0.00000	0.00000	0.00000
-3116.67596	2270.13153	137.00000	3759.94846	-10.31278	0.00000	0.30000	3760.00000	-0.00000	0.00000	0.00000
-3133.05900	2281.60306	137.00000	3779.94818	-10.20806	0.00000	0.30000	3780.00000	-0.00000	0.00000	0.00000
-3149.44204	2293.07459	137.00000	3799.94791	-10.10334	0.00000	0.30000	3800.00000	0.00000	0.00000	0.00000
-3165.82508	2304.54611	137.00000	3819.94764	-9.99862	0.00000	0.30000	3820.00000	0.00000	0.00000	0.00000
-3182.20812	2316.01764	137.00000	3839.94736	-9.89390	0.00000	0.30000	3840.00000	0.00000	0.00000	0.00000
-3198.59116	2327.48917	137.00000	3859.94709	-9.78918	0.00000	0.30000	3860.00000	0.00000	0.00000	0.00000
-3214.97420	2338.96070	137.00000	3879.94681	-9.68446	0.00000	0.30000	3880.00000	0.00000	0.00000	0.00000
-3231.35724	2350.43223	137.00000	3899.94654	-9.57974	0.00000	0.30000	3900.00000	-0.00000	0.00000	0.00000
-3247.74028	2361.90376	137.00000	3919.94627	-9.47502	0.00000	0.30000	3920.00000	-0.00000	0.00000	0.00000
-3264.12333	2373.37529	137.00000	3939.94599	-9.37030	0.00000	0.30000	3940.00000	-0.00000	0.00000	0.00000
-3280.50637	2384.84682	137.00000	3959.94572	-9.26558	0.00000	0.30000	3960.00000	0.00000	0.00000	0.00000
-3296.88941	2396.31834	137.00000	3979.94544	-9.16086	0.00000	0.30000	3980.00000	-0.00000	0.00000	0.00000
-3313.27245	2407.78987	137.00000	3999.94517	-9.05614	0.00000	0.30000	4000.00000	-0.00000	0.00000	0.00000
-3329.65549	2419.26140	137.00000	4019.94489	-8.95143	0.00000	0.30000	4020.00000	-0.00000	0.00000	0.00000
-3346.03853	2430.73293	137.00000	4039.94462	-8.84671	0.00000	0.30000	4040.00000	-0.00000	0.00000	0.00000
-3362.42157	2442.20446	137.00000	4059.94435	-8.74199	0.00000	0.30000	4060.00000	0.00000	0.00000	0.00000
-3378.80461	2453.67599	137.00000	4079.94407	-8.63727	0.00000	0.30000	4080.00000	-0.00000	0.00000	0.00000
-3395.18765	2465.14752	137.00000	4099.94380	-8.53255	0.00000	0.30000	4100.00000	0.00000	0.00000	0.00000
-3411.57069	2476.61905	137.00000	4119.94352	-8.42783	0.00000	0.30000	4120.00000	0.00000	0.00000	0.00000
-3427.95373	2488.09057	137.00000	4139.94325	-8.32311	0.00000	0.30000	4140.00000	0.00000	0.00000	0.00000
-3444.33678	2499.56210	137.00000	4159.94298	-8.21839	0.00000	0.30000	4160.00000	-0.00000	0.00000	0.00000
-3460.71982	2511.03363	137.00000	4179.94270	-8.11367	0.00000	0.30000	4180.00000	-0.00000	0.00000	0.00000
-3477.10286	2522.50516	137.00000	4199.94243	-8.00895	0.00000	0.30000	4200.00000	-0.00000	0.00000	0.00000
-3493.48590	2533.97669	137.00000	4219.94215	-7.90423	0.00000	0.30000	4220.00000	0.00000	0.00000	0.00000
-3509.86894	2545.44822	137.00000	4239.94188	-7.79951	0.00000	0.30000	4240.00000	-0.00000	0.00000	0.00000
-3526.25198	2556.91975	137.00000	4259.94160	-7.69479	0.00000	0.30000	4260.00000	0.00000	0.00000	0.00000
-3542.63502	2568.39128	137.00000	4279.94133	-7.59007	0.00000	0.30000	4280.00000	0.00000	0.00000	0.00000
-3559.01806	2579.86280	137.00000	4299.94106	-7.48536	0.00000	0.30000	4300.00000	-0.00000	0.00000	0.00000
-3575.40110	2591.33433	137.00000	4319.94078	-7.38064	0.00000	0.30000	4320.00000	-0.00000	0.00000	0.00000
-3591.78414	2602.80586	137.00000	4339.94051	-7.27592	0.00000	0.30000	4340.00000	-0.00000	0.00000	0.00000
-3608.16718	2614.27739	137.00000	4359.94023	-7.17120	0.00000	0.30000	4360.00000	0.00000	0.00000	0.00000
-3624.55023	2625.74892	137.00000	4379.93996	-7.06648	0.00000	0.30000	4380.00000	0.00000	0.00000	0.00000
-3640.93327	2637.22045	137.00000	4399.93969	-6.96176	0.00000	0.30000	4400.00000	-0.00000	0.00000	0.00000
-3657.31631	2648.69198	137.00000	4419.93941	-6.85704	0.00000	0.30000	4420.00000	-0.00000	0.00000	0.00000
-3673.69935	2660.16351	137.00000	4439.93914	-6.75232	0.00000	0.30000	4440.00000	0.00000	0.00000	0.00000
-3690.08239	2671.63503	137.00000	4459.93886	-6.64760	0.00000	0.30000	4460.00000	-0.00000	0.00000	0.00000
-3706.46543	2683.10656	137.00000	4479.93859	-6.54288	0.00000	0.30000	4480.00000	-0.00000	0.00000	0.00000
-3722.84847	2694.57809	137.00000	4499.93832	-6.43816	0.00000	0.30000	4500.00000	0.00000	0.00000	0.00000
-3739.23151	2706.04962	137.00000	4519.93804	-6.33344	0.00000	0.30000	4520.00000	0.00000	0.00000	0.00000
-3755.61455	2717.52115	137.00000	4539.93777	-6.22872	0.00000	0.30000	4540.00000	0.00000	0.00000	0.00000
-3771.99759	2728.99268	137.00000	4559.93749	-6.12400	0.00000	0.30000	4560.00000	-0.00000	0.00000	0.00000
-3788.38063	2740.46421	137.00000	4579.93722	-6.01929	0.00000	0.30000	4580.00000	-0.00000	0.00000	0.00000
-3804.76367	2751.93573	137.00000	4599.93694	-5.91457	0.00000	0.30000	4600.00000	-0.00000	0.00000	0.00000
-3821.14672	2763.40726	137.00000	4619.93667	-5.80985	0.00000	0.30000	4620.00000	0.00000	0.00000	0.00000
-3837.52976	2774.87879	137.00000	4639.93640	-5.70513	0.00000	0.30000	4640.00000	0.00000	0.00000	0.00000
-3853.91280	2786.35032	137.00000	4659.93612	-5.60041	0.00000	0.30000	4660.00000	0.00000	0.00000	0.00000
-3870.29584	2797.82185	137.00000	4679.93585	-5.49569	0.00000	0.30000	4680.00000	-0.00000	0.00000	0.00000
-3886.67888	2809.29338	137.00000	4699.93557	-5.39097	0.00000	0.30000	4700.00000	-0.00000	0.00000	0.00000
-3903.06192	2820.76491	137.00000	4719.93530	-5.28625	0.00000	0.30000	4720.00000	0.00000	0.00000	0.00000
-3919.44496	2832.23644	137.00000	4739.93503	-5.18153	0.00000	0.30000	4740.00000	-0.00000	0.00000	0.00000
-3935.82800	2843.70796	137.00000	4759.93475	-5.07681	0.00000	0.30000	4760.00000	0.00000	0.00000	0.00000
-3952.21104	2855.17949	137.00000	4779.93448	-4.97209	0.00000	0.30000	4780.00000	0.00000	0.00000	0.00000
-3968.59408	2866.65102	137.00000	4799.93420	-4.86737	0.00000	0.30000	4800.00000	-0.00000	0.00000	0.00000
-3984.97712	2878.12255	137.00000	4819.93393	-4.76265	0.00000	0.30000	4820.00000	0.00000	0.00000	0.00000
-4001.36017	2889.59408	137.00000	4839.93365	-4.65794	0.00000	0.30000	4840.00000	0.00000	0.00000	0.00000
-4017.74321	2901.06561	137.00000	4859.93338	-4.55322	0.00000	0.30000	4860.00000	-0.00000	0.00000	0.00000
-4034.12625	2912.53714	137.00000	4879.93311	-4.44850	0.00000	0.30000	4880.00000	-0.00000	0.00000	0.00000
-4050.50929	2924.00867	137.00000	4899.93283	-4.34378	0.00000	0.30000	4900.00000	-0.00000	0.00000	0.00000
-4066.89233	2935.48019	137.00000	4919.93256	-4.23906	0.00000	0.30000	4920.00000	-0.00000	0.00000	0.00000
-4083.27537	2946.95172	137.00000	4939.93228	-4.13434	0.00000	0.30000	4940.00000	-0.00000	0.00000	0.00000
-4099.65841	2958.42325	137.00000	4959.93201	-4.02962	0.00000	0.30000	4960.00000	0.00000	0.00000	0.00000
-4116.04145	2969.89478	137.00000	4979.93174	-3.92490	0.00000	0.30000	4980.00000	-0.00000	0.00000	0.00000
-4132.42449	2981.36631	137.00000	4999.93146	-3.82018	0.00000	0.30000	5000.00000	0.00000	0.00000	0.00000
-4148.80753	2992.83784	137.00000	5019.93119	-3.71546	0.00000	0.30000	5020.00000	-0.00000	0.00000	0.00000
-4165.19057	3004.30937	137.00000	5039.93091	-3.61074	0.00000	0.30000	5040.00000	0.00000	0.00000	0.00000
-4181.57362	3015.78090	137.00000	5059.93064	-3.50602	0.00000	0.30000	5060.00000	-0.00000	0.00000	0.00000
-4197.95666	3027.25242	137.00000	5079.93036	-3.40130	0.00000	0.30000	5080.00000	-0.00000	0.00000	0.00000
-4214.33970	3038.72395	137.00000	5099.93009	-3.29658	0.00000	0.30000	5100.00000	0.00000	0.00000	0.00000
-4230.72274	3050.19548	137.00000	5119.92982	-3.19187	0.00000	0.30000	5120.00000	-0.00000	0.00000	0.00000
-4247.10578	3061.66701	137.00000	5139.92954	-3.08715	0.00000	0.30000	5140.00000	-0.00000	0.00000	0.00000
-4263.48882	3073.13854	137.00000	5159.92927	-2.98243	0.00000	0.30000	5160.00000	0.00000	0.00000	0.00000
-4279.87186	3084.61007	137.00000	5179.92899	-2.87771	0.00000	0.30000	5180.00000	0.00000	0.00000	0.00000
-4296.25490	3096.08160	137.00000	5199.92872	-2.77299	0.00000	0.30000	5200.00000	-0.00000	0.00000	0.00000
-4312.63794	3107.55313	137.00000	5219.92845	-2.66827	0.00000	0.30000	5220.00000	0.00000	0.00000	0.00000
-4329.02098	3119.02465	137.00000	5239.92817	-2.56355	0.00000	0.30000	5240.00000	-0.00000	0.00000	0.00000
-4345.40402	3130.49618	137.00000	5259.92790	-2.45883	0.00000	0.30000	5260.00000	-0.00000	0.00000	0.00000
-4361.78707	3141.96771	137.00000	5279.92762	-2.35411	0.00000	0.30000	5280.00000	-0.00000	0.00000	0.00000
-4378.17011	3153.43924	137.00000	5299.92735	-2.24939	0.00000	0.30000	5300.00000	0.00000	0.00000	0.00000
-4394.55315	3164.91077	137.00000	5319.92707	-2.14467	0.00000	0.30000	5320.00000	0.00000	0.00000	0.00000
-4410.93619	3176.38230	137.00000	5339.92680	-2.03995	0.00000	0.30000	5340.00000	0.00000	0.00000	0.00000
-4427.31923	3187.85383	137.00000	5359.92653	-1.93523	0.00000	0.30000	5360.00000	0.00000	0.00000	0.00000
-4443.70227	3199.32536	137.00000	5379.92625	-1.83051	0.00000	0.30000	5380.00000	-0.00000	0.00000	0.00000
-4460.08531	3210.79688	137.00000	5399.92598	-1.72580	0.00000	0.30000	5400.00000	0.00000	0.00000	0.00000
-4476.46835	3222.26841	137.00000	5419.92570	-1.62108	0.00000	0.30000	5420.00000	-0.00000	0.00000	0.00000
-4492.85139	3233.73994	137.00000	5439.92543	-1.51636	0.00000	0.30000	5440.00000	0.00000	0.00000	0.00000
-4509.23443	3245.21147	137.00000	5459.92516	-1.41164	0.00000	0.30000	5460.00000	-0.00000	0.00000	0.00000
-4525.61747	3256.68300	137.00000	5479.92488	-1.30692	0.00000	0.30000	5480.00000	-0.00000	0.00000	0.00000
-4542.00051	3268.15453	137.00000	5499.92461	-1.20220	0.00000	0.30000	5500.00000	-0.00000	0.00000	0.00000
-4558.38356	3279.62606	137.00000	5519.92433	-1.09748	0.00000	0.30000	5520.00000	-0.00000	0.00000	0.00000
-4574.76660	3291.09759	137.00000	5539.92406	-0.99276	0.00000	0.30000	5540.00000	0.00000	0.00000	0.00000
-4591.14964	3302.56911	137.00000	5559.92378	-0.88804	0.00000	0.30000	5560.00000	0.00000	0.00000	0.00000
-4607.53268	3314.04064	137.00000	5579.92351	-0.78332	0.00000	0.30000	5580.00000	0.00000	0.00000	0.00000
-4623.91572	3325.51217	137.00000	5599.92324	-0.67860	0.00000	0.30000	5600.00000	-0.00000	0.00000	0.00000
-4640.29876	3336.98370	137.00000	5619.92296	-0.57388	0.00000	0.30000	5620.00000	0.00000	0.00000	0.00000
-4656.68180	3348.45523	137.00000	5639.92269	-0.46916	0.00000	0.30000	5640.00000	-0.00000	0.00000	0.00000
-4673.06484	3359.92676	137.00000	5659.92241	-0.36444	0.00000	0.30000	5660.00000	-0.00000	0.00000	0.00000
-4689.44788	3371.39829	137.00000	5679.92214	-0.25973	0.00000	0.30000	5680.00000	-0.00000	0.00000	0.00000
-4705.83092	3382.86981	137.00000	5699.92187	-0.15501	0.00000	0.30000	5700.00000	0.00000	0.00000	0.00000
-4722.21396	3394.34134	137.00000	5719.92159	-0.05029	0.00000	0.30000	5720.00000	-0.00000	0.00000	0.00000
-4738.59701	3405.81287	137.00000	5739.92132	0.05443	0.00000	0.30000	5740.00000	0.00000	0.00000	0.00000
-4754.98005	3417.28440	137.00000	5759.92104	0.15915	0.00000	0.30000	5760.00000	0.00000	0.00000	0.00000
-4771.36309	3428.75593	137.00000	5779.92077	0.26387	0.00000	0.30000	5780.00000	-0.00000	0.00000	0.00000
-4787.74613	3440.22746	137.00000	5799.92050	0.36859	0.00000	0.30000	5800.00000	0.00000	0.00000	0.00000
-4804.12917	3451.69899	137.00000	5819.92022	0.47331	0.00000	0.30000	5820.00000	-0.00000	0.00000	0.00000
-4820.51221	3463.17052	137.00000	5839.91995	0.57803	0.00000	0.30000	5840.00000	0.00000	0.00000	0.00000
-4836.89525	3474.64204	137.00000	5859.91967	0.68275	0.00000	0.30000	5860.00000	0.00000	0.00000	0.00000
-4853.27829	3486.11357	137.00000	5879.91940	0.78747	0.00000	0.30000	5880.00000	0.00000	0.00000	0.00000
-4869.66133	3497.58510	137.00000	5899.91912	0.89219	0.00000	0.30000	5900.00000	-0.00000	0.00000	0.00000
-4886.04437	3509.05663	137.00000	5919.91885	0.99691	0.00000	0.30000	5920.00000	0.00000	0.00000	0.00000
-4902.42741	3520.52816	137.00000	5939.91858	1.10163	0.00000	0.30000	5940.00000	-0.00000	0.00000	0.00000
-4918.81046	3531.99969	137.00000	5959.91830	1.20634	0.00000	0.30000	5960.00000	0.00000	0.00000	0.00000
-4935.19350	3543.47122	137.00000	5979.91803	1.31106	0.00000	0.30000	5980.00000	-0.00000	0.00000	0.00000
-4951.57654	3554.94275	137.00000	5999.91775	1.41578	0.00000	0.30000	6000.00000	-0.00000	0.00000	0.00000
-4967.95958	3566.41427	137.00000	6019.91748	1.52050	0.00000	0.30000	6020.00000	0.00000	0.00000	0.00000
-4984.34262	3577.88580	137.00000	6039.91721	1.62522	0.00000	0.30000	6040.00000	-0.00000	0.00000	0.00000
-5000.72566	3589.35733	137.00000	6059.91693	1.72994	0.00000	0.30000	6060.00000	-0.00000	0.00000	0.00000
-5017.10870	3600.82886	137.00000	6079.91666	1.83466	0.00000	0.30000	6080.00000	-0.00000	0.00000	0.00000
-5033.49174	3612.30039	137.00000	6099.91638	1.93938	0.00000	0.30000	6100.00000	0.00000	0.00000	0.00000
-5049.87478	3623.77192	137.00000	6119.91611	2.04410	0.00000	0.30000	6120.00000	-0.00000	0.00000	0.00000
-5066.25782	3635.24345	137.00000	6139.91583	2.14882	0.00000	0.30000	6140.00000	0.00000	0.00000	0.00000
-5082.64086	3646.71498	137.00000	6159.91556	2.25354	0.00000	0.30000	6160.00000	-0.00000	0.00000	0.00000
-5099.02390	3658.18650	137.00000	6179.91529	2.35826	0.00000	0.30000	6180.00000	-0.00000	0.00000	0.00000
-5115.40695	3669.65803	137.00000	6199.91501	2.46298	0.00000	0.30000	6200.00000	-0.00000	0.00000	0.00000
-5131.78999	3681.12956	137.00000	6219.91474	2.56770	0.00000	0.30000	6220.00000	-0.00000	0.00000	0.00000
-5148.17303	3692.60109	137.00000	6239.91446	2.67241	0.00000	0.30000	6240.00000	0.00000	0.00000	0.00000
-5164.55607	3704.07262	137.00000	6259.91419	2.77713	0.00000	0.30000	6260.00000	0.00000	0.00000	0.00000
-5180.93911	3715.54415	137.00000	6279.91392	2.88185	0.00000	0.30000	6280.00000	0.00000	0.00000	0.00000
-5197.32215	3727.01568	137.00000	6299.91364	2.98657	0.00000	0.30000	6300.00000	-0.00000	0.00000	0.00000
-5213.70519	3738.48721	137.00000	6319.91337	3.09129	0.00000	0.30000	6320.00000	0.00000	0.00000	0.00000
-5230.08823	3749.95873	137.00000	6339.91309	3.19601	0.00000	0.30000	6340.00000	-0.00000	0.00000	0.00000
-5246.47127	3761.43026	137.00000	6359.91282	3.30073	0.00000	0.30000	6360.00000	0.00000	0.00000	0.00000
-5262.85431	3772.90179	137.00000	6379.91254	3.40545	0.00000	0.30000	6380.00000	0.00000	0.00000	0.00000
-5279.23735	3784.37332	137.00000	6399.91227	3.51017	0.00000	0.30000	6400.00000	0.00000	0.00000	0.00000
-5295.62040	3795.84485	137.00000	6419.91200	3.61489	0.00000	0.30000	6420.00000	-0.00000	0.00000	0.00000
-5312.00344	3807.31638	137.00000	6439.91172	3.71961	0.00000	0.30000	6440.00000	0.00000	0.00000	0.00000
-5328.38648	3818.78791	137.00000	6459.91145	3.82433	0.00000	0.30000	6460.00000	0.00000	0.00000	0.00000
-5344.76952	3830.25944	137.00000	6479.91117	3.92905	0.00000	0.30000	6480.00000	-0.00000	0.00000	0.00000
-5361.15256	3841.73096	137.00000	6499.91090	4.03376	0.00000	0.30000	6500.00000	0.00000	0.00000	0.00000
-5377.53560	3853.20249	137.00000	6519.91063	4.13848	0.00000	0.30000	6520.00000	-0.00000	0.00000	0.00000
-5393.91864	3864.67402	137.00000	6539.91035	4.24320	0.00000	0.30000	6540.00000	0.00000	0.00000	0.00000
-5410.30168	3876.14555	137.00000	6559.91008	4.34792	0.00000	0.30000	6560.00000	-0.00000	0.00000	0.00000
-5426.68472	3887.61708	137.00000	6579.90980	4.45264	0.00000	0.30000	6580.00000	-0.00000	0.00000	0.00000
-5443.06776	3899.08861	137.00000	6599.90953	4.55736	0.00000	0.30000	6600.00000	-0.00000	0.00000	0.00000
-5459.45080	3910.56014	137.00000	6619.90925	4.66208	0.00000	0.30000	6620.00000	-0.00000	0.00000	0.00000
-5475.83385	3922.03167	137.00000	6639.90898	4.76680	0.00000	0.30000	6640.00000	-0.00000	0.00000	0.00000
-5492.21689	3933.50319	137.00000	6659.90871	4.87152	0.00000	0.30000	6660.00000	0.00000	0.00000	0.00000
-5508.59993	3944.97472	137.00000	6679.90843	4.97624	0.00000	0.30000	6680.00000	0.00000	0.00000	0.00000
-5524.98297	3956.44625	137.00000	6699.90816	5.08096	0.00000	0.30000	6700.00000	-0.00000	0.00000	0.00000
-5541.36601	3967.91778	137.00000	6719.90788	5.18568	0.00000	0.30000	6720.00000	0.00000	0.00000	0.00000
-5557.74905	3979.38931	137.00000	6739.90761	5.29040	0.00000	0.30000	6740.00000	-0.00000	0.00000	0.00000
-5574.13209	3990.86084	137.00000	6759.90734	5.39512	0.00000	0.30000	6760.00000	0.00000	0.00000	0.00000
-5590.51513	4002.33237	137.00000	6779.90706	5.49983	0.00000	0.30000	6780.00000	0.00000	0.00000	0.00000
-5606.89817	4013.80389	137.00000	6799.90679	5.60455	0.00000	0.30000	6800.00000	0.00000	0.00000	0.00000
-5623.28121	4025.27542	137.00000	6819.90651	5.70927	0.00000	0.30000	6820.00000	-0.00000	0.00000	0.00000
-5639.66425	4036.74695	137.00000	6839.90624	5.81399	0.00000	0.30000	6840.00000	0.00000	0.00000	0.00000
-5656.04730	4048.21848	137.00000	6859.90596	5.91871	0.00000	0.30000	6860.00000	-0.00000	0.00000	0.00000
-5672.43034	4059.69001	137.00000	6879.90569	6.02343	0.00000	0.30000	6880.00000	-0.00000	0.00000	0.00000
-5688.81338	4071.16154	137.00000	6899.90542	6.12815	0.00000	0.30000	6900.00000	0.00000	0.00000	0.00000
-5705.19642	4082.63307	137.00000	6919.90514	6.23287	0.00000	0.30000	6920.00000	-0.00000	0.00000	0.00000
-5721.57946	4094.10460	137.00000	6939.90487	6.33759	0.00000	0.30000	6940.00000	0.00000	0.00000	0.00000
-5737.96250	4105.57612	137.00000	6959.90459	6.44231	0.00000	0.30000	6960.00000	-0.00000	0.00000	0.00000
-5754.34554	4117.04765	137.00000	6979.90432	6.54703	0.00000	0.30000	6980.00000	-0.00000	0.00000	0.00000
-5770.72858	4128.51918	137.00000	6999.90405	6.65175	0.00000	0.30000	7000.00000	-0.00000	0.00000	0.00000
-5787.11162	4139.99071	137.00000	7019.90377	6.75647	0.00000	0.30000	7020.00000	-0.00000	0.00000	0.00000
-5803.49466	4151.46224	137.00000	7039.90350	6.86119	0.00000	0.30000	7040.00000	-0.00000	0.00000	0.00000
-5819.87770	4162.93377	137.00000	7059.90322	6.96590	0.00000	0.30000	7060.00000	0.00000	0.00000	0.00000
-5836.26074	4174.40530	137.00000	7079.90295	7.07062	0.00000	0.30000	7080.00000	-0.00000	0.00000	0.00000
-5852.64379	4185.87683	137.00000	7099.90267	7.17534	0.00000	0.30000	7100.00000	-0.00000	0.00000	0.00000
-5869.02683	4197.34835	137.00000	7119.90240	7.28006	0.00000	0.30000	7120.00000	-0.00000	0.00000	0.00000
-5885.40987	4208.81988	137.00000	7139.90213	7.38478	0.00000	0.30000	7140.00000	-0.00000	0.00000	0.00000
-5901.79291	4220.29141	137.00000	7159.90185	7.48950	0.00000	0.30000	7160.00000	0.00000	0.00000	0.00000
-5918.17595	4231.76294	137.00000	7179.90158	7.59422	0.00000	0.30000	7180.00000	0.00000	0.00000	0.00000
-5934.55899	4243.23447	137.00000	7199.90130	7.69894	0.00000	0.30000	7200.00000	0.00000	0.00000	0.00000
-5950.94203	4254.70600	137.00000	7219.90103	7.80366	0.00000	0.30000	7220.00000	-0.00000	0.00000	0.00000
-5967.32507	4266.17753	137.00000	7239.90076	7.90838	0.00000	0.30000	7240.00000	0.00000	0.00000	0.00000
-5983.70811	4277.64906	137.00000	7259.90048	8.01310	0.00000	0.30000	7260.00000	-0.00000	0.00000	0.00000
-6000.09115	4289.12058	137.00000	7279.90021	8.11782	0.00000	0.30000	7280.00000	-0.00000	0.00000	0.00000
-6016.47419	4300.59211	137.00000	7299.89993	8.22254	0.00000	0.30000	7300.00000	-0.00000	0.00000	0.00000
-6032.85724	4312.06364	137.00000	7319.89966	8.32726	0.00000	0.30000	7320.00000	-0.00000	0.00000	0.00000
-6049.24028	4323.53517	137.00000	7339.89939	8.43197	0.00000	0.30000	7340.00000	-0.00000	0.00000	0.00000
-6065.62332	4335.00670	137.00000	7359.89911	8.53669	0.00000	0.30000	7360.00000	-0.00000	0.00000	0.00000
-6082.00636	4346.47823	137.00000	7379.89884	8.64141	0.00000	0.30000	7380.00000	0.00000	0.00000	0.00000
-6098.38940	4357.94976	137.00000	7399.89856	8.74613	0.00000	0.30000	7400.00000	0.00000	0.00000	0.00000
-6114.77244	4369.42129	137.00000	7419.89829	8.85085	0.00000	0.30000	7420.00000	0.00000	0.00000	0.00000
-6131.15548	4380.89281	137.00000	7439.89801	8.95557	0.00000	0.30000	7440.00000	-0.00000	0.00000	0.00000
-6147.53852	4392.36434	137.00000	7459.89774	9.06029	0.00000	0.30000	7460.00000	0.00000	0.00000	0.00000
-6163.92156	4403.83587	137.00000	7479.89747	9.16501	0.00000	0.30000	7480.00000	-0.00000	0.00000	0.00000
-6180.30460	4415.30740	137.00000	7499.89719	9.26973	0.00000	0.30000	7500.00000	-0.00000	0.00000	0.00000
-6196.68764	4426.77893	137.00000	7519.89692	9.37445	0.00000	0.30000	7520.00000	-0.00000	0.00000	0.00000
-6213.07069	4438.25046	137.00000	7539.89664	9.47917	0.00000	0.30000	7540.00000	0.00000	0.00000	0.00000
-6229.45373	4449.72199	137.00000	7559.89637	9.58389	0.00000	0.30000	7560.00000	-0.00000	0.00000	0.00000
-6245.83677	4461.19352	137.00000	7579.89610	9.68861	0.00000	0.30000	7580.00000	-0.00000	0.00000	0.00000
-6262.21981	4472.66504	137.00000	7599.89582	9.79333	0.00000	0.30000	7600.00000	0.00000	0.00000	0.00000
-6278.60285	4484.13657	137.00000	7619.89555	9.89804	0.00000	0.30000	7620.00000	-0.00000	0.00000	0.00000
-6294.98589	4495.60810	137.00000	7639.89527	10.00276	0.00000	0.30000	7640.00000	0.00000	0.00000	0.00000
-6311.36893	4507.07963	137.00000	7659.89500	10.10748	0.00000	0.30000	7660.00000	0.00000	0.00000	0.00000
-6327.75197	4518.55116	137.00000	7679.89472	10.21220	0.00000	0.30000	7680.00000	0.00000	0.00000	0.00000
-6344.13501	4530.02269	137.00000	7699.89445	10.31692	0.00000	0.30000	7700.00000	0.00000	0.00000	0.00000
-6360.51805	4541.49422	137.00000	7719.89418	10.42164	0.00000	0.30000	7720.00000	0.00000	0.00000	0.00000
-6376.90109	4552.96575	137.00000	7739.89390	10.52636	0.00000	0.30000	7740.00000	-0.00000	0.00000	0.00000
-6393.28413	4564.43727	137.00000	7759.89363	10.63108	0.00000	0.30000	7760.00000	0.00000	0.00000	0.00000
-6409.66718	4575.90880	137.00000	7779.89335	10.73580	0.00000	0.30000	7780.00000	-0.00000	0.00000	0.00000
-6426.05022	4587.38033	137.00000	7799.89308	10.84052	0.00000	0.30000	7800.00000	-0.00000	0.00000	0.00000
-6442.43326	4598.85186	137.00000	7819.89281	10.94524	0.00000	0.30000	7820.00000	-0.00000	0.00000	0.00000
-6458.81630	4610.32339	137.00000	7839.89253	11.04996	0.00000	0.30000	7840.00000	-0.00000	0.00000	0.00000
-6475.19934	4621.79492	137.00000	7859.89226	11.15468	0.00000	0.30000	7860.00000	-0.00000	0.00000	0.00000
-6491.58238	4633.26645	137.00000	7879.89198	11.25939	0.00000	0.30000	7880.00000	-0.00000	0.00000	0.00000
-6507.96542	4644.73797	137.00000	7899.89171	11.36411	0.00000	0.30000	7900.00000	0.00000	0.00000	0.00000
-6524.34846	4656.20950	137.00000	7919.89143	11.46883	0.00000	0.30000	7920.00000	0.00000	0.00000	0.00000
-6540.73150	4667.68103	137.00000	7939.89116	11.57355	0.00000	0.30000	7940.00000	0.00000	0.00000	0.00000
-6557.11454	4679.15256	137.00000	7959.89089	11.67827	0.00000	0.30000	7960.00000	-0.00000	0.00000	0.00000
-6573.49758	4690.62409	137.00000	7979.89061	11.78299	0.00000	0.30000	7980.00000	0.00000	0.00000	0.00000
-6589.88063	4702.09562	137.00000	7999.89034	11.88771	0.00000	0.30000	8000.00000	-0.00000	0.00000	0.00000
-6606.26367	4713.56715	137.00000	8019.89006	11.99243	0.00000	0.30000	8020.00000	-0.00000	0.00000	0.00000
-6622.64671	4725.03868	137.00000	8039.88979	12.09715	0.00000	0.30000	8040.00000	-0.00000	0.00000	0.00000
-6639.02975	4736.51020	137.00000	8059.88952	12.20187	0.00000	0.30000	8060.00000	-0.00000	0.00000	0.00000
-6655.41279	4747.98173	137.00000	8079.88924	12.30659	0.00000	0.30000	8080.00000	-0.00000	0.00000	0.00000
-6671.79583	4759.45326	137.00000	8099.88897	12.41131	0.00000	0.30000	8100.00000	-0.00000	0.00000	0.00000
-6688.17887	4770.92479	137.00000	8119.88869	12.51603	0.00000	0.30000	8120.00000	0.00000	0.00000	0.00000
-6704.56191	4782.39632	137.00000	8139.88842	12.62075	0.00000	0.30000	8140.00000	-0.00000	0.00000	0.00000
-6720.94495	4793.86785	137.00000	8159.88814	12.72546	0.00000	0.30000	8160.00000	-0.00000	0.00000	0.00000
-6737.32799	4805.33938	137.00000	8179.88787	12.83018	0.00000	0.30000	8180.00000	0.00000	0.00000	0.00000
-6753.71103	4816.81091	137.00000	8199.88760	12.93490	0.00000	0.30000	8200.00000	0.00000	0.00000	0.00000
-6770.09408	4828.28243	137.00000	8219.88732	13.03962	0.00000	0.30000	8220.00000	0.00000	0.00000	0.00000
-6786.47712	4839.75396	137.00000	8239.88705	13.14434	0.00000	0.30000	8240.00000	0.00000	0.00000	0.00000
-6802.86016	4851.22549	137.00000	8259.88677	13.24906	0.00000	0.30000	8260.00000	-0.00000	0.00000	0.00000
-6819.24320	4862.69702	137.00000	8279.88650	13.35378	0.00000	0.30000	8280.00000	0.00000	0.00000	0.00000
-6835.62624	4874.16855	137.00000	8299.88623	13.45850	0.00000	0.30000	8300.00000	0.00000	0.00000	0.00000
-6852.00928	4885.64008	137.00000	8319.88595	13.56322	0.00000	0.30000	8320.00000	-0.00000	0.00000	0.00000
-6868.39232	4897.11161	137.00000	8339.88568	13.66794	0.00000	0.30000	8340.00000	0.00000	0.00000	0.00000
-6884.77536	4908.58314	137.00000	8359.88540	13.77266	0.00000	0.30000	8360.00000	-0.00000	0.00000	0.00000
-6901.15840	4920.05466	137.00000	8379.88513	13.87738	0.00000	0.30000	8380.00000	-0.00000	0.00000	0.00000
-6917.54144	4931.52619	137.00000	8399.88485	13.98210	0.00000	0.30000	8400.00000	-0.00000	0.00000	0.00000
-6933.92448	4942.99772	137.00000	8419.88458	14.08682	0.00000	0.30000	8420.00000	-0.00000	0.00000	0.00000
-6950.30753	4954.46925	137.00000	8439.88431	14.19153	0.00000	0.30000	8440.00000	0.00000	0.00000	0.00000
-6966.69057	4965.94078	137.00000	8459.88403	14.29625	0.00000	0.30000	8460.00000	0.00000	0.00000	0.00000
-6983.07361	4977.41231	137.00000	8479.88376	14.40097	0.00000	0.30000	8480.00000	-0.00000	0.00000	0.00000
-6999.45665	4988.88384	137.00000	8499.88348	14.50569	0.00000	0.30000	8500.00000	0.00000	0.00000	0.00000
-7015.83969	5000.35537	137.00000	8519.88321	14.61041	0.00000	0.30000	8520.00000	0.00000	0.00000	0.00000
-7032.22273	5011.82689	137.00000	8539.88294	14.71513	0.00000	0.30000	8540.00000	-0.00000	0.00000	0.00000
-7048.60577	5023.29842	137.00000	8559.88266	14.81985	0.00000	0.30000	8560.00000	0.00000	0.00000	0.00000
-7064.98881	5034.76995	137.00000	8579.88239	14.92457	0.00000	0.30000	8580.00000	-0.00000	0.00000	0.00000
-7081.37185	5046.24148	137.00000	8599.88211	15.02929	0.00000	0.30000	8600.00000	-0.00000	0.00000	0.00000
-7097.75489	5057.71301	137.00000	8619.88184	15.13401	0.00000	0.30000	8620.00000	-0.00000	0.00000	0.00000
-7114.13793	5069.18454	137.00000	8639.88157	15.23873	0.00000	0.30000	8640.00000	-0.00000	0.00000	0.00000
-7130.52097	5080.65607	137.00000	8659.88129	15.34345	0.00000	0.30000	8660.00000	-0.00000	0.00000	0.00000
-7146.90402	5092.12760	137.00000	8679.88102	15.44817	0.00000	0.30000	8680.00000	-0.00000	0.00000	0.00000
-7163.28706	5103.59912	137.00000	8699.88074	15.55289	0.00000	0.30000	8700.00000	-0.00000	0.00000	0.00000
-7179.67010	5115.07065	137.00000	8719.88047	15.65760	0.00000	0.30000	8720.00000	0.00000	0.00000	0.00000
-7196.05314	5126.54218	137.00000	8739.88019	15.76232	0.00000	0.30000	8740.00000	0.00000	0.00000	0.00000
-7212.43618	5138.01371	137.00000	8759.87992	15.86704	0.00000	0.30000	8760.00000	0.00000	0.00000	0.00000
-7228.81922	5149.48524	137.00000	8779.87965	15.97176	0.00000	0.30000	8780.00000	0.00000	0.00000	0.00000
-7245.20226	5160.95677	137.00000	8799.87937	16.07648	0.00000	0.30000	8800.00000	-0.00000	0.00000	0.00000
-7261.58530	5172.42830	137.00000	8819.87910	16.18120	0.00000	0.30000	8820.00000	0.00000	0.00000	0.00000
-7277.96834	5183.89983	137.00000	8839.87882	16.28592	0.00000	0.30000	8840.00000	-0.00000	0.00000	0.00000
-7294.35138	5195.37135	137.00000	8859.87855	16.39064	0.00000	0.30000	8860.00000	0.00000	0.00000	0.00000
-7310.73442	5206.84288	137.00000	8879.87828	16.49536	0.00000	0.30000	8880.00000	0.00000	0.00000	0.00000
-7327.11747	5218.31441	137.00000	8899.87800	16.60008	0.00000	0.30000	8900.00000	-0.00000	0.00000	0.00000
-7343.50051	5229.78594	137.00000	8919.87773	16.70480	0.00000	0.30000	8920.00000	-0.00000	0.00000	0.00000
-7359.88355	5241.25747	137.00000	8939.87745	16.80952	0.00000	0.30000	8940.00000	-0.00000	0.00000	0.00000
-7376.26659	5252.72900	137.00000	8959.87718	16.91424	0.00000	0.30000	8960.00000	-0.00000	0.00000	0.00000
-7392.64963	5264.20053	137.00000	8979.87690	17.01896	0.00000	0.30000	8980.00000	0.00000	0.00000	0.00000
-7409.03267	5275.67205	137.00000	8999.87663	17.12367	0.00000	0.30000	9000.00000	0.00000	0.00000	0.00000
-7425.41571	5287.14358	137.00000	9019.87636	17.22839	0.00000	0.30000	9020.00000	-0.00000	0.00000	0.00000
-7441.79875	5298.61511	137.00000	9039.87608	17.33311	0.00000	0.30000	9040.00000	0.00000	0.00000	0.00000
-7458.18179	5310.08664	137.00000	9059.87581	17.43783	0.00000	0.30000	9060.00000	0.00000	0.00000	0.00000
-7474.56483	5321.55817	137.00000	9079.87553	17.54255	0.00000	0.30000	9080.00000	0.00000	0.00000	0.00000
-7490.94787	5333.02970	137.00000	9099.87526	17.64727	0.00000	0.30000	9100.00000	0.00000	0.00000	0.00000
-7507.33092	5344.50123	137.00000	9119.87499	17.75199	0.00000	0.30000	9120.00000	-0.00000	0.00000	0.00000
-7523.71396	5355.97276	137.00000	9139.87471	17.85671	0.00000	0.30000	9140.00000	-0.00000	0.00000	0.00000
-7540.09700	5367.44428	137.00000	9159.87444	17.96143	0.00000	0.30000	9160.00000	-0.00000	0.00000	0.00000
-7556.48004	5378.91581	137.00000	9179.87416	18.06615	0.00000	0.30000	9180.00000	-0.00000	0.00000	0.00000
-7572.86308	5390.38734	137.00000	9199.87389	18.17087	0.00000	0.30000	9200.00000	-0.00000	0.00000	0.00000
-7589.24612	5401.85887	137.00000	9219.87361	18.27559	0.00000	0.30000	9220.00000	0.00000	0.00000	0.00000
-7605.62916	5413.33040	137.00000	9239.87334	18.38031	0.00000	0.30000	9240.00000	0.00000	0.00000	0.00000
-7622.01220	5424.80193	137.00000	9259.87307	18.48503	0.00000	0.30000	9260.00000	0.00000	0.00000	0.00000
-7638.39524	5436.27346	137.00000	9279.87279	18.58974	0.00000	0.30000	9280.00000	0.00000	0.00000	0.00000
-7654.77828	5447.74499	137.00000	9299.87252	18.69446	0.00000	0.30000	9300.00000	0.00000	0.00000	0.00000
-7671.16132	5459.21651	137.00000	9319.87224	18.79918	0.00000	0.30000	9320.00000	0.00000	0.00000	0.00000
-7687.54436	5470.68804	137.00000	9339.87197	18.90390	0.00000	0.30000	9340.00000	0.00000	0.00000	0.00000
-7703.92741	5482.15957	137.00000	9359.87170	19.00862	0.00000	0.30000	9360.00000	-0.00000	0.00000	0.00000
-7720.31045	5493.63110	137.00000	9379.87142	19.11334	0.00000	0.30000	9380.00000	-0.00000	0.00000	0.00000
-7736.69349	5505.10263	137.00000	9399.87115	19.21806	0.00000	0.30000	9400.00000	-0.00000	0.00000	0.00000
-7753.07653	5516.57416	137.00000	9419.87087	19.32278	0.00000	0.30000	9420.00000	-0.00000	0.00000	0.00000
-7769.45957	5528.04569	137.00000	9439.87060	19.42750	0.00000	0.30000	9440.00000	0.00000	0.00000	0.00000
-7785.84261	5539.51722	137.00000	9459.87032	19.53222	0.00000	0.30000	9460.00000	0.00000	0.00000	0.00000
-7802.22565	5550.98874	137.00000	9479.87005	19.63694	0.00000	0.30000	9480.00000	-0.00000	0.00000	0.00000
-7818.60869	5562.46027	137.00000	9499.86978	19.74166	0.00000	0.30000	9500.00000	-0.00000	0.00000	0.00000
-7834.99173	5573.93180	137.00000	9519.86950	19.84638	0.00000	0.30000	9520.00000	0.00000	0.00000	0.00000
-7851.37477	5585.40333	137.00000	9539.86923	19.95109	0.00000	0.30000	9540.00000	0.00000	0.00000	0.00000
-7867.75781	5596.87486	137.00000	9559.86895	20.05581	0.00000	0.30000	9560.00000	0.00000	0.00000	0.00000
-7884.14086	5608.34639	137.00000	9579.86868	20.16053	0.00000	0.30000	9580.00000	-0.00000	0.00000	0.00000
-7900.52390	5619.81792	137.00000	9599.86841	20.26525	0.00000	0.30000	9600.00000	-0.00000	0.00000	0.00000
-7916.90694	5631.28945	137.00000	9619.86813	20.36997	0.00000	0.30000	9620.00000	-0.00000	0.00000	0.00000
-7933.28998	5642.76097	137.00000	9639.86786	20.47469	0.00000	0.30000	9640.00000	0.00000	0.00000	0.00000
-7949.67302	5654.23250	137.00000	9659.86758	20.57941	0.00000	0.30000	9660.00000	-0.00000	0.00000	0.00000
-7966.05606	5665.70403	137.00000	9679.86731	20.68413	0.00000	0.30000	9680.00000	0.00000	0.00000	0.00000
-7982.43910	5677.17556	137.00000	9699.86703	20.78885	0.00000	0.30000	9700.00000	-0.00000	0.00000	0.00000
-7998.82214	5688.64709	137.00000	9719.86676	20.89357	0.00000	0.30000	9720.00000	-0.00000	0.00000	0.00000
-8015.20518	5700.11862	137.00000	9739.86649	20.99829	0.00000	0.30000	9740.00000	-0.00000	0.00000	0.00000
-8031.58822	5711.59015	137.00000	9759.86621	21.10301	0.00000	0.30000	9760.00000	-0.00000	0.00000	0.00000
-8047.97126	5723.06168	137.00000	9779.86594	21.20773	0.00000	0.30000	9780.00000	0.00000	0.00000	0.00000
-8064.35431	5734.53320	137.00000	9799.86566	21.31245	0.00000	0.30000	9800.00000	-0.00000	0.00000	0.00000
-8080.73735	5746.00473	137.00000	9819.86539	21.41716	0.00000	0.30000	9820.00000	0.00000	0.00000	0.00000
-8097.12039	5757.47626	137.00000	9839.86512	21.52188	0.00000	0.30000	9840.00000	-0.00000	0.00000	0.00000
-8113.50343	5768.94779	137.00000	9859.86484	21.62660	0.00000	0.30000	9860.00000	0.00000	0.00000	0.00000
-8129.88647	5780.41932	137.00000	9879.86457	21.73132	0.00000	0.30000	9880.00000	-0.00000	0.00000	0.00000
-8146.26951	5791.89085	137.00000	9899.86429	21.83604	0.00000	0.30000	9900.00000	0.00000	0.00000	0.00000
-8162.65255	5803.36238	137.00000	9919.86402	21.94076	0.00000	0.30000	9920.00000	0.00000	0.00000	0.00000
-8179.03559	5814.83391	137.00000	9939.86374	22.04548	0.00000	0.30000	9940.00000	-0.00000	0.00000	0.00000
-8195.41863	5826.30543	137.00000	9959.86347	22.15020	0.00000	0.30000	9960.00000	-0.00000	0.00000	0.00000
-8211.80167	5837.77696	137.00000	9979.86320	22.25492	0.00000	0.30000	9980.00000	-0.00000	0.00000	0.00000
-8228.18471	5849.24849	137.00000	9999.86292	22.35964	0.00000	0.30000	10000.00000	-0.00000	0.00000	0.00000
-8244.56770	5860.72010	137.00000	10019.86265	22.46426	0.00000	0.29943	10020.00000	-0.00010	0.00000	-0.00057
-8260.95057	5872.19188	137.00000	10039.86238	22.56868	0.00000	0.29885	10040.00000	-0.00040	0.00000	-0.00115
-8277.33332	5883.66381	137.00000	10059.86210	22.67290	0.00000	0.29828	10060.00000	-0.00090	0.00000	-0.00172
-8293.71596	5895.13592	137.00000	10079.86183	22.77692	0.00000	0.29771	10080.00000	-0.00160	0.00000	-0.00229
-8310.09848	5906.60818	137.00000	10099.86156	22.88073	0.00000	0.29714	10100.00000	-0.00250	0.00000	-0.00286
-8326.48089	5918.08061	137.00000	10119.86130	22.98435	0.00000	0.29656	10120.00000	-0.00360	0.00000	-0.00344
-8342.86319	5929.55321	137.00000	10139.86103	23.08777	0.00000	0.29599	10140.00000	-0.00490	0.00000	-0.00401
-8359.24537	5941.02596	137.00000	10159.86076	23.19099	0.00000	0.29542	10160.00000	-0.00640	0.00000	-0.00458
-8375.62744	5952.49888	137.00000	10179.86050	23.29401	0.00000	0.29484	10180.00000	-0.00810	0.00000	-0.00516
-8392.00939	5963.97197	137.00000	10199.86023	23.39683	0.00000	0.29427	10200.00000	-0.01000	0.00000	-0.00573
-8408.39122	5975.44522	137.00000	10219.85997	23.49945	0.00000	0.29370	10220.00000	-0.01210	0.00000	-0.00630
-8424.77295	5986.91863	137.00000	10239.85971	23.60187	0.00000	0.29312	10240.00000	-0.01440	0.00000	-0.00688
-8441.15455	5998.39221	137.00000	10259.85945	23.70409	0.00000	0.29255	10260.00000	-0.01690	0.00000	-0.00745
-8457.53604	6009.86595	137.00000	10279.85919	23.80611	0.00000	0.29198	10280.00000	-0.01960	0.00000	-0.00802
-8473.91742	6021.33985	137.00000	10299.85893	23.90793	0.00000	0.29141	10300.00000	-0.02250	0.00000	-0.00859
-8490.29868	6032.81392	137.00000	10319.85867	24.00955	0.00000	0.29083	10320.00000	-0.02560	0.00000	-0.00917
-8506.67983	6044.28815	137.00000	10339.85841	24.11097	0.00000	0.29026	10340.00000	-0.02890	0.00000	-0.00974
-8523.06087	6055.76255	137.00000	10359.85816	24.21219	0.00000	0.28969	10360.00000	-0.03240	0.00000	-0.01031
-8539.44178	6067.23711	137.00000	10379.85790	24.31321	0.00000	0.28911	10380.00000	-0.03610	0.00000	-0.01089
-8555.82259	6078.71183	137.00000	10399.85765	24.41402	0.00000	0.28854	10400.00000	-0.04000	0.00000	-0.01146
-8572.20328	6090.18672	137.00000	10419.85740	24.51464	0.00000	0.28797	10420.00000	-0.04410	0.00000	-0.01203
-8588.58385	6101.66177	137.00000	10439.85714	24.61506	0.00000	0.28739	10440.00000	-0.04840	0.00000	-0.01261
-8604.96431	6113.13699	137.00000	10459.85689	24.71528	0.00000	0.28682	10460.00000	-0.05290	0.00000	-0.01318
-8621.34466	6124.61236	137.00000	10479.85664	24.81530	0.00000	0.28625	10480.00000	-0.05760	0.00000	-0.01375
-8637.72489	6136.08791	137.00000	10499.85640	24.91512	0.00000	0.28568	10500.00000	-0.06250	0.00000	-0.01432
-8654.10500	6147.56361	137.00000	10519.85615	25.01474	0.00000	0.28510	10520.00000	-0.06760	0.00000	-0.01490
-8670.48500	6159.03948	137.00000	10539.85590	25.11416	0.00000	0.28453	10540.00000	-0.07290	0.00000	-0.01547
-8686.86489	6170.51552	137.00000	10559.85566	25.21338	0.00000	0.28396	10560.00000	-0.07840	0.00000	-0.01604
-8703.24466	6181.99171	137.00000	10579.85541	25.31240	0.00000	0.28338	10580.00000	-0.08410	0.00000	-0.01662
-8719.62432	6193.46808	137.00000	10599.85517	25.41122	0.00000	0.28281	10600.00000	-0.09000	0.00000	-0.01719
-8736.00386	6204.94460	137.00000	10619.85493	25.50984	0.00000	0.28224	10620.00000	-0.09610	0.00000	-0.01776
-8752.38329	6216.42129	137.00000	10639.85469	25.60826	0.00000	0.28167	10640.00000	-0.10240	0.00000	-0.01833
-8768.76260	6227.89814	137.00000	10659.85445	25.70648	0.00000	0.28109	10660.00000	-0.10890	0.00000	-0.01891
-8785.14180	6239.37516	137.00000	10679.85421	25.80450	0.00000	0.28052	10680.00000	-0.11560	0.00000	-0.01948
-8801.52088	6250.85234	137.00000	10699.85397	25.90231	0.00000	0.27995	10700.00000	-0.12250	0.00000	-0.02005
-8817.89985	6262.32969	137.00000	10719.85373	25.99993	0.00000	0.27937	10720.00000	-0.12960	0.00000	-0.02063
-8834.27870	6273.80720	137.00000	10739.85350	26.09735	0.00000	0.27880	10740.00000	-0.13690	0.00000	-0.02120
-8850.65744	6285.28487	137.00000	10759.85326	26.19457	0.00000	0.27823	10760.00000	-0.14440	0.00000	-0.02177
-8867.03607	6296.76270	137.00000	10779.85303	26.29159	0.00000	0.27765	10780.00000	-0.15210	0.00000	-0.02235
-8883.41458	6308.24070	137.00000	10799.85279	26.38841	0.00000	0.27708	10800.00000	-0.16000	0.00000	-0.02292
-8899.79297	6319.71887	137.00000	10819.85256	26.48503	0.00000	0.27651	10820.00000	-0.16810	0.00000	-0.02349
-8916.17125	6331.19720	137.00000	10839.85233	26.58145	0.00000	0.27594	10840.00000	-0.17640	0.00000	-0.02406
-8932.54942	6342.67569	137.00000	10859.85210	26.67767	0.00000	0.27536	10860.00000	-0.18490	0.00000	-0.02464
-8948.92747	6354.15434	137.00000	10879.85187	26.77369	0.00000	0.27479	10880.00000	-0.19360	0.00000	-0.02521
-8965.30540	6365.63316	137.00000	10899.85165	26.86951	0.00000	0.27422	10900.00000	-0.20250	0.00000	-0.02578
-8981.68323	6377.11215	137.00000	10919.85142	26.96513	0.00000	0.27364	10920.00000	-0.21160	0.00000	-0.02636
-8998.06093	6388.59129	137.00000	10939.85119	27.06055	0.00000	0.27307	10940.00000	-0.22090	0.00000	-0.02693
-9014.43852	6400.07060	137.00000	10959.85097	27.15577	0.00000	0.27250	10960.00000	-0.23040	0.00000	-0.02750
-9030.81600	6411.55008	137.00000	10979.85075	27.25079	0.00000	0.27193	10980.00000	-0.24010	0.00000	-0.02807
-9047.19336	6423.02972	137.00000	10999.85052	27.34561	0.00000	0.27135	11000.00000	-0.25000	0.00000	-0.02865
-9063.57061	6434.50952	137.00000	11019.85030	27.44022	0.00000	0.27078	11020.00000	-0.26010	0.00000	-0.02922
-9079.94775	6445.98948	137.00000	11039.85008	27.53464	0.00000	0.27021	11040.00000	-0.27040	0.00000	-0.02979
-9096.32476	6457.46961	137.00000	11059.84986	27.62886	0.00000	0.26963	11060.00000	-0.28090	0.00000	-0.03037
-9112.70167	6468.94991	137.00000	11079.84964	27.72288	0.00000	0.26906	11080.00000	-0.29160	0.00000	-0.03094
-9129.07846	6480.43036	137.00000	11099.84943	27.81670	0.00000	0.26849	11100.00000	-0.30250	0.00000	-0.03151
-9145.45513	6491.91099	137.00000	11119.84921	27.91032	0.00000	0.26791	11120.00000	-0.31360	0.00000	-0.03209
-9161.83169	6503.39177	137.00000	11139.84900	28.00374	0.00000	0.26734	11140.00000	-0.32490	0.00000	-0.03266
-9178.20813	6514.87272	137.00000	11159.84878	28.09696	0.00000	0.26677	11160.00000	-0.33640	0.00000	-0.03323
-9194.58446	6526.35383	137.00000	11179.84857	28.18998	0.00000	0.26620	11180.00000	-0.34810	0.00000	-0.03380
-9210.96068	6537.83511	137.00000	11199.84836	28.28280	0.00000	0.26562	11200.00000	-0.36000	0.00000	-0.03438
-9227.33678	6549.31655	137.00000	11219.84815	28.37542	0.00000	0.26505	11220.00000	-0.37210	0.00000	-0.03495
-9243.71277	6560.79815	137.00000	11239.84794	28.46784	0.00000	0.26448	11240.00000	-0.38440	0.00000	-0.03552
-9260.08864	6572.27992	137.00000	11259.84773	28.56006	0.00000	0.26390	11260.00000	-0.39690	0.00000	-0.03610
-9276.46439	6583.76185	137.00000	11279.84752	28.65208	0.00000	0.26333	11280.00000	-0.40960	0.00000	-0.03667
-9292.84004	6595.24395	137.00000	11299.84731	28.74390	0.00000	0.26276	11300.00000	-0.42250	0.00000	-0.03724
-9309.21556	6606.72621	137.00000	11319.84711	28.83552	0.00000	0.26218	11320.00000	-0.43560	0.00000	-0.03782
-9325.59098	6618.20863	137.00000	11339.84690	28.92694	0.00000	0.26161	11340.00000	-0.44890	0.00000	-0.03839
-9341.96627	6629.69122	137.00000	11359.84670	29.01816	0.00000	0.26104	11360.00000	-0.46240	0.00000	-0.03896
-9358.34146	6641.17397	137.00000	11379.84650	29.10917	0.00000	0.26047	11380.00000	-0.47610	0.00000	-0.03953
-9374.71652	6652.65689	137.00000	11399.84630	29.19999	0.00000	0.25989	11400.00000	-0.49000	0.00000	-0.04011
-9391.09148	6664.13997	137.00000	11419.84610	29.29061	0.00000	0.25932	11420.00000	-0.50410	0.00000	-0.04068
-9407.46632	6675.62321	137.00000	11439.84590	29.38103	0.00000	0.25875	11440.00000	-0.51840	0.00000	-0.04125
-9423.84104	6687.10661	137.00000	11459.84570	29.47125	0.00000	0.25817	11460.00000	-0.53290	0.00000	-0.04183
-9440.21565	6698.59018	137.00000	11479.84550	29.56127	0.00000	0.25760	11480.00000	-0.54760	0.00000	-0.04240
-9456.59014	6710.07392	137.00000	11499.84531	29.65109	0.00000	0.25703	11500.00000	-0.56250	0.00000	-0.04297
-9472.96452	6721.55782	137.00000	11519.84511	29.74071	0.00000	0.25646	11520.00000	-0.57760	0.00000	-0.04354
-9489.33879	6733.04188	137.00000	11539.84492	29.83013	0.00000	0.25588	11540.00000	-0.59290	0.00000	-0.04412
-9505.71294	6744.52610	137.00000	11559.84472	29.91935	0.00000	0.25531	11560.00000	-0.60840	0.00000	-0.04469
-9522.08698	6756.01049	137.00000	11579.84453	30.00837	0.00000	0.25474	11580.00000	-0.62410	0.00000	-0.04526
-9538.46090	6767.49505	137.00000	11599.84434	30.09719	0.00000	0.25416	11600.00000	-0.64000	0.00000	-0.04584
-9554.83470	6778.97976	137.00000	11619.84415	30.18581	0.00000	0.25359	11620.00000	-0.65610	0.00000	-0.04641
-9571.20839	6790.46464	137.00000	11639.84396	30.27423	0.00000	0.25302	11640.00000	-0.67240	0.00000	-0.04698
-9587.58197	6801.94969	137.00000	11659.84377	30.36245	0.00000	0.25244	11660.00000	-0.68890	0.00000	-0.04756
-9603.95543	6813.43490	137.00000	11679.84359	30.45047	0.00000	0.25187	11680.00000	-0.70560	0.00000	-0.04813
-9620.32878	6824.92027	137.00000	11699.84340	30.53829	0.00000	0.25130	11700.00000	-0.72250	0.00000	-0.04870
-9636.70201	6836.40581	137.00000	11719.84322	30.62591	0.00000	0.25073	11720.00000	-0.73960	0.00000	-0.04927
-9653.07513	6847.89151	137.00000	11739.84303	30.71333	0.00000	0.25015	11740.00000	-0.75690	0.00000	-0.04985
-9669.44813	6859.37737	137.00000	11759.84285	30.80055	0.00000	0.24958	11760.00000	-0.77440	0.00000	-0.05042
-9685.82102	6870.86340	137.00000	11779.84267	30.88756	0.00000	0.24901	11780.00000	-0.79210	0.00000	-0.05099
-9702.19380	6882.34959	137.00000	11799.84249	30.97438	0.00000	0.24843	11800.00000	-0.81000	0.00000	-0.05157
-9718.56646	6893.83595	137.00000	11819.84231	31.06100	0.00000	0.24786	11820.00000	-0.82810	0.00000	-0.05214
-9734.93900	6905.32246	137.00000	11839.84213	31.14742	0.00000	0.24729	11840.00000	-0.84640	0.00000	-0.05271
-9751.31143	6916.80915	137.00000	11859.84195	31.23364	0.00000	0.24671	11860.00000	-0.86490	0.00000	-0.05329
-9767.68375	6928.29599	137.00000	11879.84178	31.31966	0.00000	0.24614	11880.00000	-0.88360	0.00000	-0.05386
-9784.05595	6939.78300	137.00000	11899.84160	31.40548	0.00000	0.24557	11900.00000	-0.90250	0.00000	-0.05443
-9800.42803	6951.27018	137.00000	11919.84143	31.49110	0.00000	0.24500	11920.00000	-0.92160	0.00000	-0.05500
-9816.80000	6962.75752	137.00000	11939.84126	31.57652	0.00000	0.24442	11940.00000	-0.94090	0.00000	-0.05558
-9833.17186	6974.24502	137.00000	11959.84108	31.66174	0.00000	0.24385	11960.00000	-0.96040	0.00000	-0.05615
-9849.54360	6985.73269	137.00000	11979.84091	31.74676	0.00000	0.24328	11980.00000	-0.98010	0.00000	-0.05672
-9865.91523	6997.22052	137.00000	11999.84074	31.83158	0.00000	0.24270	12000.00000	-1.00000	0.00000	-0.05730
-9882.28674	7008.70851	137.00000	12019.84057	31.91620	0.00000	0.24213	12020.00000	-1.02010	0.00000	-0.05787
-9898.65814	7020.19667	137.00000	12039.84041	32.00062	0.00000	0.24156	12040.00000	-1.04040	0.00000	-0.05844
-9915.02942	7031.68499	137.00000	12059.84024	32.08484	0.00000	0.24099	12060.00000	-1.06090	0.00000	-0.05901
-9931.40059	7043.17347	137.00000	12079.84007	32.16886	0.00000	0.24041	12080.00000	-1.08160	0.00000	-0.05959
-9947.77164	7054.66212	137.00000	12099.83991	32.25268	0.00000	0.23984	12100.00000	-1.10250	0.00000	-0.06016
-9964.14258	7066.15094	137.00000	12119.83975	32.33630	0.00000	0.23927	12120.00000	-1.12360	0.00000	-0.06073
-9980.51340	7077.63991	137.00000	12139.83958	32.41972	0.00000	0.23869	12140.00000	-1.14490	0.00000	-0.06131
-9996.88411	7089.12905	137.00000	12159.83942	32.50294	0.00000	0.23812	12160.00000	-1.16640	0.00000	-0.06188
-10013.25470	7100.61836	137.00000	12179.83926	32.58596	0.00000	0.23755	12180.00000	-1.18810	0.00000	-0.06245
-10029.62518	7112.10783	137.00000	12199.83910	32.66878	0.00000	0.23697	12200.00000	-1.21000	0.00000	-0.06303
-10045.99555	7123.59746	137.00000	12219.83894	32.75139	0.00000	0.23640	12220.00000	-1.23210	0.00000	-0.06360
-10062.36580	7135.08725	137.00000	12239.83879	32.83381	0.00000	0.23583	12240.00000	-1.25440	0.00000	-0.06417
-10078.73593	7146.57721	137.00000	12259.83863	32.91603	0.00000	0.23526	12260.00000	-1.27690	0.00000	-0.06474
-10095.10596	7158.06734	137.00000	12279.83847	32.99805	0.00000	0.23468	12280.00000	-1.29960	0.00000	-0.06532
-10111.47586	7169.55762	137.00000	12299.83832	33.07987	0.00000	0.23411	12300.00000	-1.32250	0.00000	-0.06589
-10127.84565	7181.04807	137.00000	12319.83817	33.16149	0.00000	0.23354	12320.00000	-1.34560	0.00000	-0.06646
-10144.21533	7192.53869	137.00000	12339.83801	33.24291	0.00000	0.23296	12340.00000	-1.36890	0.00000	-0.06704
-10160.58489	7204.02947	137.00000	12359.83786	33.32413	0.00000	0.23239	12360.00000	-1.39240	0.00000	-0.06761
-10176.95434	7215.52041	137.00000	12379.83771	33.40515	0.00000	0.23182	12380.00000	-1.41610	0.00000	-0.06818
-10193.32367	7227.01152	137.00000	12399.83756	33.48597	0.00000	0.23125	12400.00000	-1.44000	0.00000	-0.06875
-10209.69289	7238.50279	137.00000	12419.83742	33.56659	0.00000	0.23067	12420.00000	-1.46410	0.00000	-0.06933
-10226.06199	7249.99422	137.00000	12439.83727	33.64701	0.00000	0.23010	12440.00000	-1.48840	0.00000	-0.06990
-10242.43098	7261.48582	137.00000	12459.83712	33.72723	0.00000	0.22953	12460.00000	-1.51290	0.00000	-0.07047
-10258.79985	7272.97758	137.00000	12479.83698	33.80725	0.00000	0.22895	12480.00000	-1.53760	0.00000	-0.07105
-10275.16861	7284.46951	137.00000	12499.83683	33.88707	0.00000	0.22838	12500.00000	-1.56250	0.00000	-0.07162
-10291.53726	7295.96160	137.00000	12519.83669	33.96669	0.00000	0.22781	12520.00000	-1.58760	0.00000	-0.07219
-10307.90579	7307.45385	137.00000	12539.83655	34.04611	0.00000	0.22723	12540.00000	-1.61290	0.00000	-0.07277
-10324.27420	7318.94627	137.00000	12559.83641	34.12533	0.00000	0.22666	12560.00000	-1.63840	0.00000	-0.07334
-10340.64250	7330.43885	137.00000	12579.83627	34.20435	0.00000	0.22609	12580.00000	-1.66410	0.00000	-0.07391
-10357.01069	7341.93159	137.00000	12599.83613	34.28317	0.00000	0.22552	12600.00000	-1.69000	0.00000	-0.07448
-10373.37876	7353.42450	137.00000	12619.83599	34.36179	0.00000	0.22494	12620.00000	-1.71610	0.00000	-0.07506
-10389.74671	7364.91757	137.00000	12639.83586	34.44021	0.00000	0.22437	12640.00000	-1.74240	0.00000	-0.07563
-10406.11455	7376.41081	137.00000	12659.83572	34.51843	0.00000	0.22380	12660.00000	-1.76890	0.00000	-0.07620
-10422.48228	7387.90421	137.00000	12679.83559	34.59645	0.00000	0.22322	12680.00000	-1.79560	0.00000	-0.07678
-10438.84989	7399.39777	137.00000	12699.83545	34.67427	0.00000	0.22265	12700.00000	-1.82250	0.00000	-0.07735
-10455.21739	7410.89150	137.00000	12719.83532	34.75189	0.00000	0.22208	12720.00000	-1.84960	0.00000	-0.07792
-10471.58477	7422.38539	137.00000	12739.83519	34.82930	0.00000	0.22150	12740.00000	-1.87690	0.00000	-0.07850
-10487.95204	7433.87945	137.00000	12759.83506	34.90652	0.00000	0.22093	12760.00000	-1.90440	0.00000	-0.07907
-10504.31919	7445.37367	137.00000	12779.83493	34.98354	0.00000	0.22036	12780.00000	-1.93210	0.00000	-0.07964
-10520.68623	7456.86805	137.00000	12799.83480	35.06036	0.00000	0.21979	12800.00000	-1.96000	0.00000	-0.08021
-10537.05315	7468.36260	137.00000	12819.83468	35.13698	0.00000	0.21921	12820.00000	-1.98810	0.00000	-0.08079
-10553.41996	7479.85731	137.00000	12839.83455	35.21340	0.00000	0.21864	12840.00000	-2.01640	0.00000	-0.08136
-10569.78665	7491.35218	137.00000	12859.83443	35.28962	0.00000	0.21807	12860.00000	-2.04490	0.00000	-0.08193
-10586.15323	7502.84722	137.00000	12879.83430	35.36564	0.00000	0.21749	12880.00000	-2.07360	0.00000	-0.08251
-10602.51970	7514.34242	137.00000	12899.83418	35.44146	0.00000	0.21692	12900.00000	-2.10250	0.00000	-0.08308
-10618.88605	7525.83779	137.00000	12919.83406	35.51708	0.00000	0.21635	12920.00000	-2.13160	0.00000	-0.08365
-10635.25228	7537.33332	137.00000	12939.83394	35.59250	0.00000	0.21578	12940.00000	-2.16090	0.00000	-0.08422
-10651.61840	7548.82901	137.00000	12959.83382	35.66772	0.00000	0.21520	12960.00000	-2.19040	0.00000	-0.08480
-10667.98441	7560.32487	137.00000	12979.83370	35.74274	0.00000	0.21463	12980.00000	-2.22010	0.00000	-0.08537
-10684.35030	7571.82089	137.00000	12999.83358	35.81756	0.00000	0.21406	13000.00000	-2.25000	0.00000	-0.08594
-10700.71608	7583.31708	137.00000	13019.83346	35.89218	0.00000	0.21348	13020.00000	-2.28010	0.00000	-0.08652
-10717.08174	7594.81343	137.00000	13039.83335	35.96660	0.00000	0.21291	13040.00000	-2.31040	0.00000	-0.08709
-10733.44728	7606.30994	137.00000	13059.83323	36.04082	0.00000	0.21234	13060.00000	-2.34090	0.00000	-0.08766
-10749.81272	7617.80662	137.00000	13079.83312	36.11484	0.00000	0.21176	13080.00000	-2.37160	0.00000	-0.08824
-10766.17803	7629.30346	137.00000	13099.83301	36.18866	0.00000	0.21119	13100.00000	-2.40250	0.00000	-0.08881
-10782.54324	7640.80046	137.00000	13119.83290	36.26228	0.00000	0.21062	13120.00000	-2.43360	0.00000	-0.08938
-10798.90832	7652.29763	137.00000	13139.83279	36.33570	0.00000	0.21005	13140.00000	-2.46490	0.00000	-0.08995
-10815.27330	7663.79496	137.00000	13159.83268	36.40892	0.00000	0.20947	13160.00000	-2.49640	0.00000	-0.09053
-10831.63816	7675.29246	137.00000	13179.83257	36.48194	0.00000	0.20890	13180.00000	-2.52810	0.00000	-0.09110
-10848.00290	7686.79012	137.00000	13199.83246	36.55476	0.00000	0.20833	13200.00000	-2.56000	0.00000	-0.09167
-10864.36753	7698.28794	137.00000	13219.83236	36.62738	0.00000	0.20775	13220.00000	-2.59210	0.00000	-0.09225
-10880.73204	7709.78593	137.00000	13239.83225	36.69980	0.00000	0.20718	13240.00000	-2.62440	0.00000	-0.09282
-10897.09644	7721.28408	137.00000	13259.83215	36.77202	0.00000	0.20661	13260.00000	-2.65690	0.00000	-0.09339
-10913.46073	7732.78239	137.00000	13279.83204	36.84404	0.00000	0.20603	13280.00000	-2.68960	0.00000	-0.09397
-10929.82490	7744.28087	137.00000	13299.83194	36.91586	0.00000	0.20546	13300.00000	-2.72250	0.00000	-0.09454
-10946.18895	7755.77952	137.00000	13319.83184	36.98748	0.00000	0.20489	13320.00000	-2.75560	0.00000	-0.09511
-10962.55289	7767.27832	137.00000	13339.83174	37.05890	0.00000	0.20432	13340.00000	-2.78890	0.00000	-0.09568
-10978.91672	7778.77729	137.00000	13359.83164	37.13012	0.00000	0.20374	13360.00000	-2.82240	0.00000	-0.09626
-10995.28043	7790.27643	137.00000	13379.83154	37.20114	0.00000	0.20317	13380.00000	-2.85610	0.00000	-0.09683
-11011.64403	7801.77572	137.00000	13399.83145	37.27195	0.00000	0.20260	13400.00000	-2.89000	0.00000	-0.09740
-11028.00751	7813.27519	137.00000	13419.83135	37.34257	0.00000	0.20202	13420.00000	-2.92410	0.00000	-0.09798
-11044.37088	7824.77481	137.00000	13439.83126	37.41299	0.00000	0.20145	13440.00000	-2.95840	0.00000	-0.09855
-11060.73413	7836.27460	137.00000	13459.83116	37.48321	0.00000	0.20088	13460.00000	-2.99290	0.00000	-0.09912
-11077.09727	7847.77455	137.00000	13479.83107	37.55323	0.00000	0.20031	13480.00000	-3.02760	0.00000	-0.09969
-11093.46029	7859.27467	137.00000	13499.83098	37.62305	0.00000	0.19973	13500.00000	-3.06250	0.00000	-0.10027
-11109.82320	7870.77495	137.00000	13519.83089	37.69267	0.00000	0.19916	13520.00000	-3.09760	0.00000	-0.10084
-11126.18599	7882.27540	137.00000	13539.83080	37.76209	0.00000	0.19859	13540.00000	-3.13290	0.00000	-0.10141
-11142.54867	7893.77601	137.00000	13559.83071	37.83131	0.00000	0.19801	13560.00000	-3.16840	0.00000	-0.10199
-11158.91124	7905.27678	137.00000	13579.83063	37.90033	0.00000	0.19744	13580.00000	-3.20410	0.00000	-0.10256
-11175.27369	7916.77771	137.00000	13599.83054	37.96915	0.00000	0.19687	13600.00000	-3.24000	0.00000	-0.10313
-11191.63602	7928.27881	137.00000	13619.83045	38.03777	0.00000	0.19629	13620.00000	-3.27610	0.00000	-0.10371
-11207.99824	7939.78008	137.00000	13639.83037	38.10619	0.00000	0.19572	13640.00000	-3.31240	0.00000	-0.10428
-11224.36035	7951.28151	137.00000	13659.83029	38.17441	0.00000	0.19515	13660.00000	-3.34890	0.00000	-0.10485
-11240.72234	7962.78310	137.00000	13679.83020	38.24243	0.00000	0.19458	13680.00000	-3.38560	0.00000	-0.10542
-11257.08421	7974.28485	137.00000	13699.83012	38.31025	0.00000	0.19400	13700.00000	-3.42250	0.00000	-0.10600
-11273.44597	7985.78677	137.00000	13719.83004	38.37787	0.00000	0.19343	13720.00000	-3.45960	0.00000	-0.10657
-11289.80762	7997.28886	137.00000	13739.82997	38.44529	0.00000	0.19286	13740.00000	-3.49690	0.00000	-0.10714
-11306.16915	8008.79110	137.00000	13759.82989	38.51251	0.00000	0.19228	13760.00000	-3.53440	0.00000	-0.10772
-11322.53057	8020.29351	137.00000	13779.82981	38.57953	0.00000	0.19171	13780.00000	-3.57210	0.00000	-0.10829
-11338.89187	8031.79609	137.00000	13799.82973	38.64635	0.00000	0.19114	13800.00000	-3.61000	0.00000	-0.10886
-11355.25306	8043.29883	137.00000	13819.82966	38.71297	0.00000	0.19057	13820.00000	-3.64810	0.00000	-0.10943
-11371.61413	8054.80173	137.00000	13839.82959	38.77939	0.00000	0.18999	13840.00000	-3.68640	0.00000	-0.11001
-11387.97509	8066.30479	137.00000	13859.82951	38.84561	0.00000	0.18942	13860.00000	-3.72490	0.00000	-0.11058
-11404.33593	8077.80802	137.00000	13879.82944	38.91163	0.00000	0.18885	13880.00000	-3.76360	0.00000	-0.11115
-11420.69666	8089.31142	137.00000	13899.82937	38.97745	0.00000	0.18827	13900.00000	-3.80250	0.00000	-0.11173
-11437.05728	8100.81498	137.00000	13919.82930	39.04307	0.00000	0.18770	13920.00000	-3.84160	0.00000	-0.11230
-11453.41778	8112.31870	137.00000	13939.82923	39.10849	0.00000	0.18713	13940.00000	-3.88090	0.00000	-0.11287
-11469.77816	8123.82258	137.00000	13959.82917	39.17371	0.00000	0.18655	13960.00000	-3.92040	0.00000	-0.11345
-11486.13843	8135.32663	137.00000	13979.82910	39.23873	0.00000	0.18598	13980.00000	-3.96010	0.00000	-0.11402
-11502.49859	8146.83084	137.00000	13999.82904	39.30355	0.00000	0.18541	14000.00000	-4.00000	0.00000	-0.11459
-11518.85863	8158.33522	137.00000	14019.82897	39.36817	0.00000	0.18484	14020.00000	-4.04010	0.00000	-0.11516
-11535.21855	8169.83976	137.00000	14039.82891	39.43259	0.00000	0.18426	14040.00000	-4.08040	0.00000	-0.11574
-11551.57836	8181.34447	137.00000	14059.82885	39.49681	0.00000	0.18369	14060.00000	-4.12090	0.00000	-0.11631
-11567.93806	8192.84933	137.00000	14079.82878	39.56083	0.00000	0.18312	14080.00000	-4.16160	0.00000	-0.11688
-11584.29764	8204.35437	137.00000	14099.82872	39.62465	0.00000	0.18254	14100.00000	-4.20250	0.00000	-0.11746
-11600.65711	8215.85956	137.00000	14119.82867	39.68827	0.00000	0.18197	14120.00000	-4.24360	0.00000	-0.11803
-11617.01646	8227.36492	137.00000	14139.82861	39.75169	0.00000	0.18140	14140.00000	-4.28490	0.00000	-0.11860
-11633.37570	8238.87045	137.00000	14159.82855	39.81491	0.00000	0.18082	14160.00000	-4.32640	0.00000	-0.11918
-11649.73482	8250.37613	137.00000	14179.82850	39.87793	0.00000	0.18025	14180.00000	-4.36810	0.00000	-0.11975
-11666.09383	8261.88198	137.00000	14199.82844	39.94075	0.00000	0.17968	14200.00000	-4.41000	0.00000	-0.12032
-11682.45272	8273.38800	137.00000	14219.82839	40.00337	0.00000	0.17911	14220.00000	-4.45210	0.00000	-0.12089
-11698.81150	8284.89418	137.00000	14239.82833	40.06579	0.00000	0.17853	14240.00000	-4.49440	0.00000	-0.12147
-11715.17016	8296.40052	137.00000	14259.82828	40.12801	0.00000	0.17796	14260.00000	-4.53690	0.00000	-0.12204
-11731.52871	8307.90703	137.00000	14279.82823	40.19003	0.00000	0.17739	14280.00000	-4.57960	0.00000	-0.12261
-11747.88715	8319.41370	137.00000	14299.82818	40.25185	0.00000	0.17681	14300.00000	-4.62250	0.00000	-0.12319
-11764.24547	8330.92053	137.00000	14319.82813	40.31347	0.00000	0.17624	14320.00000	-4.66560	0.00000	-0.12376
-11780.60367	8342.42753	137.00000	14339.82809	40.37489	0.00000	0.17567	14340.00000	-4.70890	0.00000	-0.12433
-11796.96176	8353.93469	137.00000	14359.82804	40.43611	0.00000	0.17510	14360.00000	-4.75240	0.00000	-0.12490
-11813.31974	8365.44202	137.00000	14379.82799	40.49713	0.00000	0.17452	14380.00000	-4.79610	0.00000	-0.12548
-11829.67760	8376.94951	137.00000	14399.82795	40.55795	0.00000	0.17395	14400.00000	-4.84000	0.00000	-0.12605
-11846.03535	8388.45716	137.00000	14419.82791	40.61857	0.00000	0.17338	14420.00000	-4.88410	0.00000	-0.12662
-11862.39298	8399.96498	137.00000	14439.82786	40.67899	0.00000	0.17280	14440.00000	-4.92840	0.00000	-0.12720
-11878.75049	8411.47296	137.00000	14459.82782	40.73921	0.00000	0.17223	14460.00000	-4.97290	0.00000	-0.12777
-11895.10790	8422.98110	137.00000	14479.82778	40.79923	0.00000	0.17166	14480.00000	-5.01760	0.00000	-0.12834
-11911.46518	8434.48941	137.00000	14499.82774	40.85904	0.00000	0.17108	14500.00000	-5.06250	0.00000	-0.12892
-11927.82236	8445.99788	137.00000	14519.82771	40.91866	0.00000	0.17051	14520.00000	-5.10760	0.00000	-0.12949
-11944.17941	8457.50652	137.00000	14539.82767	40.97808	0.00000	0.16994	14540.00000	-5.15290	0.00000	-0.13006
-11960.53636	8469.01532	137.00000	14559.82763	41.03730	0.00000	0.16937	14560.00000	-5.19840	0.00000	-0.13063
-11976.89318	8480.52428	137.00000	14579.82760	41.09632	0.00000	0.16879	14580.00000	-5.24410	0.00000	-0.13121
-11993.24990	8492.03341	137.00000	14599.82757	41.15514	0.00000	0.16822	14600.00000	-5.29000	0.00000	-0.13178
-12009.60650	8503.54270	137.00000	14619.82753	41.21376	0.00000	0.16765	14620.00000	-5.33610	0.00000	-0.13235
-12025.96298	8515.05216	137.00000	14639.82750	41.27218	0.00000	0.16707	14640.00000	-5.38240	0.00000	-0.13293
-12042.31935	8526.56178	137.00000	14659.82747	41.33040	0.00000	0.16650	14660.00000	-5.42890	0.00000	-0.13350
-12058.67561	8538.07156	137.00000	14679.82744	41.38842	0.00000	0.16593	14680.00000	-5.47560	0.00000	-0.13407
-12075.03175	8549.58151	137.00000	14699.82741	41.44624	0.00000	0.16535	14700.00000	-5.52250	0.00000	-0.13465
-12091.38777	8561.09162	137.00000	14719.82738	41.50386	0.00000	0.16478	14720.00000	-5.56960	0.00000	-0.13522
-12107.74368	8572.60189	137.00000	14739.82736	41.56128	0.00000	0.16421	14740.00000	-5.61690	0.00000	-0.13579
-12124.09948	8584.11233	137.00000	14759.82733	41.61850	0.00000	0.16364	14760.00000	-5.66440	0.00000	-0.13636
-12140.45516	8595.62294	137.00000	14779.82731	41.67552	0.00000	0.16306	14780.00000	-5.71210	0.00000	-0.13694
-12156.81073	8607.13370	137.00000	14799.82728	41.73234	0.00000	0.16249	14800.00000	-5.76000	0.00000	-0.13751
-12173.16618	8618.64463	137.00000	14819.82726	41.78896	0.00000	0.16192	14820.00000	-5.80810	0.00000	-0.13808
-12189.52152	8630.15573	137.00000	14839.82724	41.84538	0.00000	0.16134	14840.00000	-5.85640	0.00000	-0.13866
-12205.87674	8641.66698	137.00000	14859.82722	41.90160	0.00000	0.16077	14860.00000	-5.90490	0.00000	-0.13923
-12222.23185	8653.17840	137.00000	14879.82720	41.95762	0.00000	0.16020	14880.00000	-5.95360	0.00000	-0.13980
-12238.58684	8664.68999	137.00000	14899.82718	42.01344	0.00000	0.15963	14900.00000	-6.00250	0.00000	-0.14037
-12254.94172	8676.20174	137.00000	14919.82717	42.06906	0.00000	0.15905	14920.00000	-6.05160	0.00000	-0.14095
-12271.29648	8687.71365	137.00000	14939.82715	42.12448	0.00000	0.15848	14940.00000	-6.10090	0.00000	-0.14152
-12287.65113	8699.22573	137.00000	14959.82714	42.17970	0.00000	0.15791	14960.00000	-6.15040	0.00000	-0.14209
-12304.00566	8710.73797	137.00000	14979.82712	42.23472	0.00000	0.15733	14980.00000	-6.20010	0.00000	-0.14267
-12320.36008	8722.25037	137.00000	14999.82711	42.28954	0.00000	0.15676	15000.00000	-6.25000	0.00000	-0.14324
-12336.71439	8733.76294	137.00000	15019.82710	42.34416	0.00000	0.15619	15020.00000	-6.30010	0.00000	-0.14381
-12353.06858	8745.27567	137.00000	15039.82709	42.39858	0.00000	0.15561	15040.00000	-6.35040	0.00000	-0.14439
-12369.42265	8756.78857	137.00000	15059.82708	42.45280	0.00000	0.15504	15060.00000	-6.40090	0.00000	-0.14496
-12385.77661	8768.30163	137.00000	15079.82707	42.50682	0.00000	0.15447	15080.00000	-6.45160	0.00000	-0.14553
-12402.13046	8779.81485	137.00000	15099.82706	42.56064	0.00000	0.15390	15100.00000	-6.50250	0.00000	-0.14610
-12418.48419	8791.32824	137.00000	15119.82705	42.61426	0.00000	0.15332	15120.00000	-6.55360	0.00000	-0.14668
-12434.83781	8802.84179	137.00000	15139.82705	42.66768	0.00000	0.15275	15140.00000	-6.60490	0.00000	-0.14725
-12451.19131	8814.35551	137.00000	15159.82704	42.72090	0.00000	0.15218	15160.00000	-6.65640	0.00000	-0.14782
-12467.54470	8825.86939	137.00000	15179.82704	42.77392	0.00000	0.15160	15180.00000	-6.70810	0.00000	-0.14840
-12483.89797	8837.38343	137.00000	15199.82704	42.82674	0.00000	0.15103	15200.00000	-6.76000	0.00000	-0.14897
-12500.25113	8848.89763	137.00000	15219.82704	42.87936	0.00000	0.15046	15220.00000	-6.81210	0.00000	-0.14954
-12516.60417	8860.41200	137.00000	15239.82704	42.93178	0.00000	0.14989	15240.00000	-6.86440	0.00000	-0.15011
-12532.95710	8871.92654	137.00000	15259.82704	42.98400	0.00000	0.14931	15260.00000	-6.91690	0.00000	-0.15069
-12549.30991	8883.44124	137.00000	15279.82704	43.03602	0.00000	0.14874	15280.00000	-6.96960	0.00000	-0.15126
-12565.66261	8894.95610	137.00000	15299.82704	43.08784	0.00000	0.14817	15300.00000	-7.02250	0.00000	-0.15183
-12582.01519	8906.47112	137.00000	15319.82704	43.13946	0.00000	0.14759	15320.00000	-7.07560	0.00000	-0.15241
-12598.36766	8917.98631	137.00000	15339.82705	43.19088	0.00000	0.14702	15340.00000	-7.12890	0.00000	-0.15298
-12614.72002	8929.50167	137.00000	15359.82706	43.24210	0.00000	0.14645	15360.00000	-7.18240	0.00000	-0.15355
-12631.07226	8941.01718	137.00000	15379.82706	43.29312	0.00000	0.14587	15380.00000	-7.23610	0.00000	-0.15413
-12647.42438	8952.53287	137.00000	15399.82707	43.34394	0.00000	0.14530	15400.00000	-7.29000	0.00000	-0.15470
-12663.77639	8964.04871	137.00000	15419.82708	43.39456	0.00000	0.14473	15420.00000	-7.34410	0.00000	-0.15527
-12680.12829	8975.56472	137.00000	15439.82709	43.44498	0.00000	0.14416	15440.00000	-7.39840	0.00000	-0.15584
-12696.48007	8987.08089	137.00000	15459.82710	43.49520	0.00000	0.14358	15460.00000	-7.45290	0.00000	-0.15642
-12712.83173	8998.59723	137.00000	15479.82711	43.54522	0.00000	0.14301	15480.00000	-7.50760	0.00000	-0.15699
-12729.18329	9010.11373	137.00000	15499.82713	43.59504	0.00000	0.14244	15500.00000	-7.56250	0.00000	-0.15756
-12745.53472	9021.63039	137.00000	15519.82714	43.64466	0.00000	0.14186	15520.00000	-7.61760	0.00000	-0.15814
-12761.88604	9033.14722	137.00000	15539.82716	43.69408	0.00000	0.14129	15540.00000	-7.67290	0.00000	-0.15871
-12778.23725	9044.66421	137.00000	15559.82717	43.74330	0.00000	0.14072	15560.00000	-7.72840	0.00000	-0.15928
-12794.58834	9056.18137	137.00000	15579.82719	43.79232	0.00000	0.14014	15580.00000	-7.78410	0.00000	-0.15986
-12810.93932	9067.69869	137.00000	15599.82721	43.84114	0.00000	0.13957	15600.00000	-7.84000	0.00000	-0.16043
-12827.29019	9079.21617	137.00000	15619.82723	43.88976	0.00000	0.13900	15620.00000	-7.89610	0.00000	-0.16100
-12843.64093	9090.73382	137.00000	15639.82725	43.93818	0.00000	0.13843	15640.00000	-7.95240	0.00000	-0.16157
-12859.99157	9102.25163	137.00000	15659.82727	43.98640	0.00000	0.13785	15660.00000	-8.00890	0.00000	-0.16215
-12876.34209	9113.76960	137.00000	15679.82729	44.03442	0.00000	0.13728	15680.00000	-8.06560	0.00000	-0.16272
-12892.69249	9125.28774	137.00000	15699.82732	44.08224	0.00000	0.13671	15700.00000	-8.12250	0.00000	-0.16329
-12909.04278	9136.80604	137.00000	15719.82734	44.12986	0.00000	0.13613	15720.00000	-8.17960	0.00000	-0.16387
-12925.39296	9148.32451	137.00000	15739.82737	44.17728	0.00000	0.13556	15740.00000	-8.23690	0.00000	-0.16444
-12941.74302	9159.84314	137.00000	15759.82739	44.22450	0.00000	0.13499	15760.00000	-8.29440	0.00000	-0.16501
-12958.09296	9171.36193	137.00000	15779.82742	44.27152	0.00000	0.13442	15780.00000	-8.35210	0.00000	-0.16558
-12974.44279	9182.88089	137.00000	15799.82745	44.31834	0.00000	0.13384	15800.00000	-8.41000	0.00000	-0.16616
-12990.79251	9194.40001	137.00000	15819.82748	44.36496	0.00000	0.13327	15820.00000	-8.46810	0.00000	-0.16673
-13007.14211	9205.91930	137.00000	15839.82751	44.41138	0.00000	0.13270	15840.00000	-8.52640	0.00000	-0.16730
-13023.49160	9217.43875	137.00000	15859.82755	44.45760	0.00000	0.13212	15860.00000	-8.58490	0.00000	-0.16788
-13039.84097	9228.95836	137.00000	15879.82758	44.50362	0.00000	0.13155	15880.00000	-8.64360	0.00000	-0.16845
-13056.19023	9240.47814	137.00000	15899.82761	44.54944	0.00000	0.13098	15900.00000	-8.70250	0.00000	-0.16902
-13072.53937	9251.99808	137.00000	15919.82765	44.59506	0.00000	0.13040	15920.00000	-8.76160	0.00000	-0.16960
-13088.88840	9263.51818	137.00000	15939.82768	44.64048	0.00000	0.12983	15940.00000	-8.82090	0.00000	-0.17017
-13105.23731	9275.03845	137.00000	15959.82772	44.68570	0.00000	0.12926	15960.00000	-8.88040	0.00000	-0.17074
-13121.58611	9286.55888	137.00000	15979.82776	44.73072	0.00000	0.12869	15980.00000	-8.94010	0.00000	-0.17131
-13137.93479	9298.07948	137.00000	15999.82780	44.77554	0.00000	0.12811	16000.00000	-9.00000	0.00000	-0.17189
-13154.28336	9309.60024	137.00000	16019.82784	44.82016	0.00000	0.12754	16020.00000	-9.06010	0.00000	-0.17246
-13170.63182	9321.12116	137.00000	16039.82788	44.86458	0.00000	0.12697	16040.00000	-9.12040	0.00000	-0.17303
-13186.98015	9332.64225	137.00000	16059.82792	44.90880	0.00000	0.12639	16060.00000	-9.18090	0.00000	-0.17361
-13203.32838	9344.16350	137.00000	16079.82797	44.95283	0.00000	0.12582	16080.00000	-9.24160	0.00000	-0.17418
-13219.67649	9355.68491	137.00000	16099.82801	44.99665	0.00000	0.12525	16100.00000	-9.30250	0.00000	-0.17475
-13236.02448	9367.20649	137.00000	16119.82806	45.04027	0.00000	0.12467	16120.00000	-9.36360	0.00000	-0.17533
-13252.37237	9378.72824	137.00000	16139.82811	45.08369	0.00000	0.12410	16140.00000	-9.42490	0.00000	-0.17590
-13268.72013	9390.25014	137.00000	16159.82815	45.12691	0.00000	0.12353	16160.00000	-9.48640	0.00000	-0.17647
-13285.06778	9401.77221	137.00000	16179.82820	45.16993	0.00000	0.12296	16180.00000	-9.54810	0.00000	-0.17704
-13301.41532	9413.29445	137.00000	16199.82825	45.21275	0.00000	0.12238	16200.00000	-9.61000	0.00000	-0.17762
-13317.76274	9424.81685	137.00000	16219.82830	45.25537	0.00000	0.12181	16220.00000	-9.67210	0.00000	-0.17819
-13334.11005	9436.33941	137.00000	16239.82836	45.29779	0.00000	0.12124	16240.00000	-9.73440	0.00000	-0.17876
-13350.45724	9447.86213	137.00000	16259.82841	45.34001	0.00000	0.12066	16260.00000	-9.79690	0.00000	-0.17934
-13366.80432	9459.38502	137.00000	16279.82846	45.38203	0.00000	0.12009	16280.00000	-9.85960	0.00000	-0.17991
-13383.15128	9470.90808	137.00000	16299.82852	45.42385	0.00000	0.11952	16300.00000	-9.92250	0.00000	-0.18048
-13399.49813	9482.43129	137.00000	16319.82857	45.46547	0.00000	0.11895	16320.00000	-9.98560	0.00000	-0.18105
-13415.84486	9493.95467	137.00000	16339.82863	45.50689	0.00000	0.11837	16340.00000	-10.04890	0.00000	-0.18163
-13432.19148	9505.47822	137.00000	16359.82869	45.54811	0.00000	0.11780	16360.00000	-10.11240	0.00000	-0.18220
-13448.53799	9517.00193	137.00000	16379.82875	45.58913	0.00000	0.11723	16380.00000	-10.17610	0.00000	-0.18277
-13464.88437	9528.52580	137.00000	16399.82881	45.62995	0.00000	0.11665	16400.00000	-10.24000	0.00000	-0.18335
-13481.23065	9540.04984	137.00000	16419.82887	45.67057	0.00000	0.11608	16420.00000	-10.30410	0.00000	-0.18392
-13497.57681	9551.57404	137.00000	16439.82893	45.71099	0.00000	0.11551	16440.00000	-10.36840	0.00000	-0.18449
-13513.92285	9563.09840	137.00000	16459.82900	45.75121	0.00000	0.11493	16460.00000	-10.43290	0.00000	-0.18507
-13530.26879	9574.62293	137.00000	16479.82906	45.79123	0.00000	0.11436	16480.00000	-10.49760	0.00000	-0.18564
-13546.61460	9586.14762	137.00000	16499.82913	45.83105	0.00000	0.11379	16500.00000	-10.56250	0.00000	-0.18621
-13562.96030	9597.67248	137.00000	16519.82919	45.87067	0.00000	0.11322	16520.00000	-10.62760	0.00000	-0.18678
-13579.30589	9609.19750	137.00000	16539.82926	45.91009	0.00000	0.11264	16540.00000	-10.69290	0.00000	-0.18736
-13595.65136	9620.72268	137.00000	16559.82933	45.94931	0.00000	0.11207	16560.00000	-10.75840	0.00000	-0.18793
-13611.99672	9632.24803	137.00000	16579.82940	45.98833	0.00000	0.11150	16580.00000	-10.82410	0.00000	-0.18850
-13628.34196	9643.77354	137.00000	16599.82947	46.02715	0.00000	0.11092	16600.00000	-10.89000	0.00000	-0.18908
-13644.68709	9655.29921	137.00000	16619.82954	46.06577	0.00000	0.11035	16620.00000	-10.95610	0.00000	-0.18965
-13661.03210	9666.82505	137.00000	16639.82962	46.10419	0.00000	0.10978	16640.00000	-11.02240	0.00000	-0.19022
-13677.37700	9678.35105	137.00000	16659.82969	46.14241	0.00000	0.10921	16660.00000	-11.08890	0.00000	-0.19079
-13693.72178	9689.87722	137.00000	16679.82977	46.18043	0.00000	0.10863	16680.00000	-11.15560	0.00000	-0.19137
-13710.06645	9701.40355	137.00000	16699.82984	46.21825	0.00000	0.10806	16700.00000	-11.22250	0.00000	-0.19194
-13726.41100	9712.93004	137.00000	16719.82992	46.25587	0.00000	0.10749	16720.00000	-11.28960	0.00000	-0.19251
-13742.75544	9724.45670	137.00000	16739.83000	46.29329	0.00000	0.10691	16740.00000	-11.35690	0.00000	-0.19309
-13759.09977	9735.98352	137.00000	16759.83008	46.33051	0.00000	0.10634	16760.00000	-11.42440	0.00000	-0.19366
-13775.44398	9747.51051	137.00000	16779.83016	46.36753	0.00000	0.10577	16780.00000	-11.49210	0.00000	-0.19423
-13791.78807	9759.03766	137.00000	16799.83024	46.40435	0.00000	0.10519	16800.00000	-11.56000	0.00000	-0.19481
-13808.13205	9770.56497	137.00000	16819.83032	46.44097	0.00000	0.10462	16820.00000	-11.62810	0.00000	-0.19538
-13824.47592	9782.09245	137.00000	16839.83040	46.47739	0.00000	0.10405	16840.00000	-11.69640	0.00000	-0.19595
-13840.81967	9793.62009	137.00000	16859.83049	46.51361	0.00000	0.10348	16860.00000	-11.76490	0.00000	-0.19652
-13857.16330	9805.14789	137.00000	16879.83057	46.54963	0.00000	0.10290	16880.00000	-11.83360	0.00000	-0.19710
-13873.50683	9816.67586	137.00000	16899.83066	46.58545	0.00000	0.10233	16900.00000	-11.90250	0.00000	-0.19767
-13889.85023	9828.20399	137.00000	16919.83075	46.62107	0.00000	0.10176	16920.00000	-11.97160	0.00000	-0.19824
-13906.19353	9839.73229	137.00000	16939.83084	46.65649	0.00000	0.10118	16940.00000	-12.04090	0.00000	-0.19882
-13922.53670	9851.26075	137.00000	16959.83093	46.69171	0.00000	0.10061	16960.00000	-12.11040	0.00000	-0.19939
-13938.87976	9862.78937	137.00000	16979.83102	46.72673	0.00000	0.10004	16980.00000	-12.18010	0.00000	-0.19996
-13955.22271	9874.31816	137.00000	16999.83111	46.76155	0.00000	0.09946	17000.00000	-12.25000	0.00000	-0.20054
-13971.56555	9885.84711	137.00000	17019.83120	46.79617	0.00000	0.09889	17020.00000	-12.32010	0.00000	-0.20111
-13987.90826	9897.37622	137.00000	17039.83130	46.83059	0.00000	0.09832	17040.00000	-12.39040	0.00000	-0.20168
-14004.25087	9908.90550	137.00000	17059.83139	46.86481	0.00000	0.09775	17060.00000	-12.46090	0.00000	-0.20225
-14020.59336	9920.43495	137.00000	17079.83149	46.89883	0.00000	0.09717	17080.00000	-12.53160	0.00000	-0.20283
-14036.93573	9931.96455	137.00000	17099.83158	46.93265	0.00000	0.09660	17100.00000	-12.60250	0.00000	-0.20340
-14053.27799	9943.49432	137.00000	17119.83168	46.96627	0.00000	0.09603	17120.00000	-12.67360	0.00000	-0.20397
-14069.62014	9955.02426	137.00000	17139.83178	46.99969	0.00000	0.09545	17140.00000	-12.74490	0.00000	-0.20455
-14085.96217	9966.55436	137.00000	17159.83188	47.03292	0.00000	0.09488	17160.00000	-12.81640	0.00000	-0.20512
-14102.30408	9978.08462	137.00000	17179.83198	47.06594	0.00000	0.09431	17180.00000	-12.88810	0.00000	-0.20569
-14118.64588	9989.61504	137.00000	17199.83208	47.09876	0.00000	0.09374	17200.00000	-12.96000	0.00000	-0.20626
-14134.98757	10001.14563	137.00000	17219.83219	47.13138	0.00000	0.09316	17220.00000	-13.03210	0.00000	-0.20684
-14151.32914	10012.67639	137.00000	17239.83229	47.16380	0.00000	0.09259	17240.00000	-13.10440	0.00000	-0.20741
-14167.67060	10024.20730	137.00000	17259.83240	47.19602	0.00000	0.09202	17260.00000	-13.17690	0.00000	-0.20798
-14184.01194	10035.73838	137.00000	17279.83250	47.22804	0.00000	0.09144	17280.00000	-13.24960	0.00000	-0.20856
-14200.35317	10047.26963	137.00000	17299.83261	47.25986	0.00000	0.09087	17300.00000	-13.32250	0.00000	-0.20913
-14216.69428	10058.80104	137.00000	17319.83272	47.29148	0.00000	0.09030	17320.00000	-13.39560	0.00000	-0.20970
-14233.03528	10070.33261	137.00000	17339.83283	47.32290	0.00000	0.08972	17340.00000	-13.46890	0.00000	-0.21028
-14249.37616	10081.86435	137.00000	17359.83294	47.35412	0.00000	0.08915	17360.00000	-13.54240	0.00000	-0.21085
-14265.71693	10093.39625	137.00000	17379.83305	47.38514	0.00000	0.08858	17380.00000	-13.61610	0.00000	-0.21142
-14282.05758	10104.92831	137.00000	17399.83317	47.41596	0.00000	0.08801	17400.00000	-13.69000	0.00000	-0.21199
-14298.39812	10116.46054	137.00000	17419.83328	47.44658	0.00000	0.08743	17420.00000	-13.76410	0.00000	-0.21257
-14314.73854	10127.99293	137.00000	17439.83339	47.47700	0.00000	0.08686	17440.00000	-13.83840	0.00000	-0.21314
-14331.07885	10139.52549	137.00000	17459.83351	47.50722	0.00000	0.08629	17460.00000	-13.91290	0.00000	-0.21371
-14347.41905	10151.05821	137.00000	17479.83363	47.53724	0.00000	0.08571	17480.00000	-13.98760	0.00000	-0.21429
-14363.75913	10162.59109	137.00000	17499.83375	47.56706	0.00000	0.08514	17500.00000	-14.06250	0.00000	-0.21486
-14380.09909	10174.12414	137.00000	17519.83386	47.59668	0.00000	0.08457	17520.00000	-14.13760	0.00000	-0.21543
-14396.43894	10185.65735	137.00000	17539.83398	47.62610	0.00000	0.08399	17540.00000	-14.21290	0.00000	-0.21601
-14412.77868	10197.19072	137.00000	17559.83411	47.65532	0.00000	0.08342	17560.00000	-14.28840	0.00000	-0.21658
-14429.11830	10208.72426	137.00000	17579.83423	47.68434	0.00000	0.08285	17580.00000	-14.36410	0.00000	-0.21715
-14445.45781	10220.25796	137.00000	17599.83435	47.71316	0.00000	0.08228	17600.00000	-14.44000	0.00000	-0.21772
-14461.79720	10231.79183	137.00000	17619.83448	47.74178	0.00000	0.08170	17620.00000	-14.51610	0.00000	-0.21830
-14478.13648	10243.32586	137.00000	17639.83460	47.77020	0.00000	0.08113	17640.00000	-14.59240	0.00000	-0.21887
-14494.47564	10254.86005	137.00000	17659.83473	47.79842	0.00000	0.08056	17660.00000	-14.66890	0.00000	-0.21944
-14510.81469	10266.39441	137.00000	17679.83485	47.82644	0.00000	0.07998	17680.00000	-14.74560	0.00000	-0.22002
-14527.15362	10277.92893	137.00000	17699.83498	47.85426	0.00000	0.07941	17700.00000	-14.82250	0.00000	-0.22059
-14543.49244	10289.46362	137.00000	17719.83511	47.88188	0.00000	0.07884	17720.00000	-14.89960	0.00000	-0.22116
-14559.83114	10300.99847	137.00000	17739.83524	47.90930	0.00000	0.07827	17740.00000	-14.97690	0.00000	-0.22173
-14576.16973	10312.53348	137.00000	17759.83537	47.93652	0.00000	0.07769	17760.00000	-15.05440	0.00000	-0.22231
-14592.50820	10324.06866	137.00000	17779.83551	47.96354	0.00000	0.07712	17780.00000	-15.13210	0.00000	-0.22288
-14608.84656	10335.60400	137.00000	17799.83564	47.99036	0.00000	0.07655	17800.00000	-15.21000	0.00000	-0.22345
-14625.18481	10347.13950	137.00000	17819.83578	48.01699	0.00000	0.07597	17820.00000	-15.28810	0.00000	-0.22403
-14641.52294	10358.67517	137.00000	17839.83591	48.04341	0.00000	0.07540	17840.00000	-15.36640	0.00000	-0.22460
-14657.86095	10370.21100	137.00000	17859.83605	48.06963	0.00000	0.07483	17860.00000	-15.44490	0.00000	-0.22517
-14674.19885	10381.74700	137.00000	17879.83619	48.09565	0.00000	0.07425	17880.00000	-15.52360	0.00000	-0.22575
-14690.53664	10393.28316	137.00000	17899.83633	48.12147	0.00000	0.07368	17900.00000	-15.60250	0.00000	-0.22632
-14706.87431	10404.81948	137.00000	17919.83647	48.14709	0.00000	0.07311	17920.00000	-15.68160	0.00000	-0.22689
-14723.21186	10416.35597	137.00000	17939.83661	48.17251	0.00000	0.07254	17940.00000	-15.76090	0.00000	-0.22746
-14739.54931	10427.89262	137.00000	17959.83675	48.19773	0.00000	0.07196	17960.00000	-15.84040	0.00000	-0.22804
-14755.88663	10439.42944	137.00000	17979.83689	48.22275	0.00000	0.07139	17980.00000	-15.92010	0.00000	-0.22861
-14772.22385	10450.96641	137.00000	17999.83704	48.24757	0.00000	0.07082	18000.00000	-16.00000	0.00000	-0.22918
-14788.56094	10462.50356	137.00000	18019.83718	48.27219	0.00000	0.07024	18020.00000	-16.08010	0.00000	-0.22976
-14804.89793	10474.04086	137.00000	18039.83733	48.29661	0.00000	0.06967	18040.00000	-16.16040	0.00000	-0.23033
-14821.23479	10485.57833	137.00000	18059.83747	48.32083	0.00000	0.06910	18060.00000	-16.24090	0.00000	-0.23090
-14837.57155	10497.11597	137.00000	18079.83762	48.34485	0.00000	0.06853	18080.00000	-16.32160	0.00000	-0.23147
-14853.90819	10508.65377	137.00000	18099.83777	48.36867	0.00000	0.06795	18100.00000	-16.40250	0.00000	-0.23205
-14870.24471	10520.19173	137.00000	18119.83792	48.39229	0.00000	0.06738	18120.00000	-16.48360	0.00000	-0.23262
-14886.58112	10531.72985	137.00000	18139.83807	48.41571	0.00000	0.06681	18140.00000	-16.56490	0.00000	-0.23319
-14902.91741	10543.26814	137.00000	18159.83823	48.43893	0.00000	0.06623	18160.00000	-16.64640	0.00000	-0.23377
-14919.25359	10554.80660	137.00000	18179.83838	48.46195	0.00000	0.06566	18180.00000	-16.72810	0.00000	-0.23434
-14935.58966	10566.34522	137.00000	18199.83854	48.48477	0.00000	0.06509	18200.00000	-16.81000	0.00000	-0.23491
-14951.92561	10577.88400	137.00000	18219.83869	48.50739	0.00000	0.06451	18220.00000	-16.89210	0.00000	-0.23549
-14968.26144	10589.42294	137.00000	18239.83885	48.52981	0.00000	0.06394	18240.00000	-16.97440	0.00000	-0.23606
-14984.59716	10600.96205	137.00000	18259.83901	48.55203	0.00000	0.06337	18260.00000	-17.05690	0.00000	-0.23663
-15000.93277	10612.50132	137.00000	18279.83916	48.57405	0.00000	0.06280	18280.00000	-17.13960	0.00000	-0.23720
-15017.26826	10624.04076	137.00000	18299.83932	48.59587	0.00000	0.06222	18300.00000	-17.22250	0.00000	-0.23778
-15033.60364	10635.58036	137.00000	18319.83949	48.61749	0.00000	0.06165	18320.00000	-17.30560	0.00000	-0.23835
-15049.93890	10647.12012	137.00000	18339.83965	48.63892	0.00000	0.06108	18340.00000	-17.38890	0.00000	-0.23892
-15066.27405	10658.66005	137.00000	18359.83981	48.66014	0.00000	0.06050	18360.00000	-17.47240	0.00000	-0.23950
-15082.60908	10670.20014	137.00000	18379.83997	48.68116	0.00000	0.05993	18380.00000	-17.55610	0.00000	-0.24007
-15098.94400	10681.74040	137.00000	18399.84014	48.70198	0.00000	0.05936	18400.00000	-17.64000	0.00000	-0.24064
-15115.27880	10693.28082	137.00000	18419.84031	48.72260	0.00000	0.05878	18420.00000	-17.72410	0.00000	-0.24122
-15131.61349	10704.82140	137.00000	18439.84047	48.74302	0.00000	0.05821	18440.00000	-17.80840	0.00000	-0.24179
-15147.94806	10716.36215	137.00000	18459.84064	48.76324	0.00000	0.05764	18460.00000	-17.89290	0.00000	-0.24236
-15164.28252	10727.90306	137.00000	18479.84081	48.78326	0.00000	0.05707	18480.00000	-17.97760	0.00000	-0.24293
-15180.61687	10739.44413	137.00000	18499.84098	48.80308	0.00000	0.05649	18500.00000	-18.06250	0.00000	-0.24351
-15196.95110	10750.98537	137.00000	18519.84115	48.82270	0.00000	0.05592	18520.00000	-18.14760	0.00000	-0.24408
-15213.28521	10762.52677	137.00000	18539.84133	48.84212	0.00000	0.05535	18540.00000	-18.23290	0.00000	-0.24465
-15229.61921	10774.06834	137.00000	18559.84150	48.86134	0.00000	0.05477	18560.00000	-18.31840	0.00000	-0.24523
-15245.95310	10785.61007	137.00000	18579.84167	48.88036	0.00000	0.05420	18580.00000	-18.40410	0.00000	-0.24580
-15262.28687	10797.15197	137.00000	18599.84185	48.89918	0.00000	0.05363	18600.00000	-18.49000	0.00000	-0.24637
-15278.62052	10808.69402	137.00000	18619.84203	48.91780	0.00000	0.05306	18620.00000	-18.57610	0.00000	-0.24694
-15294.95406	10820.23624	137.00000	18639.84220	48.93622	0.00000	0.05248	18640.00000	-18.66240	0.00000	-0.24752
-15311.28749	10831.77863	137.00000	18659.84238	48.95444	0.00000	0.05191	18660.00000	-18.74890	0.00000	-0.24809
-15327.62080	10843.32118	137.00000	18679.84256	48.97246	0.00000	0.05134	18680.00000	-18.83560	0.00000	-0.24866
-15343.95400	10854.86389	137.00000	18699.84274	48.99028	0.00000	0.05076	18700.00000	-18.92250	0.00000	-0.24924
-15360.28708	10866.40677	137.00000	18719.84292	49.00790	0.00000	0.05019	18720.00000	-19.00960	0.00000	-0.24981
-15376.62005	10877.94981	137.00000	18739.84311	49.02532	0.00000	0.04962	18740.00000	-19.09690	0.00000	-0.25038
-15392.95290	10889.49301	137.00000	18759.84329	49.04254	0.00000	0.04904	18760.00000	-19.18440	0.00000	-0.25096
-15409.28564	10901.03638	137.00000	18779.84348	49.05956	0.00000	0.04847	18780.00000	-19.27210	0.00000	-0.25153
-15425.61826	10912.57991	137.00000	18799.84366	49.07639	0.00000	0.04790	18800.00000	-19.36000	0.00000	-0.25210
-15441.95077	10924.12361	137.00000	18819.84385	49.09301	0.00000	0.04733	18820.00000	-19.44810	0.00000	-0.25267
-15458.28317	10935.66747	137.00000	18839.84404	49.10943	0.00000	0.04675	18840.00000	-19.53640	0.00000	-0.25325
-15474.61545	10947.21149	137.00000	18859.84423	49.12565	0.00000	0.04618	18860.00000	-19.62490	0.00000	-0.25382
-15490.94761	10958.75568	137.00000	18879.84442	49.14167	0.00000	0.04561	18880.00000	-19.71360	0.00000	-0.25439
-15507.27966	10970.30003	137.00000	18899.84461	49.15749	0.00000	0.04503	18900.00000	-19.80250	0.00000	-0.25497
-15523.61160	10981.84455	137.00000	18919.84480	49.17311	0.00000	0.04446	18920.00000	-19.89160	0.00000	-0.25554
-15539.94342	10993.38923	137.00000	18939.84499	49.18853	0.00000	0.04389	18940.00000	-19.98090	0.00000	-0.25611
-15556.27512	11004.93407	137.00000	18959.84519	49.20375	0.00000	0.04331	18960.00000	-20.07040	0.00000	-0.25669
-15572.60671	11016.47908	137.00000	18979.84538	49.21877	0.00000	0.04274	18980.00000	-20.16010	0.00000	-0.25726
-15588.93819	11028.02425	137.00000	18999.84558	49.23359	0.00000	0.04217	19000.00000	-20.25000	0.00000	-0.25783
-15605.26955	11039.56958	137.00000	19019.84578	49.24821	0.00000	0.04160	19020.00000	-20.34010	0.00000	-0.25840
-15621.60080	11051.11508	137.00000	19039.84598	49.26263	0.00000	0.04102	19040.00000	-20.43040	0.00000	-0.25898
-15637.93193	11062.66074	137.00000	19059.84618	49.27685	0.00000	0.04045	19060.00000	-20.52090	0.00000	-0.25955
-15654.26295	11074.20657	137.00000	19079.84638	49.29087	0.00000	0.03988	19080.00000	-20.61160	0.00000	-0.26012
-15670.59385	11085.75256	137.00000	19099.84658	49.30469	0.00000	0.03930	19100.00000	-20.70250	0.00000	-0.26070
-15686.92464	11097.29871	137.00000	19119.84678	49.31831	0.00000	0.03873	19120.00000	-20.79360	0.00000	-0.26127
-15703.25531	11108.84503	137.00000	19139.84699	49.33173	0.00000	0.03816	19140.00000	-20.88490	0.00000	-0.26184
-15719.58587	11120.39151	137.00000	19159.84719	49.34495	0.00000	0.03759	19160.00000	-20.97640	0.00000	-0.26241
-15735.91632	11131.93815	137.00000	19179.84740	49.35798	0.00000	0.03701	19180.00000	-21.06810	0.00000	-0.26299
-15752.24664	11143.48496	137.00000	19199.84760	49.37080	0.00000	0.03644	19200.00000	-21.16000	0.00000	-0.26356
-15768.57686	11155.03194	137.00000	19219.84781	49.38342	0.00000	0.03587	19220.00000	-21.25210	0.00000	-0.26413
-15784.90696	11166.57907	137.00000	19239.84802	49.39584	0.00000	0.03529	19240.00000	-21.34440	0.00000	-0.26471
-15801.23694	11178.12637	137.00000	19259.84823	49.40806	0.00000	0.03472	19260.00000	-21.43690	0.00000	-0.26528
-15817.56681	11189.67384	137.00000	19279.84844	49.42008	0.00000	0.03415	19280.00000	-21.52960	0.00000	-0.26585
-15833.89657	11201.22146	137.00000	19299.84866	49.43190	0.00000	0.03357	19300.00000	-21.62250	0.00000	-0.26643
-15850.22621	11212.76926	137.00000	19319.84887	49.44352	0.00000	0.03300	19320.00000	-21.71560	0.00000	-0.26700
-15866.55574	11224.31721	137.00000	19339.84908	49.45494	0.00000	0.03243	19340.00000	-21.80890	0.00000	-0.26757
-15882.88515	11235.86533	137.00000	19359.84930	49.46616	0.00000	0.03186	19360.00000	-21.90240	0.00000	-0.26814
-15899.21444	11247.41361	137.00000	19379.84951	49.47718	0.00000	0.03128	19380.00000	-21.99610	0.00000	-0.26872
-15915.54363	11258.96206	137.00000	19399.84973	49.48800	0.00000	0.03071	19400.00000	-22.09000	0.00000	-0.26929
-15931.87269	11270.51067	137.00000	19419.84995	49.49862	0.00000	0.03014	19420.00000	-22.18410	0.00000	-0.26986
-15948.20165	11282.05945	137.00000	19439.85017	49.50904	0.00000	0.02956	19440.00000	-22.27840	0.00000	-0.27044
-15964.53048	11293.60839	137.00000	19459.85039	49.51926	0.00000	0.02899	19460.00000	-22.37290	0.00000	-0.27101
-15980.85921	11305.15749	137.00000	19479.85061	49.52928	0.00000	0.02842	19480.00000	-22.46760	0.00000	-0.27158
-15997.18782	11316.70675	137.00000	19499.85084	49.53910	0.00000	0.02785	19500.00000	-22.56250	0.00000	-0.27215
-16013.51631	11328.25618	137.00000	19519.85106	49.54872	0.00000	0.02727	19520.00000	-22.65760	0.00000	-0.27273
-16029.84469	11339.80578	137.00000	19539.85128	49.55815	0.00000	0.02670	19540.00000	-22.75290	0.00000	-0.27330
-16046.17295	11351.35554	137.00000	19559.85151	49.56737	0.00000	0.02613	19560.00000	-22.84840	0.00000	-0.27387
-16062.50110	11362.90546	137.00000	19579.85174	49.57639	0.00000	0.02555	19580.00000	-22.94410	0.00000	-0.27445
-16078.82914	11374.45554	137.00000	19599.85196	49.58521	0.00000	0.02498	19600.00000	-23.04000	0.00000	-0.27502
-16095.15706	11386.00579	137.00000	19619.85219	49.59383	0.00000	0.02441	19620.00000	-23.13610	0.00000	-0.27559
-16111.48486	11397.55621	137.00000	19639.85242	49.60225	0.00000	0.02383	19640.00000	-23.23240	0.00000	-0.27617
-16127.81255	11409.10678	137.00000	19659.85265	49.61047	0.00000	0.02326	19660.00000	-23.32890	0.00000	-0.27674
-16144.14013	11420.65752	137.00000	19679.85289	49.61849	0.00000	0.02269	19680.00000	-23.42560	0.00000	-0.27731
-16160.46759	11432.20843	137.00000	19699.85312	49.62631	0.00000	0.02212	19700.00000	-23.52250	0.00000	-0.27788
-16176.79494	11443.75950	137.00000	19719.85335	49.63393	0.00000	0.02154	19720.00000	-23.61960	0.00000	-0.27846
-16193.12217	11455.31073	137.00000	19739.85359	49.64135	0.00000	0.02097	19740.00000	-23.71690	0.00000	-0.27903
-16209.44929	11466.86212	137.00000	19759.85383	49.64857	0.00000	0.02040	19760.00000	-23.81440	0.00000	-0.27960
-16225.77629	11478.41368	137.00000	19779.85406	49.65559	0.00000	0.01982	19780.00000	-23.91210	0.00000	-0.28018
-16242.10318	11489.96541	137.00000	19799.85430	49.66241	0.00000	0.01925	19800.00000	-24.01000	0.00000	-0.28075
-16258.42995	11501.51730	137.00000	19819.85454	49.66903	0.00000	0.01868	19820.00000	-24.10810	0.00000	-0.28132
-16274.75661	11513.06935	137.00000	19839.85478	49.67545	0.00000	0.01810	19840.00000	-24.20640	0.00000	-0.28190
-16291.08315	11524.62156	137.00000	19859.85502	49.68167	0.00000	0.01753	19860.00000	-24.30490	0.00000	-0.28247
-16307.40958	11536.17394	137.00000	19879.85527	49.68770	0.00000	0.01696	19880.00000	-24.40360	0.00000	-0.28304
-16323.73590	11547.72648	137.00000	19899.85551	49.69352	0.00000	0.01639	19900.00000	-24.50250	0.00000	-0.28361
-16340.06210	11559.27919	137.00000	19919.85575	49.69914	0.00000	0.01581	19920.00000	-24.60160	0.00000	-0.28419
-16356.38818	11570.83206	137.00000	19939.85600	49.70456	0.00000	0.01524	19940.00000	-24.70090	0.00000	-0.28476
-16372.71415	11582.38510	137.00000	19959.85625	49.70978	0.00000	0.01467	19960.00000	-24.80040	0.00000	-0.28533
-16389.04001	11593.93829	137.00000	19979.85650	49.71480	0.00000	0.01409	19980.00000	-24.90010	0.00000	-0.28591
-16405.36575	11605.49166	137.00000	19999.85674	49.71962	0.00000	0.01352	20000.00000	-25.00000	0.00000	-0.28648
-16421.69137	11617.04518	137.00000	20019.85699	49.72424	0.00000	0.01295	20020.00000	-25.10010	0.00000	-0.28705
-16438.01688	11628.59887	137.00000	20039.85725	49.72866	0.00000	0.01238	20040.00000	-25.20040	0.00000	-0.28762
-16454.34228	11640.15272	137.00000	20059.85750	49.73288	0.00000	0.01180	20060.00000	-25.30090	0.00000	-0.28820
-16470.66756	11651.70674	137.00000	20079.85775	49.73690	0.00000	0.01123	20080.00000	-25.40160	0.00000	-0.28877
-16486.99273	11663.26092	137.00000	20099.85800	49.74072	0.00000	0.01066	20100.00000	-25.50250	0.00000	-0.28934
-16503.31778	11674.81527	137.00000	20119.85826	49.74434	0.00000	0.01008	20120.00000	-25.60360	0.00000	-0.28992
-16519.64272	11686.36978	137.00000	20139.85852	49.74776	0.00000	0.00951	20140.00000	-25.70490	0.00000	-0.29049
-16535.96754	11697.92445	137.00000	20159.85877	49.75098	0.00000	0.00894	20160.00000	-25.80640	0.00000	-0.29106
-16552.29225	11709.47929	137.00000	20179.85903	49.75401	0.00000	0.00836	20180.00000	-25.90810	0.00000	-0.29164
-16568.61684	11721.03429	137.00000	20199.85929	49.75683	0.00000	0.00779	20200.00000	-26.01000	0.00000	-0.29221
-16584.94132	11732.58945	137.00000	20219.85955	49.75945	0.00000	0.00722	20220.00000	-26.11210	0.00000	-0.29278
-16601.26569	11744.14478	137.00000	20239.85981	49.76187	0.00000	0.00665	20240.00000	-26.21440	0.00000	-0.29335
-16617.58993	11755.70027	137.00000	20259.86008	49.76409	0.00000	0.00607	20260.00000	-26.31690	0.00000	-0.29393
-16633.91407	11767.25593	137.00000	20279.86034	49.76611	0.00000	0.00550	20280.00000	-26.41960	0.00000	-0.29450
-16650.23809	11778.81175	137.00000	20299.86060	49.76793	0.00000	0.00493	20300.00000	-26.52250	0.00000	-0.29507
-16666.56199	11790.36773	137.00000	20319.86087	49.76955	0.00000	0.00435	20320.00000	-26.62560	0.00000	-0.29565
-16682.88578	11801.92388	137.00000	20339.86114	49.77097	0.00000	0.00378	20340.00000	-26.72890	0.00000	-0.29622
-16699.20946	11813.48019	137.00000	20359.86140	49.77219	0.00000	0.00321	20360.00000	-26.83240	0.00000	-0.29679
-16715.53302	11825.03666	137.00000	20379.86167	49.77321	0.00000	0.00263	20380.00000	-26.93610	0.00000	-0.29737
-16731.85647	11836.59330	137.00000	20399.86194	49.77403	0.00000	0.00206	20400.00000	-27.04000	0.00000	-0.29794
-16748.17980	11848.15010	137.00000	20419.86221	49.77465	0.00000	0.00149	20420.00000	-27.14410	0.00000	-0.29851
-16764.50302	11859.70707	137.00000	20439.86249	49.77507	0.00000	0.00092	20440.00000	-27.24840	0.00000	-0.29908
-16780.82612	11871.26420	137.00000	20459.86276	49.77529	0.00000	0.00034	20460.00000	-27.35290	0.00000	-0.29966
-16797.14911	11882.82149	137.00000	20479.86303	49.77532	0.00000	-0.00023	20480.00000	-27.45760	0.00000	-0.30023
-16813.47198	11894.37895	137.00000	20499.86331	49.77514	0.00000	-0.00080	20500.00000	-27.56250	0.00000	-0.30080
-16829.79474	11905.93657	137.00000	20519.86358	49.77476	0.00000	-0.00138	20520.00000	-27.66760	0.00000	-0.30138
-16846.11738	11917.49436	137.00000	20539.86386	49.77418	0.00000	-0.00195	20540.00000	-27.77290	0.00000	-0.30195
-16862.43991	11929.05231	137.00000	20559.86414	49.77340	0.00000	-0.00252	20560.00000	-27.87840	0.00000	-0.30252
-16878.76232	11940.61042	137.00000	20579.86442	49.77242	0.00000	-0.00309	20580.00000	-27.98410	0.00000	-0.30309
-16895.08462	11952.16870	137.00000	20599.86470	49.77124	0.00000	-0.00367	20600.00000	-28.09000	0.00000	-0.30367
-16911.40681	11963.72714	137.00000	20619.86498	49.76986	0.00000	-0.00424	20620.00000	-28.19610	0.00000	-0.30424
-16927.72888	11975.28574	137.00000	20639.86526	49.76828	0.00000	-0.00481	20640.00000	-28.30240	0.00000	-0.30481
-16944.05083	11986.84451	137.00000	20659.86555	49.76650	0.00000	-0.00539	20660.00000	-28.40890	0.00000	-0.30539
-16960.37267	11998.40344	137.00000	20679.86583	49.76452	0.00000	-0.00596	20680.00000	-28.51560	0.00000	-0.30596
-16976.69440	12009.96254	137.00000	20699.86612	49.76234	0.00000	-0.00653	20700.00000	-28.62250	0.00000	-0.30653
-16993.01601	12021.52180	137.00000	20719.86640	49.75996	0.00000	-0.00711	20720.00000	-28.72960	0.00000	-0.30711
-17009.33750	12033.08122	137.00000	20739.86669	49.75739	0.00000	-0.00768	20740.00000	-28.83690	0.00000	-0.30768
-17025.65888	12044.64081	137.00000	20759.86698	49.75461	0.00000	-0.00825	20760.00000	-28.94440	0.00000	-0.30825
-17041.98015	12056.20056	137.00000	20779.86727	49.75163	0.00000	-0.00882	20780.00000	-29.05210	0.00000	-0.30882
-17058.30130	12067.76048	137.00000	20799.86756	49.74845	0.00000	-0.00940	20800.00000	-29.16000	0.00000	-0.30940
-17074.62234	12079.32056	137.00000	20819.86785	49.74507	0.00000	-0.00997	20820.00000	-29.26810	0.00000	-0.30997
-17090.94326	12090.88080	137.00000	20839.86814	49.74149	0.00000	-0.01054	20840.00000	-29.37640	0.00000	-0.31054
-17107.26407	12102.44121	137.00000	20859.86844	49.73771	0.00000	-0.01112	20860.00000	-29.48490	0.00000	-0.31112
-17123.58476	12114.00178	137.00000	20879.86873	49.73373	0.00000	-0.01169	20880.00000	-29.59360	0.00000	-0.31169
-17139.90534	12125.56251	137.00000	20899.86903	49.72955	0.00000	-0.01226	20900.00000	-29.70250	0.00000	-0.31226
-17156.22581	12137.12341	137.00000	20919.86933	49.72517	0.00000	-0.01283	20920.00000	-29.81160	0.00000	-0.31283
-17172.54616	12148.68447	137.00000	20939.86962	49.72059	0.00000	-0.01341	20940.00000	-29.92090	0.00000	-0.31341
-17188.86639	12160.24570	137.00000	20959.86992	49.71581	0.00000	-0.01398	20960.00000	-30.03040	0.00000	-0.31398
-17205.18651	12171.80709	137.00000	20979.87022	49.71083	0.00000	-0.01455	20980.00000	-30.14010	0.00000	-0.31455
-17221.50651	12183.36864	137.00000	20999.87053	49.70566	0.00000	-0.01513	21000.00000	-30.25000	0.00000	-0.31513
-17237.82640	12194.93036	137.00000	21019.87083	49.70028	0.00000	-0.01570	21020.00000	-30.36010	0.00000	-0.31570
-17254.14618	12206.49224	137.00000	21039.87113	49.69470	0.00000	-0.01627	21040.00000	-30.47040	0.00000	-0.31627
-17270.46584	12218.05428	137.00000	21059.87144	49.68892	0.00000	-0.01685	21060.00000	-30.58090	0.00000	-0.31685
-17286.78539	12229.61649	137.00000	21079.87174	49.68294	0.00000	-0.01742	21080.00000	-30.69160	0.00000	-0.31742
-17303.10482	12241.17887	137.00000	21099.87205	49.67676	0.00000	-0.01799	21100.00000	-30.80250	0.00000	-0.31799
-17319.42413	12252.74140	137.00000	21119.87235	49.67038	0.00000	-0.01856	21120.00000	-30.91360	0.00000	-0.31856
-17335.74334	12264.30410	137.00000	21139.87266	49.66380	0.00000	-0.01914	21140.00000	-31.02490	0.00000	-0.31914
-17352.06242	12275.86697	137.00000	21159.87297	49.65702	0.00000	-0.01971	21160.00000	-31.13640	0.00000	-0.31971
-17368.38140	12287.42999	137.00000	21179.87328	49.65004	0.00000	-0.02028	21180.00000	-31.24810	0.00000	-0.32028
-17384.70025	12298.99319	137.00000	21199.87360	49.64286	0.00000	-0.02086	21200.00000	-31.36000	0.00000	-0.32086
-17401.01900	12310.55654	137.00000	21219.87391	49.63548	0.00000	-0.02143	21220.00000	-31.47210	0.00000	-0.32143
-17417.33762	12322.12006	137.00000	21239.87422	49.62790	0.00000	-0.02200	21240.00000	-31.58440	0.00000	-0.32200
-17433.65614	12333.68374	137.00000	21259.87454	49.62013	0.00000	-0.02258	21260.00000	-31.69690	0.00000	-0.32258
-17449.97454	12345.24759	137.00000	21279.87485	49.61215	0.00000	-0.02315	21280.00000	-31.80960	0.00000	-0.32315
-17466.29282	12356.81160	137.00000	21299.87517	49.60397	0.00000	-0.02372	21300.00000	-31.92250	0.00000	-0.32372
-17482.61099	12368.37578	137.00000	21319.87549	49.59559	0.00000	-0.02429	21320.00000	-32.03560	0.00000	-0.32429
-17498.92904	12379.94012	137.00000	21339.87581	49.58701	0.00000	-0.02487	21340.00000	-32.14890	0.00000	-0.32487
-17515.24698	12391.50462	137.00000	21359.87613	49.57823	0.00000	-0.02544	21360.00000	-32.26240	0.00000	-0.32544
-17531.56481	12403.06929	137.00000	21379.87645	49.56925	0.00000	-0.02601	21380.00000	-32.37610	0.00000	-0.32601
-17547.88252	12414.63412	137.00000	21399.87677	49.56007	0.00000	-0.02659	21400.00000	-32.49000	0.00000	-0.32659
-17564.20012	12426.19911	137.00000	21419.87709	49.55069	0.00000	-0.02716	21420.00000	-32.60410	0.00000	-0.32716
-17580.51760	12437.76427	137.00000	21439.87742	49.54111	0.00000	-0.02773	21440.00000	-32.71840	0.00000	-0.32773
-17596.83496	12449.32959	137.00000	21459.87774	49.53133	0.00000	-0.02830	21460.00000	-32.83290	0.00000	-0.32830
-17613.15222	12460.89507	137.00000	21479.87807	49.52135	0.00000	-0.02888	21480.00000	-32.94760	0.00000	-0.32888
-17629.46935	12472.46072	137.00000	21499.87840	49.51118	0.00000	-0.02945	21500.00000	-33.06250	0.00000	-0.32945
-17645.78637	12484.02654	137.00000	21519.87873	49.50080	0.00000	-0.03002	21520.00000	-33.17760	0.00000	-0.33002
-17662.10328	12495.59251	137.00000	21539.87906	49.49022	0.00000	-0.03060	21540.00000	-33.29290	0.00000	-0.33060
-17678.42008	12507.15865	137.00000	21559.87939	49.47944	0.00000	-0.03117	21560.00000	-33.40840	0.00000	-0.33117
-17694.73675	12518.72496	137.00000	21579.87972	49.46846	0.00000	-0.03174	21580.00000	-33.52410	0.00000	-0.33174
-17711.05332	12530.29143	137.00000	21599.88005	49.45728	0.00000	-0.03232	21600.00000	-33.64000	0.00000	-0.33232
-17727.36977	12541.85806	137.00000	21619.88038	49.44590	0.00000	-0.03289	21620.00000	-33.75610	0.00000	-0.33289
-17743.68610	12553.42486	137.00000	21639.88072	49.43432	0.00000	-0.03346	21640.00000	-33.87240	0.00000	-0.33346
-17760.00232	12564.99182	137.00000	21659.88105	49.42254	0.00000	-0.03403	21660.00000	-33.98890	0.00000	-0.33403
-17776.31842	12576.55894	137.00000	21679.88139	49.41056	0.00000	-0.03461	21680.00000	-34.10560	0.00000	-0.33461
-17792.63441	12588.12623	137.00000	21699.88173	49.39838	0.00000	-0.03518	21700.00000	-34.22250	0.00000	-0.33518
-17808.95029	12599.69368	137.00000	21719.88207	49.38601	0.00000	-0.03575	21720.00000	-34.33960	0.00000	-0.33575
-17825.26605	12611.26129	137.00000	21739.88241	49.37343	0.00000	-0.03633	21740.00000	-34.45690	0.00000	-0.33633
-17841.58169	12622.82907	137.00000	21759.88275	49.36065	0.00000	-0.03690	21760.00000	-34.57440	0.00000	-0.33690
-17857.89722	12634.39702	137.00000	21779.88309	49.34767	0.00000	-0.03747	21780.00000	-34.69210	0.00000	-0.33747
-17874.21264	12645.96512	137.00000	21799.88343	49.33449	0.00000	-0.03805	21800.00000	-34.81000	0.00000	-0.33805
-17890.52794	12657.53339	137.00000	21819.88378	49.32111	0.00000	-0.03862	21820.00000	-34.92810	0.00000	-0.33862
-17906.84313	12669.10183	137.00000	21839.88412	49.30753	0.00000	-0.03919	21840.00000	-35.04640	0.00000	-0.33919
-17923.15820	12680.67043	137.00000	21859.88447	49.29375	0.00000	-0.03976	21860.00000	-35.16490	0.00000	-0.33976
-17939.47316	12692.23919	137.00000	21879.88482	49.27977	0.00000	-0.04034	21880.00000	-35.28360	0.00000	-0.34034
-17955.78800	12703.80811	137.00000	21899.88517	49.26559	0.00000	-0.04091	21900.00000	-35.40250	0.00000	-0.34091
-17972.10273	12715.37720	137.00000	21919.88552	49.25121	0.00000	-0.04148	21920.00000	-35.52160	0.00000	-0.34148
-17988.41734	12726.94646	137.00000	21939.88587	49.23664	0.00000	-0.04206	21940.00000	-35.64090	0.00000	-0.34206
-18004.73184	12738.51587	137.00000	21959.88622	49.22186	0.00000	-0.04263	21960.00000	-35.76040	0.00000	-0.34263
-18021.04622	12750.08546	137.00000	21979.88657	49.20688	0.00000	-0.04320	21980.00000	-35.88010	0.00000	-0.34320
-18037.36049	12761.65520	137.00000	21999.88692	49.19170	0.00000	-0.04377	22000.00000	-36.00000	0.00000	-0.34377
-18053.67465	12773.22511	137.00000	22019.88728	49.17632	0.00000	-0.04435	22020.00000	-36.12010	0.00000	-0.34435
-18069.98869	12784.79518	137.00000	22039.88763	49.16074	0.00000	-0.04492	22040.00000	-36.24040	0.00000	-0.34492
-18086.30261	12796.36542	137.00000	22059.88799	49.14496	0.00000	-0.04549	22060.00000	-36.36090	0.00000	-0.34549
-18102.61642	12807.93582	137.00000	22079.88835	49.12898	0.00000	-0.04607	22080.00000	-36.48160	0.00000	-0.34607
-18118.93012	12819.50638	137.00000	22099.88871	49.11280	0.00000	-0.04664	22100.00000	-36.60250	0.00000	-0.34664
-18135.24370	12831.07711	137.00000	22119.88907	49.09642	0.00000	-0.04721	22120.00000	-36.72360	0.00000	-0.34721
-18151.55717	12842.64800	137.00000	22139.88943	49.07984	0.00000	-0.04779	22140.00000	-36.84490	0.00000	-0.34779
-18167.87052	12854.21906	137.00000	22159.88979	49.06307	0.00000	-0.04836	22160.00000	-36.96640	0.00000	-0.34836
-18184.18375	12865.79028	137.00000	22179.89015	49.04609	0.00000	-0.04893	22180.00000	-37.08810	0.00000	-0.34893
-18200.49688	12877.36166	137.00000	22199.89052	49.02891	0.00000	-0.04950	22200.00000	-37.21000	0.00000	-0.34950
-18216.80988	12888.93321	137.00000	22219.89088	49.01153	0.00000	-0.05008	22220.00000	-37.33210	0.00000	-0.35008
-18233.12277	12900.50492	137.00000	22239.89125	48.99395	0.00000	-0.05065	22240.00000	-37.45440	0.00000	-0.35065
-18249.43555	12912.07680	137.00000	22259.89162	48.97617	0.00000	-0.05122	22260.00000	-37.57690	0.00000	-0.35122
-18265.74822	12923.64883	137.00000	22279.89199	48.95819	0.00000	-0.05180	22280.00000	-37.69960	0.00000	-0.35180
-18282.06076	12935.22104	137.00000	22299.89235	48.94001	0.00000	-0.05237	22300.00000	-37.82250	0.00000	-0.35237
-18298.37320	12946.79340	137.00000	22319.89272	48.92163	0.00000	-0.05294	22320.00000	-37.94560	0.00000	-0.35294
-18314.68552	12958.36593	137.00000	22339.89310	48.90305	0.00000	-0.05351	22340.00000	-38.06890	0.00000	-0.35351
-18330.99772	12969.93863	137.00000	22359.89347	48.88427	0.00000	-0.05409	22360.00000	-38.19240	0.00000	-0.35409
-18347.30981	12981.51148	137.00000	22379.89384	48.86530	0.00000	-0.05466	22380.00000	-38.31610	0.00000	-0.35466
-18363.62179	12993.08451	137.00000	22399.89422	48.84612	0.00000	-0.05523	22400.00000	-38.44000	0.00000	-0.35523
-18379.93365	13004.65769	137.00000	22419.89459	48.82674	0.00000	-0.05581	22420.00000	-38.56410	0.00000	-0.35581
-18396.24539	13016.23104	137.00000	22439.89497	48.80716	0.00000	-0.05638	22440.00000	-38.68840	0.00000	-0.35638
-18412.55702	13027.80455	137.00000	22459.89535	48.78738	0.00000	-0.05695	22460.00000	-38.81290	0.00000	-0.35695
-18428.86854	13039.37823	137.00000	22479.89573	48.76740	0.00000	-0.05753	22480.00000	-38.93760	0.00000	-0.35753
-18445.17994	13050.95207	137.00000	22499.89611	48.74722	0.00000	-0.05810	22500.00000	-39.06250	0.00000	-0.35810
-18461.49122	13062.52608	137.00000	22519.89649	48.72684	0.00000	-0.05867	22520.00000	-39.18760	0.00000	-0.35867
-18477.80240	13074.10025	137.00000	22539.89687	48.70626	0.00000	-0.05924	22540.00000	-39.31290	0.00000	-0.35924
-18494.11345	13085.67458	137.00000	22559.89725	48.68548	0.00000	-0.05982	22560.00000	-39.43840	0.00000	-0.35982
-18510.42440	13097.24907	137.00000	22579.89764	48.66451	0.00000	-0.06039	22580.00000	-39.56410	0.00000	-0.36039
-18526.73522	13108.82373	137.00000	22599.89802	48.64333	0.00000	-0.06096	22600.00000	-39.69000	0.00000	-0.36096
-18543.04594	13120.39856	137.00000	22619.89841	48.62195	0.00000	-0.06154	22620.00000	-39.81610	0.00000	-0.36154
-18559.35653	13131.97355	137.00000	22639.89879	48.60037	0.00000	-0.06211	22640.00000	-39.94240	0.00000	-0.36211
-18575.66702	13143.54870	137.00000	22659.89918	48.57859	0.00000	-0.06268	22660.00000	-40.06890	0.00000	-0.36268
-18591.97739	13155.12401	137.00000	22679.89957	48.55661	0.00000	-0.06326	22680.00000	-40.19560	0.00000	-0.36326
-18608.28764	13166.69949	137.00000	22699.89996	48.53443	0.00000	-0.06383	22700.00000	-40.32250	0.00000	-0.36383
-18624.59778	13178.27513	137.00000	22719.90035	48.51205	0.00000	-0.06440	22720.00000	-40.44960	0.00000	-0.36440
-18640.90780	13189.85094	137.00000	22739.90074	48.48947	0.00000	-0.06497	22740.00000	-40.57690	0.00000	-0.36497
-18657.21771	13201.42691	137.00000	22759.90114	48.46669	0.00000	-0.06555	22760.00000	-40.70440	0.00000	-0.36555
-18673.52751	13213.00305	137.00000	22779.90153	48.44372	0.00000	-0.06612	22780.00000	-40.83210	0.00000	-0.36612
-18689.83719	13224.57934	137.00000	22799.90193	48.42054	0.00000	-0.06669	22800.00000	-40.96000	0.00000	-0.36669
-18706.14676	13236.15581	137.00000	22819.90232	48.39716	0.00000	-0.06727	22820.00000	-41.08810	0.00000	-0.36727
-18722.45621	13247.73243	137.00000	22839.90272	48.37358	0.00000	-0.06784	22840.00000	-41.21640	0.00000	-0.36784
-18738.76554	13259.30922	137.00000	22859.90312	48.34980	0.00000	-0.06841	22860.00000	-41.34490	0.00000	-0.36841
-18755.07476	13270.88618	137.00000	22879.90352	48.32582	0.00000	-0.06898	22880.00000	-41.47360	0.00000	-0.36898
-18771.38387	13282.46329	137.00000	22899.90392	48.30164	0.00000	-0.06956	22900.00000	-41.60250	0.00000	-0.36956
-18787.69286	13294.04057	137.00000	22919.90432	48.27726	0.00000	-0.07013	22920.00000	-41.73160	0.00000	-0.37013
-18804.00174	13305.61802	137.00000	22939.90473	48.25268	0.00000	-0.07070	22940.00000	-41.86090	0.00000	-0.37070
-18820.31050	13317.19563	137.00000	22959.90513	48.22791	0.00000	-0.07128	22960.00000	-41.99040	0.00000	-0.37128
-18836.61915	13328.77340	137.00000	22979.90554	48.20293	0.00000	-0.07185	22980.00000	-42.12010	0.00000	-0.37185
-18852.92769	13340.35134	137.00000	22999.90594	48.17775	0.00000	-0.07242	23000.00000	-42.25000	0.00000	-0.37242
-18869.23610	13351.92944	137.00000	23019.90635	48.15237	0.00000	-0.07300	23020.00000	-42.38010	0.00000	-0.37300
-18885.54441	13363.50770	137.00000	23039.90676	48.12679	0.00000	-0.07357	23040.00000	-42.51040	0.00000	-0.37357
-18901.85260	13375.08613	137.00000	23059.90717	48.10101	0.00000	-0.07414	23060.00000	-42.64090	0.00000	-0.37414
-18918.16067	13386.66472	137.00000	23079.90758	48.07503	0.00000	-0.07471	23080.00000	-42.77160	0.00000	-0.37471
-18934.46863	13398.24348	137.00000	23099.90799	48.04885	0.00000	-0.07529	23100.00000	-42.90250	0.00000	-0.37529
-18950.77648	13409.82240	137.00000	23119.90840	48.02247	0.00000	-0.07586	23120.00000	-43.03360	0.00000	-0.37586
-18967.08421	13421.40148	137.00000	23139.90881	47.99589	0.00000	-0.07643	23140.00000	-43.16490	0.00000	-0.37643
-18983.39182	13432.98073	137.00000	23159.90923	47.96912	0.00000	-0.07701	23160.00000	-43.29640	0.00000	-0.37701
-18999.69932	13444.56014	137.00000	23179.90964	47.94214	0.00000	-0.07758	23180.00000	-43.42810	0.00000	-0.37758
-19016.00671	13456.13971	137.00000	23199.91006	47.91496	0.00000	-0.07815	23200.00000	-43.56000	0.00000	-0.37815
-19032.31398	13467.71945	137.00000	23219.91048	47.88758	0.00000	-0.07873	23220.00000	-43.69210	0.00000	-0.37873
-19048.62114	13479.29936	137.00000	23239.91089	47.86000	0.00000	-0.07930	23240.00000	-43.82440	0.00000	-0.37930
-19064.92818	13490.87942	137.00000	23259.91131	47.83222	0.00000	-0.07987	23260.00000	-43.95690	0.00000	-0.37987
-19081.23511	13502.45965	137.00000	23279.91174	47.80424	0.00000	-0.08044	23280.00000	-44.08960	0.00000	-0.38044
-19097.54192	13514.04005	137.00000	23299.91216	47.77606	0.00000	-0.08102	23300.00000	-44.22250	0.00000	-0.38102
-19113.84862	13525.62060	137.00000	23319.91258	47.74768	0.00000	-0.08159	23320.00000	-44.35560	0.00000	-0.38159
-19130.15520	13537.20133	137.00000	23339.91300	47.71911	0.00000	-0.08216	23340.00000	-44.48890	0.00000	-0.38216
-19146.46167	13548.78221	137.00000	23359.91343	47.69033	0.00000	-0.08274	23360.00000	-44.62240	0.00000	-0.38274
-19162.76802	13560.36326	137.00000	23379.91385	47.66135	0.00000	-0.08331	23380.00000	-44.75610	0.00000	-0.38331
-19179.07426	13571.94447	137.00000	23399.91428	47.63217	0.00000	-0.08388	23400.00000	-44.89000	0.00000	-0.38388
-19195.38039	13583.52585	137.00000	23419.91471	47.60279	0.00000	-0.08445	23420.00000	-45.02410	0.00000	-0.38445
-19211.68640	13595.10739	137.00000	23439.91514	47.57321	0.00000	-0.08503	23440.00000	-45.15840	0.00000	-0.38503
-19227.99229	13606.68910	137.00000	23459.91557	47.54343	0.00000	-0.08560	23460.00000	-45.29290	0.00000	-0.38560
-19244.29807	13618.27096	137.00000	23479.91600	47.51345	0.00000	-0.08617	23480.00000	-45.42760	0.00000	-0.38617
-19260.60374	13629.85300	137.00000	23499.91643	47.48327	0.00000	-0.08675	23500.00000	-45.56250	0.00000	-0.38675
-19276.90929	13641.43519	137.00000	23519.91686	47.45290	0.00000	-0.08732	23520.00000	-45.69760	0.00000	-0.38732
-19293.21472	13653.01755	137.00000	23539.91730	47.42232	0.00000	-0.08789	23540.00000	-45.83290	0.00000	-0.38789
-19309.52004	13664.60008	137.00000	23559.91773	47.39154	0.00000	-0.08847	23560.00000	-45.96840	0.00000	-0.38847
-19325.82525	13676.18276	137.00000	23579.91817	47.36056	0.00000	-0.08904	23580.00000	-46.10410	0.00000	-0.38904
-19342.13034	13687.76562	137.00000	23599.91861	47.32938	0.00000	-0.08961	23600.00000	-46.24000	0.00000	-0.38961
-19358.43532	13699.34863	137.00000	23619.91905	47.29800	0.00000	-0.09018	23620.00000	-46.37610	0.00000	-0.39018
-19374.74018	13710.93181	137.00000	23639.91949	47.26642	0.00000	-0.09076	23640.00000	-46.51240	0.00000	-0.39076
-19391.04493	13722.51515	137.00000	23659.91993	47.23464	0.00000	-0.09133	23660.00000	-46.64890	0.00000	-0.39133
-19407.34956	13734.09866	137.00000	23679.92037	47.20266	0.00000	-0.09190	23680.00000	-46.78560	0.00000	-0.39190
-19423.65408	13745.68233	137.00000	23699.92081	47.17049	0.00000	-0.09248	23700.00000	-46.92250	0.00000	-0.39248
-19439.95848	13757.26617	137.00000	23719.92125	47.13811	0.00000	-0.09305	23720.00000	-47.05960	0.00000	-0.39305
-19456.26277	13768.85016	137.00000	23739.92170	47.10553	0.00000	-0.09362	23740.00000	-47.19690	0.00000	-0.39362
-19472.56695	13780.43433	137.00000	23759.92215	47.07275	0.00000	-0.09419	23760.00000	-47.33440	0.00000	-0.39419
-19488.87101	13792.01865	137.00000	23779.92259	47.03977	0.00000	-0.09477	23780.00000	-47.47210	0.00000	-0.39477
-19505.17495	13803.60314	137.00000	23799.92304	47.00659	0.00000	-0.09534	23800.00000	-47.61000	0.00000	-0.39534
-19521.47878	13815.18780	137.00000	23819.92349	46.97321	0.00000	-0.09591	23820.00000	-47.74810	0.00000	-0.39591
-19537.78250	13826.77261	137.00000	23839.92394	46.93963	0.00000	-0.09649	23840.00000	-47.88640	0.00000	-0.39649
-19554.08610	13838.35759	137.00000	23859.92439	46.90586	0.00000	-0.09706	23860.00000	-48.02490	0.00000	-0.39706
-19570.38958	13849.94274	137.00000	23879.92484	46.87188	0.00000	-0.09763	23880.00000	-48.16360	0.00000	-0.39763
-19586.69295	13861.52805	137.00000	23899.92529	46.83770	0.00000	-0.09821	23900.00000	-48.30250	0.00000	-0.39821
-19602.99621	13873.11352	137.00000	23919.92575	46.80332	0.00000	-0.09878	23920.00000	-48.44160	0.00000	-0.39878
-19619.29935	13884.69916	137.00000	23939.92620	46.76874	0.00000	-0.09935	23940.00000	-48.58090	0.00000	-0.39935
-19635.60238	13896.28496	137.00000	23959.92666	46.73396	0.00000	-0.09992	23960.00000	-48.72040	0.00000	-0.39992
-19651.90529	13907.87092	137.00000	23979.92712	46.69898	0.00000	-0.10050	23980.00000	-48.86010	0.00000	-0.40050
-19668.20809	13919.45705	137.00000	23999.92758	46.66380	0.00000	-0.10107	24000.00000	-49.00000	0.00000	-0.40107
-19684.51077	13931.04334	137.00000	24019.92804	46.62842	0.00000	-0.10164	24020.00000	-49.14010	0.00000	-0.40164
-19700.81334	13942.62980	137.00000	24039.92850	46.59285	0.00000	-0.10222	24040.00000	-49.28040	0.00000	-0.40222
-19717.11579	13954.21642	137.00000	24059.92896	46.55707	0.00000	-0.10279	24060.00000	-49.42090	0.00000	-0.40279
-19733.41813	13965.80320	137.00000	24079.92942	46.52109	0.00000	-0.10336	24080.00000	-49.56160	0.00000	-0.40336
-19749.72036	13977.39015	137.00000	24099.92988	46.48491	0.00000	-0.10394	24100.00000	-49.70250	0.00000	-0.40394
-19766.02247	13988.97726	137.00000	24119.93035	46.44853	0.00000	-0.10451	24120.00000	-49.84360	0.00000	-0.40451
-19782.32446	14000.56453	137.00000	24139.93081	46.41195	0.00000	-0.10508	24140.00000	-49.98490	0.00000	-0.40508
-19798.62634	14012.15197	137.00000	24159.93128	46.37517	0.00000	-0.10565	24160.00000	-50.12640	0.00000	-0.40565
-19814.92810	14023.73958	137.00000	24179.93175	46.33819	0.00000	-0.10623	24180.00000	-50.26810	0.00000	-0.40623
-19831.22975	14035.32734	137.00000	24199.93222	46.30102	0.00000	-0.10680	24200.00000	-50.41000	0.00000	-0.40680
-19847.53129	14046.91527	137.00000	24219.93269	46.26364	0.00000	-0.10737	24220.00000	-50.55210	0.00000	-0.40737
-19863.83271	14058.50337	137.00000	24239.93316	46.22606	0.00000	-0.10795	24240.00000	-50.69440	0.00000	-0.40795
-19880.13402	14070.09162	137.00000	24259.93363	46.18828	0.00000	-0.10852	24260.00000	-50.83690	0.00000	-0.40852
-19896.43521	14081.68005	137.00000	24279.93410	46.15030	0.00000	-0.10909	24280.00000	-50.97960	0.00000	-0.40909
-19912.73629	14093.26863	137.00000	24299.93458	46.11212	0.00000	-0.10966	24300.00000	-51.12250	0.00000	-0.40966
-19929.03725	14104.85738	137.00000	24319.93505	46.07374	0.00000	-0.11024	24320.00000	-51.26560	0.00000	-0.41024
-19945.33810	14116.44629	137.00000	24339.93553	46.03516	0.00000	-0.11081	24340.00000	-51.40890	0.00000	-0.41081
-19961.63883	14128.03537	137.00000	24359.93601	45.99639	0.00000	-0.11138	24360.00000	-51.55240	0.00000	-0.41138
-19977.93945	14139.62461	137.00000	24379.93648	45.95741	0.00000	-0.11196	24380.00000	-51.69610	0.00000	-0.41196
-19994.23995	14151.21402	137.00000	24399.93696	45.91823	0.00000	-0.11253	24400.00000	-51.84000	0.00000	-0.41253
-20010.54034	14162.80359	137.00000	24419.93744	45.87885	0.00000	-0.11310	24420.00000	-51.98410	0.00000	-0.41310
-20026.84061	14174.39332	137.00000	24439.93792	45.83927	0.00000	-0.11368	24440.00000	-52.12840	0.00000	-0.41368
-20043.14077	14185.98321	137.00000	24459.93841	45.79949	0.00000	-0.11425	24460.00000	-52.27290	0.00000	-0.41425
-20059.44082	14197.57327	137.00000	24479.93889	45.75951	0.00000	-0.11482	24480.00000	-52.41760	0.00000	-0.41482
-20075.74074	14209.16350	137.00000	24499.93938	45.71933	0.00000	-0.11539	24500.00000	-52.56250	0.00000	-0.41539
-20092.04056	14220.75389	137.00000	24519.93986	45.67896	0.00000	-0.11597	24520.00000	-52.70760	0.00000	-0.41597
-20108.34026	14232.34444	137.00000	24539.94035	45.63838	0.00000	-0.11654	24540.00000	-52.85290	0.00000	-0.41654
-20124.63985	14243.93515	137.00000	24559.94084	45.59760	0.00000	-0.11711	24560.00000	-52.99840	0.00000	-0.41711
-20140.93932	14255.52603	137.00000	24579.94132	45.55662	0.00000	-0.11769	24580.00000	-53.14410	0.00000	-0.41769
-20157.23867	14267.11707	137.00000	24599.94181	45.51544	0.00000	-0.11826	24600.00000	-53.29000	0.00000	-0.41826
-20173.53791	14278.70828	137.00000	24619.94230	45.47406	0.00000	-0.11883	24620.00000	-53.43610	0.00000	-0.41883
-20189.83704	14290.29965	137.00000	24639.94280	45.43248	0.00000	-0.11941	24640.00000	-53.58240	0.00000	-0.41941
-20206.13605	14301.89119	137.00000	24659.94329	45.39070	0.00000	-0.11998	24660.00000	-53.72890	0.00000	-0.41998
-20222.43495	14313.48288	137.00000	24679.94378	45.34873	0.00000	-0.12055	24680.00000	-53.87560	0.00000	-0.42055
-20238.73373	14325.07475	137.00000	24699.94428	45.30655	0.00000	-0.12112	24700.00000	-54.02250	0.00000	-0.42112
-20255.03240	14336.66677	137.00000	24719.94477	45.26417	0.00000	-0.12170	24720.00000	-54.16960	0.00000	-0.42170
-20271.33095	14348.25896	137.00000	24739.94527	45.22159	0.00000	-0.12227	24740.00000	-54.31690	0.00000	-0.42227
-20287.62939	14359.85132	137.00000	24759.94577	45.17881	0.00000	-0.12284	24760.00000	-54.46440	0.00000	-0.42284
-20303.92772	14371.44383	137.00000	24779.94627	45.13583	0.00000	-0.12342	24780.00000	-54.61210	0.00000	-0.42342
-20320.22592	14383.03652	137.00000	24799.94677	45.09265	0.00000	-0.12399	24800.00000	-54.76000	0.00000	-0.42399
-20336.52402	14394.62936	137.00000	24819.94727	45.04927	0.00000	-0.12456	24820.00000	-54.90810	0.00000	-0.42456
-20352.82200	14406.22237	137.00000	24839.94777	45.00570	0.00000	-0.12513	24840.00000	-55.05640	0.00000	-0.42513
-20369.11986	14417.81554	137.00000	24859.94828	44.96192	0.00000	-0.12571	24860.00000	-55.20490	0.00000	-0.42571
-20385.41761	14429.40888	137.00000	24879.94878	44.91794	0.00000	-0.12628	24880.00000	-55.35360	0.00000	-0.42628
-20401.71525	14441.00238	137.00000	24899.94929	44.87376	0.00000	-0.12685	24900.00000	-55.50250	0.00000	-0.42685
-20418.01277	14452.59604	137.00000	24919.94979	44.82938	0.00000	-0.12743	24920.00000	-55.65160	0.00000	-0.42743
-20434.31017	14464.18987	137.00000	24939.95030	44.78480	0.00000	-0.12800	24940.00000	-55.80090	0.00000	-0.42800
-20450.60747	14475.78386	137.00000	24959.95081	44.74002	0.00000	-0.12857	24960.00000	-55.95040	0.00000	-0.42857
-20466.90464	14487.37802	137.00000	24979.95132	44.69505	0.00000	-0.12915	24980.00000	-56.10010	0.00000	-0.42915
-20483.20170	14498.97234	137.00000	24999.95183	44.64987	0.00000	-0.12972	25000.00000	-56.25000	0.00000	-0.42972
-20499.49865	14510.56682	137.00000	25019.95234	44.60449	0.00000	-0.13029	25020.00000	-56.40010	0.00000	-0.43029
-20515.79548	14522.16147	137.00000	25039.95285	44.55891	0.00000	-0.13086	25040.00000	-56.55040	0.00000	-0.43086
-20532.09220	14533.75628	137.00000	25059.95337	44.51313	0.00000	-0.13144	25060.00000	-56.70090	0.00000	-0.43144
-20548.38880	14545.35126	137.00000	25079.95388	44.46715	0.00000	-0.13201	25080.00000	-56.85160	0.00000	-0.43201
-20564.68529	14556.94639	137.00000	25099.95440	44.42097	0.00000	-0.13258	25100.00000	-57.00250	0.00000	-0.43258
-20580.98167	14568.54170	137.00000	25119.95492	44.37459	0.00000	-0.13316	25120.00000	-57.15360	0.00000	-0.43316
-20597.27792	14580.13716	137.00000	25139.95543	44.32802	0.00000	-0.13373	25140.00000	-57.30490	0.00000	-0.43373
-20613.57407	14591.73279	137.00000	25159.95595	44.28124	0.00000	-0.13430	25160.00000	-57.45640	0.00000	-0.43430
-20629.87010	14603.32859	137.00000	25179.95647	44.23426	0.00000	-0.13487	25180.00000	-57.60810	0.00000	-0.43487
-20646.16601	14614.92455	137.00000	25199.95699	44.18708	0.00000	-0.13545	25200.00000	-57.76000	0.00000	-0.43545
-20662.46181	14626.52067	137.00000	25219.95752	44.13970	0.00000	-0.13602	25220.00000	-57.91210	0.00000	-0.43602
-20678.75750	14638.11695	137.00000	25239.95804	44.09212	0.00000	-0.13659	25240.00000	-58.06440	0.00000	-0.43659
-20695.05307	14649.71340	137.00000	25259.95856	44.04434	0.00000	-0.13717	25260.00000	-58.21690	0.00000	-0.43717
-20711.34852	14661.31002	137.00000	25279.95909	43.99637	0.00000	-0.13774	25280.00000	-58.36960	0.00000	-0.43774
-20727.64386	14672.90679	137.00000	25299.95962	43.94819	0.00000	-0.13831	25300.00000	-58.52250	0.00000	-0.43831
-20743.93909	14684.50373	137.00000	25319.96014	43.89981	0.00000	-0.13889	25320.00000	-58.67560	0.00000	-0.43889
-20760.23420	14696.10084	137.00000	25339.96067	43.85123	0.00000	-0.13946	25340.00000	-58.82890	0.00000	-0.43946
-20776.52920	14707.69811	137.00000	25359.96120	43.80245	0.00000	-0.14003	25360.00000	-58.98240	0.00000	-0.44003
-20792.82408	14719.29554	137.00000	25379.96173	43.75347	0.00000	-0.14060	25380.00000	-59.13610	0.00000	-0.44060
-20809.11885	14730.89314	137.00000	25399.96226	43.70429	0.00000	-0.14118	25400.00000	-59.29000	0.00000	-0.44118
-20825.41350	14742.49090	137.00000	25419.96280	43.65492	0.00000	-0.14175	25420.00000	-59.44410	0.00000	-0.44175
-20841.70804	14754.08882	137.00000	25439.96333	43.60534	0.00000	-0.14232	25440.00000	-59.59840	0.00000	-0.44232
-20858.00246	14765.68691	137.00000	25459.96386	43.55556	0.00000	-0.14290	25460.00000	-59.75290	0.00000	-0.44290
-20874.29677	14777.28516	137.00000	25479.96440	43.50558	0.00000	-0.14347	25480.00000	-59.90760	0.00000	-0.44347
-20890.59097	14788.88357	137.00000	25499.96494	43.45540	0.00000	-0.14404	25500.00000	-60.06250	0.00000	-0.44404
-20906.88505	14800.48215	137.00000	25519.96548	43.40502	0.00000	-0.14462	25520.00000	-60.21760	0.00000	-0.44462
-20923.17901	14812.08090	137.00000	25539.96601	43.35444	0.00000	-0.14519	25540.00000	-60.37290	0.00000	-0.44519
-20939.47286	14823.67980	137.00000	25559.96655	43.30367	0.00000	-0.14576	25560.00000	-60.52840	0.00000	-0.44576
-20955.76659	14835.27887	137.00000	25579.96710	43.25269	0.00000	-0.14633	25580.00000	-60.68410	0.00000	-0.44633
-20972.06021	14846.87811	137.00000	25599.96764	43.20151	0.00000	-0.14691	25600.00000	-60.84000	0.00000	-0.44691
-20988.35372	14858.47751	137.00000	25619.96818	43.15013	0.00000	-0.14748	25620.00000	-60.99610	0.00000	-0.44748
-21004.64711	14870.07707	137.00000	25639.96872	43.09855	0.00000	-0.14805	25640.00000	-61.15240	0.00000	-0.44805
-21020.94039	14881.67680	137.00000	25659.96927	43.04677	0.00000	-0.14863	25660.00000	-61.30890	0.00000	-0.44863
-21037.23355	14893.27669	137.00000	25679.96982	42.99479	0.00000	-0.14920	25680.00000	-61.46560	0.00000	-0.44920
-21053.52660	14904.87674	137.00000	25699.97036	42.94262	0.00000	-0.14977	25700.00000	-61.62250	0.00000	-0.44977
-21069.81953	14916.47696	137.00000	25719.97091	42.89024	0.00000	-0.15034	25720.00000	-61.77960	0.00000	-0.45034
-21086.11234	14928.07734	137.00000	25739.97146	42.83766	0.00000	-0.15092	25740.00000	-61.93690	0.00000	-0.45092
-21102.40505	14939.67788	137.00000	25759.97201	42.78488	0.00000	-0.15149	25760.00000	-62.09440	0.00000	-0.45149
-21118.69764	14951.27859	137.00000	25779.97256	42.73190	0.00000	-0.15206	25780.00000	-62.25210	0.00000	-0.45206
-21134.99011	14962.87946	137.00000	25799.97312	42.67872	0.00000	-0.15264	25800.00000	-62.41000	0.00000	-0.45264
-21151.28247	14974.48050	137.00000	25819.97367	42.62534	0.00000	-0.15321	25820.00000	-62.56810	0.00000	-0.45321
-21167.57471	14986.08170	137.00000	25839.97422	42.57177	0.00000	-0.15378	25840.00000	-62.72640	0.00000	-0.45378
-21183.86684	14997.68307	137.00000	25859.97478	42.51799	0.00000	-0.15436	25860.00000	-62.88490	0.00000	-0.45436
-21200.15885	15009.28459	137.00000	25879.97534	42.46401	0.00000	-0.15493	25880.00000	-63.04360	0.00000	-0.45493
-21216.45075	15020.88629	137.00000	25899.97590	42.40983	0.00000	-0.15550	25900.00000	-63.20250	0.00000	-0.45550
-21232.74254	15032.48814	137.00000	25919.97645	42.35545	0.00000	-0.15607	25920.00000	-63.36160	0.00000	-0.45607
-21249.03421	15044.09016	137.00000	25939.97701	42.30087	0.00000	-0.15665	25940.00000	-63.52090	0.00000	-0.45665
-21265.32576	15055.69235	137.00000	25959.97758	42.24609	0.00000	-0.15722	25960.00000	-63.68040	0.00000	-0.45722
-21281.61720	15067.29469	137.00000	25979.97814	42.19112	0.00000	-0.15779	25980.00000	-63.84010	0.00000	-0.45779
-21297.90853	15078.89720	137.00000	25999.97870	42.13594	0.00000	-0.15837	26000.00000	-64.00000	0.00000	-0.45837
-21314.19974	15090.49988	137.00000	26019.97926	42.08056	0.00000	-0.15894	26020.00000	-64.16010	0.00000	-0.45894
-21330.49084	15102.10272	137.00000	26039.97983	42.02498	0.00000	-0.15951	26040.00000	-64.32040	0.00000	-0.45951
-21346.78182	15113.70572	137.00000	26059.98040	41.96920	0.00000	-0.16009	26060.00000	-64.48090	0.00000	-0.46009
-21363.07269	15125.30889	137.00000	26079.98096	41.91322	0.00000	-0.16066	26080.00000	-64.64160	0.00000	-0.46066
-21379.36344	15136.91222	137.00000	26099.98153	41.85704	0.00000	-0.16123	26100.00000	-64.80250	0.00000	-0.46123
-21395.65408	15148.51571	137.00000	26119.98210	41.80067	0.00000	-0.16180	26120.00000	-64.96360	0.00000	-0.46180
-21411.94460	15160.11937	137.00000	26139.98267	41.74409	0.00000	-0.16238	26140.00000	-65.12490	0.00000	-0.46238
-21428.23501	15171.72319	137.00000	26159.98324	41.68731	0.00000	-0.16295	26160.00000	-65.28640	0.00000	-0.46295
-21444.52530	15183.32718	137.00000	26179.98381	41.63033	0.00000	-0.16352	26180.00000	-65.44810	0.00000	-0.46352
-21460.81548	15194.93133	137.00000	26199.98439	41.57315	0.00000	-0.16410	26200.00000	-65.61000	0.00000	-0.46410
-21477.10555	15206.53564	137.00000	26219.98496	41.51577	0.00000	-0.16467	26220.00000	-65.77210	0.00000	-0.46467
-21493.39550	15218.14012	137.00000	26239.98554	41.45819	0.00000	-0.16524	26240.00000	-65.93440	0.00000	-0.46524
-21509.68533	15229.74476	137.00000	26259.98612	41.40042	0.00000	-0.16581	26260.00000	-66.09690	0.00000	-0.46581
-21525.97505	15241.34956	137.00000	26279.98669	41.34244	0.00000	-0.16639	26280.00000	-66.25960	0.00000	-0.46639
-21542.26466	15252.95453	137.00000	26299.98727	41.28426	0.00000	-0.16696	26300.00000	-66.42250	0.00000	-0.46696
-21558.55415	15264.55966	137.00000	26319.98785	41.22588	0.00000	-0.16753	26320.00000	-66.58560	0.00000	-0.46753
-21574.84352	15276.16496	137.00000	26339.98843	41.16730	0.00000	-0.16811	26340.00000	-66.74890	0.00000	-0.46811
-21591.13278	15287.77042	137.00000	26359.98901	41.10852	0.00000	-0.16868	26360.00000	-66.91240	0.00000	-0.46868
-21607.42193	15299.37604	137.00000	26379.98960	41.04955	0.00000	-0.16925	26380.00000	-67.07610	0.00000	-0.46925
-21623.71096	15310.98183	137.00000	26399.99018	40.99037	0.00000	-0.16983	26400.00000	-67.24000	0.00000	-0.46983
-21639.99988	15322.58778	137.00000	26419.99077	40.93099	0.00000	-0.17040	26420.00000	-67.40410	0.00000	-0.47040
-21656.28868	15334.19390	137.00000	26439.99135	40.87141	0.00000	-0.17097	26440.00000	-67.56840	0.00000	-0.47097
-21672.57737	15345.80018	137.00000	26459.99194	40.81163	0.00000	-0.17154	26460.00000	-67.73290	0.00000	-0.47154
-21688.86594	15357.40662	137.00000	26479.99253	40.75165	0.00000	-0.17212	26480.00000	-67.89760	0.00000	-0.47212
-21705.15440	15369.01323	137.00000	26499.99312	40.69147	0.00000	-0.17269	26500.00000	-68.06250	0.00000	-0.47269
-21721.44274	15380.62000	137.00000	26519.99371	40.63110	0.00000	-0.17326	26520.00000	-68.22760	0.00000	-0.47326
-21737.73097	15392.22693	137.00000	26539.99430	40.57052	0.00000	-0.17384	26540.00000	-68.39290	0.00000	-0.47384
-21754.01908	15403.83403	137.00000	26559.99489	40.50974	0.00000	-0.17441	26560.00000	-68.55840	0.00000	-0.47441
-21770.30708	15415.44129	137.00000	26579.99548	40.44876	0.00000	-0.17498	26580.00000	-68.72410	0.00000	-0.47498
-21786.59497	15427.04872	137.00000	26599.99608	40.38758	0.00000	-0.17555	26600.00000	-68.89000	0.00000	-0.47555
-21802.88274	15438.65631	137.00000	26619.99667	40.32620	0.00000	-0.17613	26620.00000	-69.05610	0.00000	-0.47613
-21819.17039	15450.26406	137.00000	26639.99727	40.26463	0.00000	-0.17670	26640.00000	-69.22240	0.00000	-0.47670
-21835.45793	15461.87198	137.00000	26659.99787	40.20285	0.00000	-0.17727	26660.00000	-69.38890	0.00000	-0.47727
-21851.74536	15473.48006	137.00000	26679.99847	40.14087	0.00000	-0.17785	26680.00000	-69.55560	0.00000	-0.47785
-21868.03267	15485.08831	137.00000	26699.99907	40.07869	0.00000	-0.17842	26700.00000	-69.72250	0.00000	-0.47842
-21884.31987	15496.69672	137.00000	26719.99967	40.01631	0.00000	-0.17899	26720.00000	-69.88960	0.00000	-0.47899
-21900.60695	15508.30529	137.00000	26740.00027	39.95373	0.00000	-0.17957	26740.00000	-70.05690	0.00000	-0.47957
-21916.89392	15519.91403	137.00000	26760.00087	39.89095	0.00000	-0.18014	26760.00000	-70.22440	0.00000	-0.48014
-21933.18077	15531.52293	137.00000	26780.00148	39.82798	0.00000	-0.18071	26780.00000	-70.39210	0.00000	-0.48071
-21949.46750	15543.13199	137.00000	26800.00208	39.76480	0.00000	-0.18128	26800.00000	-70.56000	0.00000	-0.48128
-21965.75413	15554.74122	137.00000	26820.00269	39.70142	0.00000	-0.18186	26820.00000	-70.72810	0.00000	-0.48186
-21982.04064	15566.35061	137.00000	26840.00329	39.63784	0.00000	-0.18243	26840.00000	-70.89640	0.00000	-0.48243
-21998.32703	15577.96017	137.00000	26860.00390	39.57406	0.00000	-0.18300	26860.00000	-71.06490	0.00000	-0.48300
-22014.61331	15589.56989	137.00000	26880.00451	39.51008	0.00000	-0.18358	26880.00000	-71.23360	0.00000	-0.48358
-22030.89947	15601.17977	137.00000	26900.00512	39.44591	0.00000	-0.18415	26900.00000	-71.40250	0.00000	-0.48415
-22047.18552	15612.78982	137.00000	26920.00573	39.38153	0.00000	-0.18472	26920.00000	-71.57160	0.00000	-0.48472
-22063.47145	15624.40003	137.00000	26940.00635	39.31695	0.00000	-0.18530	26940.00000	-71.74090	0.00000	-0.48530
-22079.75727	15636.01040	137.00000	26960.00696	39.25217	0.00000	-0.18587	26960.00000	-71.91040	0.00000	-0.48587
-22096.04298	15647.62094	137.00000	26980.00757	39.18719	0.00000	-0.18644	26980.00000	-72.08010	0.00000	-0.48644
-22112.32857	15659.23164	137.00000	27000.00819	39.12201	0.00000	-0.18701	27000.00000	-72.25000	0.00000	-0.48701
-22128.61405	15670.84251	137.00000	27020.00881	39.05664	0.00000	-0.18759	27020.00000	-72.42010	0.00000	-0.48759
-22144.89941	15682.45354	137.00000	27040.00942	38.99106	0.00000	-0.18816	27040.00000	-72.59040	0.00000	-0.48816
-22161.18465	15694.06474	137.00000	27060.01004	38.92528	0.00000	-0.18873	27060.00000	-72.76090	0.00000	-0.48873
-22177.46978	15705.67609	137.00000	27080.01066	38.85930	0.00000	-0.18931	27080.00000	-72.93160	0.00000	-0.48931
-22193.75480	15717.28762	137.00000	27100.01128	38.79312	0.00000	-0.18988	27100.00000	-73.10250	0.00000	-0.48988
-22210.03970	15728.89930	137.00000	27120.01190	38.72674	0.00000	-0.19045	27120.00000	-73.27360	0.00000	-0.49045
-22226.32449	15740.51115	137.00000	27140.01253	38.66017	0.00000	-0.19102	27140.00000	-73.44490	0.00000	-0.49102
-22242.60916	15752.12316	137.00000	27160.01315	38.59339	0.00000	-0.19160	27160.00000	-73.61640	0.00000	-0.49160
-22258.89372	15763.73534	137.00000	27180.01378	38.52641	0.00000	-0.19217	27180.00000	-73.78810	0.00000	-0.49217
-22275.17816	15775.34768	137.00000	27200.01440	38.45923	0.00000	-0.19274	27200.00000	-73.96000	0.00000	-0.49274
-22291.46249	15786.96019	137.00000	27220.01503	38.39185	0.00000	-0.19332	27220.00000	-74.13210	0.00000	-0.49332
-22307.74670	15798.57286	137.00000	27240.01566	38.32427	0.00000	-0.19389	27240.00000	-74.30440	0.00000	-0.49389
-22324.03080	15810.18569	137.00000	27260.01629	38.25649	0.00000	-0.19446	27260.00000	-74.47690	0.00000	-0.49446
-22340.31479	15821.79868	137.00000	27280.01692	38.18852	0.00000	-0.19504	27280.00000	-74.64960	0.00000	-0.49504
-22356.59866	15833.41184	137.00000	27300.01755	38.12034	0.00000	-0.19561	27300.00000	-74.82250	0.00000	-0.49561
-22372.88241	15845.02517	137.00000	27320.01818	38.05196	0.00000	-0.19618	27320.00000	-74.99560	0.00000	-0.49618
-22389.16605	15856.63866	137.00000	27340.01881	37.98338	0.00000	-0.19675	27340.00000	-75.16890	0.00000	-0.49675
-22405.44958	15868.25231	137.00000	27360.01945	37.91460	0.00000	-0.19733	27360.00000	-75.34240	0.00000	-0.49733
-22421.73299	15879.86612	137.00000	27380.02008	37.84562	0.00000	-0.19790	27380.00000	-75.51610	0.00000	-0.49790
-22438.01628	15891.48010	137.00000	27400.02072	37.77645	0.00000	-0.19847	27400.00000	-75.69000	0.00000	-0.49847
-22454.29947	15903.09425	137.00000	27420.02136	37.70707	0.00000	-0.19905	27420.00000	-75.86410	0.00000	-0.49905
-22470.58253	15914.70855	137.00000	27440.02199	37.63749	0.00000	-0.19962	27440.00000	-76.03840	0.00000	-0.49962
-22486.86548	15926.32302	137.00000	27460.02263	37.56771	0.00000	-0.20019	27460.00000	-76.21290	0.00000	-0.50019
-22503.14832	15937.93766	137.00000	27480.02327	37.49773	0.00000	-0.20077	27480.00000	-76.38760	0.00000	-0.50077
-22519.43104	15949.55246	137.00000	27500.02392	37.42755	0.00000	-0.20134	27500.00000	-76.56250	0.00000	-0.50134
-22535.71365	15961.16742	137.00000	27520.02456	37.35718	0.00000	-0.20191	27520.00000	-76.73760	0.00000	-0.50191
-22551.99614	15972.78254	137.00000	27540.02520	37.28660	0.00000	-0.20248	27540.00000	-76.91290	0.00000	-0.50248
-22568.27852	15984.39783	137.00000	27560.02585	37.21582	0.00000	-0.20306	27560.00000	-77.08840	0.00000	-0.50306
-22584.56079	15996.01329	137.00000	27580.02649	37.14484	0.00000	-0.20363	27580.00000	-77.26410	0.00000	-0.50363
-22600.84293	16007.62891	137.00000	27600.02714	37.07366	0.00000	-0.20420	27600.00000	-77.44000	0.00000	-0.50420
-22617.12497	16019.24469	137.00000	27620.02779	37.00228	0.00000	-0.20478	27620.00000	-77.61610	0.00000	-0.50478
-22633.40689	16030.86063	137.00000	27640.02844	36.93071	0.00000	-0.20535	27640.00000	-77.79240	0.00000	-0.50535
-22649.68869	16042.47674	137.00000	27660.02909	36.85893	0.00000	-0.20592	27660.00000	-77.96890	0.00000	-0.50592
-22665.97038	16054.09301	137.00000	27680.02974	36.78695	0.00000	-0.20649	27680.00000	-78.14560	0.00000	-0.50649
-22682.25196	16065.70945	137.00000	27700.03039	36.71477	0.00000	-0.20707	27700.00000	-78.32250	0.00000	-0.50707
-22698.53342	16077.32605	137.00000	27720.03104	36.64239	0.00000	-0.20764	27720.00000	-78.49960	0.00000	-0.50764
-22714.81476	16088.94282	137.00000	27740.03170	36.56982	0.00000	-0.20821	27740.00000	-78.67690	0.00000	-0.50821
-22731.09599	16100.55974	137.00000	27760.03235	36.49704	0.00000	-0.20879	27760.00000	-78.85440	0.00000	-0.50879
-22747.37711	16112.17684	137.00000	27780.03301	36.42406	0.00000	-0.20936	27780.00000	-79.03210	0.00000	-0.50936
-22763.65811	16123.79409	137.00000	27800.03367	36.35088	0.00000	-0.20993	27800.00000	-79.21000	0.00000	-0.50993
-22779.93900	16135.41151	137.00000	27820.03432	36.27750	0.00000	-0.21051	27820.00000	-79.38810	0.00000	-0.51051
-22796.21977	16147.02909	137.00000	27840.03498	36.20392	0.00000	-0.21108	27840.00000	-79.56640	0.00000	-0.51108
-22812.50043	16158.64684	137.00000	27860.03564	36.13015	0.00000	-0.21165	27860.00000	-79.74490	0.00000	-0.51165
-22828.78097	16170.26475	137.00000	27880.03630	36.05617	0.00000	-0.21222	27880.00000	-79.92360	0.00000	-0.51222
-22845.06140	16181.88283	137.00000	27900.03697	35.98199	0.00000	-0.21280	27900.00000	-80.10250	0.00000	-0.51280
-22861.34171	16193.50107	137.00000	27920.03763	35.90761	0.00000	-0.21337	27920.00000	-80.28160	0.00000	-0.51337
-22877.62191	16205.11947	137.00000	27940.03830	35.83303	0.00000	-0.21394	27940.00000	-80.46090	0.00000	-0.51394
-22893.90200	16216.73804	137.00000	27960.03896	35.75825	0.00000	-0.21452	27960.00000	-80.64040	0.00000	-0.51452
-22910.18197	16228.35677	137.00000	27980.03963	35.68328	0.00000	-0.21509	27980.00000	-80.82010	0.00000	-0.51509
-22926.46182	16239.97566	137.00000	28000.04030	35.60810	0.00000	-0.21566	28000.00000	-81.00000	0.00000	-0.51566
-22942.74162	16251.59464	137.00000	28020.04096	35.53282	0.00000	-0.21566	28020.00000	-81.18000	0.00000	-0.51566
-22959.02141	16263.21361	137.00000	28040.04163	35.45754	0.00000	-0.21566	28040.00000	-81.36000	0.00000	-0.51566
-22975.30121	16274.83259	137.00000	28060.04230	35.38226	0.00000	-0.21566	28060.00000	-81.54000	0.00000	-0.51566
-22991.58101	16286.45157	137.00000	28080.04297	35.30698	0.00000	-0.21566	28080.00000	-81.72000	0.00000	-0.51566
-23007.86081	16298.07054	137.00000	28100.04364	35.23171	0.00000	-0.21566	28100.00000	-81.90000	0.00000	-0.51566
-23024.14060	16309.68952	137.00000	28120.04431	35.15643	0.00000	-0.21566	28120.00000	-82.08000	0.00000	-0.51566
-23040.42040	16321.30849	137.00000	28140.04497	35.08115	0.00000	-0.21566	28140.00000	-82.26000	0.00000	-0.51566
-23056.70020	16332.92747	137.00000	28160.04564	35.00587	0.00000	-0.21566	28160.00000	-82.44000	0.00000	-0.51566
-23072.97999	16344.54645	137.00000	28180.04631	34.93059	0.00000	-0.21566	28180.00000	-82.62000	0.00000	-0.51566
-23089.25979	16356.16542	137.00000	28200.04698	34.85532	0.00000	-0.21566	28200.00000	-82.80000	0.00000	-0.51566
-23105.53959	16367.78440	137.00000	28220.04765	34.78004	0.00000	-0.21566	28220.00000	-82.98000	0.00000	-0.51566
-23121.81939	16379.40337	137.00000	28240.04832	34.70476	0.00000	-0.21566	28240.00000	-83.16000	0.00000	-0.51566
-23138.09918	16391.02235	137.00000	28260.04898	34.62948	0.00000	-0.21566	28260.00000	-83.34000	0.00000	-0.51566
-23154.37898	16402.64133	137.00000	28280.04965	34.55420	0.00000	-0.21566	28280.00000	-83.52000	0.00000	-0.51566
-23170.65878	16414.26030	137.00000	28300.05032	34.47892	0.00000	-0.21566	28300.00000	-83.70000	0.00000	-0.51566
-23186.93857	16425.87928	137.00000	28320.05099	34.40365	0.00000	-0.21566	28320.00000	-83.88000	0.00000	-0.51566
-23203.21837	16437.49825	137.00000	28340.05166	34.32837	0.00000	-0.21566	28340.00000	-84.06000	0.00000	-0.51566
-23219.49817	16449.11723	137.00000	28360.05233	34.25309	0.00000	-0.21566	28360.00000	-84.24000	0.00000	-0.51566
-23235.77797	16460.73621	137.00000	28380.05299	34.17781	0.00000	-0.21566	28380.00000	-84.42000	0.00000	-0.51566
-23252.05776	16472.35518	137.00000	28400.05366	34.10253	0.00000	-0.21566	28400.00000	-84.60000	0.00000	-0.51566
-23268.33756	16483.97416	137.00000	28420.05433	34.02725	0.00000	-0.21566	28420.00000	-84.78000	0.00000	-0.51566
-23284.61736	16495.59314	137.00000	28440.05500	33.95198	0.00000	-0.21566	28440.00000	-84.96000	0.00000	-0.51566
-23300.89715	16507.21211	137.00000	28460.05567	33.87670	0.00000	-0.21566	28460.00000	-85.14000	0.00000	-0.51566
-23317.17695	16518.83109	137.00000	28480.05634	33.80142	0.00000	-0.21566	28480.00000	-85.32000	0.00000	-0.51566
-23333.45675	16530.45006	137.00000	28500.05700	33.72614	0.00000	-0.21566	28500.00000	-85.50000	0.00000	-0.51566
-23349.73655	16542.06904	137.00000	28520.05767	33.65086	0.00000	-0.21566	28520.00000	-85.68000	0.00000	-0.51566
-23366.01634	16553.68802	137.00000	28540.05834	33.57558	0.00000	-0.21566	28540.00000	-85.86000	0.00000	-0.51566
-23382.29614	16565.30699	137.00000	28560.05901	33.50031	0.00000	-0.21566	28560.00000	-86.04000	0.00000	-0.51566
-23398.57594	16576.92597	137.00000	28580.05968	33.42503	0.00000	-0.21566	28580.00000	-86.22000	0.00000	-0.51566
-23414.85573	16588.54494	137.00000	28600.06035	33.34975	0.00000	-0.21566	28600.00000	-86.40000	0.00000	-0.51566
-23431.13553	16600.16392	137.00000	28620.06101	33.27447	0.00000	-0.21566	28620.00000	-86.58000	0.00000	-0.51566
-23447.41533	16611.78290	137.00000	28640.06168	33.19919	0.00000	-0.21566	28640.00000	-86.76000	0.00000	-0.51566
-23463.69513	16623.40187	137.00000	28660.06235	33.12392	0.00000	-0.21566	28660.00000	-86.94000	0.00000	-0.51566
-23479.97492	16635.02085	137.00000	28680.06302	33.04864	0.00000	-0.21566	28680.00000	-87.12000	0.00000	-0.51566
-23496.25472	16646.63982	137.00000	28700.06369	32.97336	0.00000	-0.21566	28700.00000	-87.30000	0.00000	-0.51566
-23512.53452	16658.25880	137.00000	28720.06436	32.89808	0.00000	-0.21566	28720.00000	-87.48000	0.00000	-0.51566
-23528.81431	16669.87778	137.00000	28740.06502	32.82280	0.00000	-0.21566	28740.00000	-87.66000	0.00000	-0.51566
-23545.09411	16681.49675	137.00000	28760.06569	32.74752	0.00000	-0.21566	28760.00000	-87.84000	0.00000	-0.51566
-23561.37391	16693.11573	137.00000	28780.06636	32.67225	0.00000	-0.21566	28780.00000	-88.02000	0.00000	-0.51566
-23577.65371	16704.73470	137.00000	28800.06703	32.59697	0.00000	-0.21566	28800.00000	-88.20000	0.00000	-0.51566
-23593.93350	16716.35368	137.00000	28820.06770	32.52169	0.00000	-0.21566	28820.00000	-88.38000	0.00000	-0.51566
-23610.21330	16727.97266	137.00000	28840.06837	32.44641	0.00000	-0.21566	28840.00000	-88.56000	0.00000	-0.51566
-23626.49310	16739.59163	137.00000	28860.06903	32.37113	0.00000	-0.21566	28860.00000	-88.74000	0.00000	-0.51566
-23642.77289	16751.21061	137.00000	28880.06970	32.29585	0.00000	-0.21566	28880.00000	-88.92000	0.00000	-0.51566
-23659.05269	16762.82959	137.00000	28900.07037	32.22058	0.00000	-0.21566	28900.00000	-89.10000	0.00000	-0.51566
-23675.33249	16774.44856	137.00000	28920.07104	32.14530	0.00000	-0.21566	28920.00000	-89.28000	0.00000	-0.51566
-23691.61228	16786.06754	137.00000	28940.07171	32.07002	0.00000	-0.21566	28940.00000	-89.46000	0.00000	-0.51566
-23707.89208	16797.68651	137.00000	28960.07238	31.99474	0.00000	-0.21566	28960.00000	-89.64000	0.00000	-0.51566
-23724.17188	16809.30549	137.00000	28980.07304	31.91946	0.00000	-0.21566	28980.00000	-89.82000	0.00000	-0.51566
-23740.45168	16820.92447	137.00000	29000.07371	31.84418	0.00000	-0.21566	29000.00000	-90.00000	0.00000	-0.51566
-23756.73147	16832.54344	137.00000	29020.07438	31.76891	0.00000	-0.21566	29020.00000	-90.18000	0.00000	-0.51566
-23773.01127	16844.16242	137.00000	29040.07505	31.69363	0.00000	-0.21566	29040.00000	-90.36000	0.00000	-0.51566
-23789.29107	16855.78139	137.00000	29060.07572	31.61835	0.00000	-0.21566	29060.00000	-90.54000	0.00000	-0.51566
-23805.57086	16867.40037	137.00000	29080.07639	31.54307	0.00000	-0.21566	29080.00000	-90.72000	0.00000	-0.51566
-23821.85066	16879.01935	137.00000	29100.07705	31.46779	0.00000	-0.21566	29100.00000	-90.90000	0.00000	-0.51566
-23838.13046	16890.63832	137.00000	29120.07772	31.39252	0.00000	-0.21566	29120.00000	-91.08000	0.00000	-0.51566
-23854.41026	16902.25730	137.00000	29140.07839	31.31724	0.00000	-0.21566	29140.00000	-91.26000	0.00000	-0.51566
-23870.69005	16913.87627	137.00000	29160.07906	31.24196	0.00000	-0.21566	29160.00000	-91.44000	0.00000	-0.51566
-23886.96985	16925.49525	137.00000	29180.07973	31.16668	0.00000	-0.21566	29180.00000	-91.62000	0.00000	-0.51566
-23903.24965	16937.11423	137.00000	29200.08040	31.09140	0.00000	-0.21566	29200.00000	-91.80000	0.00000	-0.51566
-23919.52944	16948.73320	137.00000	29220.08106	31.01612	0.00000	-0.21566	29220.00000	-91.98000	0.00000	-0.51566
-23935.80924	16960.35218	137.00000	29240.08173	30.94085	0.00000	-0.21566	29240.00000	-92.16000	0.00000	-0.51566
-23952.08904	16971.97116	137.00000	29260.08240	30.86557	0.00000	-0.21566	29260.00000	-92.34000	0.00000	-0.51566
-23968.36884	16983.59013	137.00000	29280.08307	30.79029	0.00000	-0.21566	29280.00000	-92.52000	0.00000	-0.51566
-23984.64863	16995.20911	137.00000	29300.08374	30.71501	0.00000	-0.21566	29300.00000	-92.70000	0.00000	-0.51566
-24000.92843	17006.82808	137.00000	29320.08441	30.63973	0.00000	-0.21566	29320.00000	-92.88000	0.00000	-0.51566
-24017.20823	17018.44706	137.00000	29340.08507	30.56445	0.00000	-0.21566	29340.00000	-93.06000	0.00000	-0.51566
-24033.48802	17030.06604	137.00000	29360.08574	30.48918	0.00000	-0.21566	29360.00000	-93.24000	0.00000	-0.51566
-24049.76782	17041.68501	137.00000	29380.08641	30.41390	0.00000	-0.21566	29380.00000	-93.42000	0.00000	-0.51566
-24066.04762	17053.30399	137.00000	29400.08708	30.33862	0.00000	-0.21566	29400.00000	-93.60000	0.00000	-0.51566
-24082.32742	17064.92296	137.00000	29420.08775	30.26334	0.00000	-0.21566	29420.00000	-93.78000	0.00000	-0.51566
-24098.60721	17076.54194	137.00000	29440.08841	30.18806	0.00000	-0.21566	29440.00000	-93.96000	0.00000	-0.51566
-24114.88701	17088.16092	137.00000	29460.08908	30.11278	0.00000	-0.21566	29460.00000	-94.14000	0.00000	-0.51566
-24131.16681	17099.77989	137.00000	29480.08975	30.03751	0.00000	-0.21566	29480.00000	-94.32000	0.00000	-0.51566
-24147.44660	17111.39887	137.00000	29500.09042	29.96223	0.00000	-0.21566	29500.00000	-94.50000	0.00000	-0.51566
-24163.72640	17123.01784	137.00000	29520.09109	29.88695	0.00000	-0.21566	29520.00000	-94.68000	0.00000	-0.51566
-24180.00620	17134.63682	137.00000	29540.09176	29.81167	0.00000	-0.21566	29540.00000	-94.86000	0.00000	-0.51566
-24196.28600	17146.25580	137.00000	29560.09242	29.73639	0.00000	-0.21566	29560.00000	-95.04000	0.00000	-0.51566
-24212.56579	17157.87477	137.00000	29580.09309	29.66112	0.00000	-0.21566	29580.00000	-95.22000	0.00000	-0.51566
-24228.84559	17169.49375	137.00000	29600.09376	29.58584	0.00000	-0.21566	29600.00000	-95.40000	0.00000	-0.51566
-24245.12539	17181.11272	137.00000	29620.09443	29.51056	0.00000	-0.21566	29620.00000	-95.58000	0.00000	-0.51566
-24261.40518	17192.73170	137.00000	29640.09510	29.43528	0.00000	-0.21566	29640.00000	-95.76000	0.00000	-0.51566
-24277.68498	17204.35068	137.00000	29660.09577	29.36000	0.00000	-0.21566	29660.00000	-95.94000	0.00000	-0.51566
-24293.96478	17215.96965	137.00000	29680.09643	29.28472	0.00000	-0.21566	29680.00000	-96.12000	0.00000	-0.51566
-24310.24458	17227.58863	137.00000	29700.09710	29.20945	0.00000	-0.21566	29700.00000	-96.30000	0.00000	-0.51566
-24326.52437	17239.20761	137.00000	29720.09777	29.13417	0.00000	-0.21566	29720.00000	-96.48000	0.00000	-0.51566
-24342.80417	17250.82658	137.00000	29740.09844	29.05889	0.00000	-0.21566	29740.00000	-96.66000	0.00000	-0.51566
-24359.08397	17262.44556	137.00000	29760.09911	28.98361	0.00000	-0.21566	29760.00000	-96.84000	0.00000	-0.51566
-24375.36376	17274.06453	137.00000	29780.09978	28.90833	0.00000	-0.21566	29780.00000	-97.02000	0.00000	-0.51566
-24391.64356	17285.68351	137.00000	29800.10044	28.83305	0.00000	-0.21566	29800.00000	-97.20000	0.00000	-0.51566
-24407.92336	17297.30249	137.00000	29820.10111	28.75778	0.00000	-0.21566	29820.00000	-97.38000	0.00000	-0.51566
-24424.20316	17308.92146	137.00000	29840.10178	28.68250	0.00000	-0.21566	29840.00000	-97.56000	0.00000	-0.51566
-24440.48295	17320.54044	137.00000	29860.10245	28.60722	0.00000	-0.21566	29860.00000	-97.74000	0.00000	-0.51566
-24456.76275	17332.15941	137.00000	29880.10312	28.53194	0.00000	-0.21566	29880.00000	-97.92000	0.00000	-0.51566
-24473.04255	17343.77839	137.00000	29900.10379	28.45666	0.00000	-0.21566	29900.00000	-98.10000	0.00000	-0.51566
-24489.32234	17355.39737	137.00000	29920.10445	28.38139	0.00000	-0.21566	29920.00000	-98.28000	0.00000	-0.51566
-24505.60214	17367.01634	137.00000	29940.10512	28.30611	0.00000	-0.21566	29940.00000	-98.46000	0.00000	-0.51566
-24521.88194	17378.63532	137.00000	29960.10579	28.23083	0.00000	-0.21566	29960.00000	-98.64000	0.00000	-0.51566
-24538.16174	17390.25429	137.00000	29980.10646	28.15555	0.00000	-0.21566	29980.00000	-98.82000	0.00000	-0.51566
-24554.44153	17401.87327	137.00000	30000.10713	28.08027	0.00000	-0.21566	30000.00000	-99.00000	0.00000	-0.51566
-24570.72133	17413.49225	137.00000	30020.10780	28.00499	0.00000	-0.21566	30020.00000	-99.18000	0.00000	-0.51566
-24587.00113	17425.11122	137.00000	30040.10846	27.92972	0.00000	-0.21566	30040.00000	-99.36000	0.00000	-0.51566
-24603.28092	17436.73020	137.00000	30060.10913	27.85444	0.00000	-0.21566	30060.00000	-99.54000	0.00000	-0.51566
-24619.56072	17448.34917	137.00000	30080.10980	27.77916	0.00000	-0.21566	30080.00000	-99.72000	0.00000	-0.51566
-24635.84052	17459.96815	137.00000	30100.11047	27.70388	0.00000	-0.21566	30100.00000	-99.90000	0.00000	-0.51566
-24652.12032	17471.58713	137.00000	30120.11114	27.62860	0.00000	-0.21566	30120.00000	-100.08000	0.00000	-0.51566
-24668.40011	17483.20610	137.00000	30140.11181	27.55332	0.00000	-0.21566	30140.00000	-100.26000	0.00000	-0.51566
-24684.67991	17494.82508	137.00000	30160.11247	27.47805	0.00000	-0.21566	30160.00000	-100.44000	0.00000	-0.51566
-24700.95971	17506.44406	137.00000	30180.11314	27.40277	0.00000	-0.21566	30180.00000	-100.62000	0.00000	-0.51566
-24717.23950	17518.06303	137.00000	30200.11381	27.32749	0.00000	-0.21566	30200.00000	-100.80000	0.00000	-0.51566
-24733.51930	17529.68201	137.00000	30220.11448	27.25221	0.00000	-0.21566	30220.00000	-100.98000	0.00000	-0.51566
-24749.79910	17541.30098	137.00000	30240.11515	27.17693	0.00000	-0.21566	30240.00000	-101.16000	0.00000	-0.51566
-24766.07890	17552.91996	137.00000	30260.11582	27.10165	0.00000	-0.21566	30260.00000	-101.34000	0.00000	-0.51566
-24782.35869	17564.53894	137.00000	30280.11648	27.02638	0.00000	-0.21566	30280.00000	-101.52000	0.00000	-0.51566
-24798.63849	17576.15791	137.00000	30300.11715	26.95110	0.00000	-0.21566	30300.00000	-101.70000	0.00000	-0.51566
-24814.91829	17587.77689	137.00000	30320.11782	26.87582	0.00000	-0.21566	30320.00000	-101.88000	0.00000	-0.51566
-24831.19808	17599.39586	137.00000	30340.11849	26.80054	0.00000	-0.21566	30340.00000	-102.06000	0.00000	-0.51566
-24847.47788	17611.01484	137.00000	30360.11916	26.72526	0.00000	-0.21566	30360.00000	-102.24000	0.00000	-0.51566
-24863.75768	17622.63382	137.00000	30380.11983	26.64999	0.00000	-0.21566	30380.00000	-102.42000	0.00000	-0.51566
-24880.03748	17634.25279	137.00000	30400.12049	26.57471	0.00000	-0.21566	30400.00000	-102.60000	0.00000	-0.51566
-24896.31727	17645.87177	137.00000	30420.12116	26.49943	0.00000	-0.21566	30420.00000	-102.78000	0.00000	-0.51566
-24912.59707	17657.49074	137.00000	30440.12183	26.42415	0.00000	-0.21566	30440.00000	-102.96000	0.00000	-0.51566
-24928.87687	17669.10972	137.00000	30460.12250	26.34887	0.00000	-0.21566	30460.00000	-103.14000	0.00000	-0.51566
-24945.15666	17680.72870	137.00000	30480.12317	26.27359	0.00000	-0.21566	30480.00000	-103.32000	0.00000	-0.51566
-24961.43646	17692.34767	137.00000	30500.12384	26.19832	0.00000	-0.21566	30500.00000	-103.50000	0.00000	-0.51566
-24977.71626	17703.96665	137.00000	30520.12450	26.12304	0.00000	-0.21566	30520.00000	-103.68000	0.00000	-0.51566
-24993.99606	17715.58563	137.00000	30540.12517	26.04776	0.00000	-0.21566	30540.00000	-103.86000	0.00000	-0.51566
-25010.27585	17727.20460	137.00000	30560.12584	25.97248	0.00000	-0.21566	30560.00000	-104.04000	0.00000	-0.51566
-25026.55565	17738.82358	137.00000	30580.12651	25.89720	0.00000	-0.21566	30580.00000	-104.22000	0.00000	-0.51566
-25042.83545	17750.44255	137.00000	30600.12718	25.82192	0.00000	-0.21566	30600.00000	-104.40000	0.00000	-0.51566
-25059.11524	17762.06153	137.00000	30620.12785	25.74665	0.00000	-0.21566	30620.00000	-104.58000	0.00000	-0.51566
-25075.39504	17773.68051	137.00000	30640.12851	25.67137	0.00000	-0.21566	30640.00000	-104.76000	0.00000	-0.51566
-25091.67484	17785.29948	137.00000	30660.12918	25.59609	0.00000	-0.21566	30660.00000	-104.94000	0.00000	-0.51566
-25107.95464	17796.91846	137.00000	30680.12985	25.52081	0.00000	-0.21566	30680.00000	-105.12000	0.00000	-0.51566
-25124.23443	17808.53743	137.00000	30700.13052	25.44553	0.00000	-0.21566	30700.00000	-105.30000	0.00000	-0.51566
-25140.51423	17820.15641	137.00000	30720.13119	25.37025	0.00000	-0.21566	30720.00000	-105.48000	0.00000	-0.51566
-25156.79403	17831.77539	137.00000	30740.13186	25.29498	0.00000	-0.21566	30740.00000	-105.66000	0.00000	-0.51566
-25173.07382	17843.39436	137.00000	30760.13252	25.21970	0.00000	-0.21566	30760.00000	-105.84000	0.00000	-0.51566
-25189.35362	17855.01334	137.00000	30780.13319	25.14442	0.00000	-0.21566	30780.00000	-106.02000	0.00000	-0.51566
-25205.63342	17866.63231	137.00000	30800.13386	25.06914	0.00000	-0.21566	30800.00000	-106.20000	0.00000	-0.51566
-25221.91321	17878.25129	137.00000	30820.13453	24.99386	0.00000	-0.21566	30820.00000	-106.38000	0.00000	-0.51566
-25238.19301	17889.87027	137.00000	30840.13520	24.91859	0.00000	-0.21566	30840.00000	-106.56000	0.00000	-0.51566
-25254.47281	17901.48924	137.00000	30860.13587	24.84331	0.00000	-0.21566	30860.00000	-106.74000	0.00000	-0.51566
-25270.75261	17913.10822	137.00000	30880.13653	24.76803	0.00000	-0.21566	30880.00000	-106.92000	0.00000	-0.51566
-25287.03240	17924.72719	137.00000	30900.13720	24.69275	0.00000	-0.21566	30900.00000	-107.10000	0.00000	-0.51566
-25303.31220	17936.34617	137.00000	30920.13787	24.61747	0.00000	-0.21566	30920.00000	-107.28000	0.00000	-0.51566
-25319.59200	17947.96515	137.00000	30940.13854	24.54219	0.00000	-0.21566	30940.00000	-107.46000	0.00000	-0.51566
-25335.87179	17959.58412	137.00000	30960.13921	24.46692	0.00000	-0.21566	30960.00000	-107.64000	0.00000	-0.51566
-25352.15159	17971.20310	137.00000	30980.13988	24.39164	0.00000	-0.21566	30980.00000	-107.82000	0.00000	-0.51566
-25368.43139	17982.82208	137.00000	31000.14054	24.31636	0.00000	-0.21566	31000.00000	-108.00000	0.00000	-0.51566
-25384.71119	17994.44105	137.00000	31020.14121	24.24108	0.00000	-0.21566	31020.00000	-108.18000	0.00000	-0.51566
-25400.99098	18006.06003	137.00000	31040.14188	24.16580	0.00000	-0.21566	31040.00000	-108.36000	0.00000	-0.51566
-25417.27078	18017.67900	137.00000	31060.14255	24.09052	0.00000	-0.21566	31060.00000	-108.54000	0.00000	-0.51566
-25433.55058	18029.29798	137.00000	31080.14322	24.01525	0.00000	-0.21566	31080.00000	-108.72000	0.00000	-0.51566
-25449.83037	18040.91696	137.00000	31100.14389	23.93997	0.00000	-0.21566	31100.00000	-108.90000	0.00000	-0.51566
-25466.11017	18052.53593	137.00000	31120.14455	23.86469	0.00000	-0.21566	31120.00000	-109.08000	0.00000	-0.51566
-25482.38997	18064.15491	137.00000	31140.14522	23.78941	0.00000	-0.21566	31140.00000	-109.26000	0.00000	-0.51566
-25498.66977	18075.77388	137.00000	31160.14589	23.71413	0.00000	-0.21566	31160.00000	-109.44000	0.00000	-0.51566
-25514.94956	18087.39286	137.00000	31180.14656	23.63885	0.00000	-0.21566	31180.00000	-109.62000	0.00000	-0.51566
-25531.22936	18099.01184	137.00000	31200.14723	23.56358	0.00000	-0.21566	31200.00000	-109.80000	0.00000	-0.51566
-25547.50916	18110.63081	137.00000	31220.14790	23.48830	0.00000	-0.21566	31220.00000	-109.98000	0.00000	-0.51566
-25563.78895	18122.24979	137.00000	31240.14856	23.41302	0.00000	-0.21566	31240.00000	-110.16000	0.00000	-0.51566
-25580.06875	18133.86876	137.00000	31260.14923	23.33774	0.00000	-0.21566	31260.00000	-110.34000	0.00000	-0.51566
-25596.34855	18145.48774	137.00000	31280.14990	23.26246	0.00000	-0.21566	31280.00000	-110.52000	0.00000	-0.51566
-25612.62835	18157.10672	137.00000	31300.15057	23.18719	0.00000	-0.21566	31300.00000	-110.70000	0.00000	-0.51566
-25628.90814	18168.72569	137.00000	31320.15124	23.11191	0.00000	-0.21566	31320.00000	-110.88000	0.00000	-0.51566
-25645.18794	18180.34467	137.00000	31340.15191	23.03663	0.00000	-0.21566	31340.00000	-111.06000	0.00000	-0.51566
-25661.46774	18191.96365	137.00000	31360.15257	22.96135	0.00000	-0.21566	31360.00000	-111.24000	0.00000	-0.51566
-25677.74753	18203.58262	137.00000	31380.15324	22.88607	0.00000	-0.21566	31380.00000	-111.42000	0.00000	-0.51566
-25694.02733	18215.20160	137.00000	31400.15391	22.81079	0.00000	-0.21566	31400.00000	-111.60000	0.00000	-0.51566
-25710.30713	18226.82057	137.00000	31420.15458	22.73552	0.00000	-0.21566	31420.00000	-111.78000	0.00000	-0.51566
-25726.58693	18238.43955	137.00000	31440.15525	22.66024	0.00000	-0.21566	31440.00000	-111.96000	0.00000	-0.51566
-25742.86672	18250.05853	137.00000	31460.15592	22.58496	0.00000	-0.21566	31460.00000	-112.14000	0.00000	-0.51566
-25759.14652	18261.67750	137.00000	31480.15658	22.50968	0.00000	-0.21566	31480.00000	-112.32000	0.00000	-0.51566
-25775.42632	18273.29648	137.00000	31500.15725	22.43440	0.00000	-0.21566	31500.00000	-112.50000	0.00000	-0.51566
-25791.70611	18284.91545	137.00000	31520.15792	22.35912	0.00000	-0.21566	31520.00000	-112.68000	0.00000	-0.51566
-25807.98591	18296.53443	137.00000	31540.15859	22.28385	0.00000	-0.21566	31540.00000	-112.86000	0.00000	-0.51566
-25824.26571	18308.15341	137.00000	31560.15926	22.20857	0.00000	-0.21566	31560.00000	-113.04000	0.00000	-0.51566
-25840.54551	18319.77238	137.00000	31580.15992	22.13329	0.00000	-0.21566	31580.00000	-113.22000	0.00000	-0.51566
-25856.82530	18331.39136	137.00000	31600.16059	22.05801	0.00000	-0.21566	31600.00000	-113.40000	0.00000	-0.51566
-25873.10510	18343.01033	137.00000	31620.16126	21.98273	0.00000	-0.21566	31620.00000	-113.58000	0.00000	-0.51566
-25889.38490	18354.62931	137.00000	31640.16193	21.90746	0.00000	-0.21566	31640.00000	-113.76000	0.00000	-0.51566
-25905.66469	18366.24829	137.00000	31660.16260	21.83218	0.00000	-0.21566	31660.00000	-113.94000	0.00000	-0.51566
-25921.94449	18377.86726	137.00000	31680.16327	21.75690	0.00000	-0.21566	31680.00000	-114.12000	0.00000	-0.51566
-25938.22429	18389.48624	137.00000	31700.16393	21.68162	0.00000	-0.21566	31700.00000	-114.30000	0.00000	-0.51566
-25954.50409	18401.10521	137.00000	31720.16460	21.60634	0.00000	-0.21566	31720.00000	-114.48000	0.00000	-0.51566
-25970.78388	18412.72419	137.00000	31740.16527	21.53106	0.00000	-0.21566	31740.00000	-114.66000	0.00000	-0.51566
-25987.06368	18424.34317	137.00000	31760.16594	21.45579	0.00000	-0.21566	31760.00000	-114.84000	0.00000	-0.51566
-26003.34348	18435.96214	137.00000	31780.16661	21.38051	0.00000	-0.21566	31780.00000	-115.02000	0.00000	-0.51566
-26019.62327	18447.58112	137.00000	31800.16728	21.30523	0.00000	-0.21566	31800.00000	-115.20000	0.00000	-0.51566
-26035.90307	18459.20010	137.00000	31820.16794	21.22995	0.00000	-0.21566	31820.00000	-115.38000	0.00000	-0.51566
-26052.18287	18470.81907	137.00000	31840.16861	21.15467	0.00000	-0.21566	31840.00000	-115.56000	0.00000	-0.51566
-26068.46267	18482.43805	137.00000	31860.16928	21.07939	0.00000	-0.21566	31860.00000	-115.74000	0.00000	-0.51566
-26084.74246	18494.05702	137.00000	31880.16995	21.00412	0.00000	-0.21566	31880.00000	-115.92000	0.00000	-0.51566
-26101.02226	18505.67600	137.00000	31900.17062	20.92884	0.00000	-0.21566	31900.00000	-116.10000	0.00000	-0.51566
-26117.30206	18517.29498	137.00000	31920.17129	20.85356	0.00000	-0.21566	31920.00000	-116.28000	0.00000	-0.51566
-26133.58185	18528.91395	137.00000	31940.17195	20.77828	0.00000	-0.21566	31940.00000	-116.46000	0.00000	-0.51566
-26149.86165	18540.53293	137.00000	31960.17262	20.70300	0.00000	-0.21566	31960.00000	-116.64000	0.00000	-0.51566
-26166.14145	18552.15190	137.00000	31980.17329	20.62772	0.00000	-0.21566	31980.00000	-116.82000	0.00000	-0.51566
-26182.42125	18563.77088	137.00000	32000.17396	20.55245	0.00000	-0.21566	32000.00000	-117.00000	0.00000	-0.51566
-26198.70104	18575.38986	137.00000	32020.17463	20.47717	0.00000	-0.21566	32020.00000	-117.18000	0.00000	-0.51566
-26214.98084	18587.00883	137.00000	32040.17530	20.40189	0.00000	-0.21566	32040.00000	-117.36000	0.00000	-0.51566
-26231.26064	18598.62781	137.00000	32060.17596	20.32661	0.00000	-0.21566	32060.00000	-117.54000	0.00000	-0.51566
-26247.54043	18610.24678	137.00000	32080.17663	20.25133	0.00000	-0.21566	32080.00000	-117.72000	0.00000	-0.51566
-26263.82023	18621.86576	137.00000	32100.17730	20.17606	0.00000	-0.21566	32100.00000	-117.90000	0.00000	-0.51566
-26280.10003	18633.48474	137.00000	32120.17797	20.10078	0.00000	-0.21566	32120.00000	-118.08000	0.00000	-0.51566
-26296.37983	18645.10371	137.00000	32140.17864	20.02550	0.00000	-0.21566	32140.00000	-118.26000	0.00000	-0.51566
-26312.65962	18656.72269	137.00000	32160.17931	19.95022	0.00000	-0.21566	32160.00000	-118.44000	0.00000	-0.51566
-26328.93942	18668.34166	137.00000	32180.17997	19.87494	0.00000	-0.21566	32180.00000	-118.62000	0.00000	-0.51566
-26345.21922	18679.96064	137.00000	32200.18064	19.79966	0.00000	-0.21566	32200.00000	-118.80000	0.00000	-0.51566
-26361.49901	18691.57962	137.00000	32220.18131	19.72439	0.00000	-0.21566	32220.00000	-118.98000	0.00000	-0.51566
-26377.77881	18703.19859	137.00000	32240.18198	19.64911	0.00000	-0.21566	32240.00000	-119.16000	0.00000	-0.51566
-26394.05861	18714.81757	137.00000	32260.18265	19.57383	0.00000	-0.21566	32260.00000	-119.34000	0.00000	-0.51566
-26410.33841	18726.43655	137.00000	32280.18332	19.49855	0.00000	-0.21566	32280.00000	-119.52000	0.00000	-0.51566
-26426.61820	18738.05552	137.00000	32300.18398	19.42327	0.00000	-0.21566	32300.00000	-119.70000	0.00000	-0.51566
-26442.89800	18749.67450	137.00000	32320.18465	19.34799	0.00000	-0.21566	32320.00000	-119.88000	0.00000	-0.51566
-26459.17780	18761.29347	137.00000	32340.18532	19.27272	0.00000	-0.21566	32340.00000	-120.06000	0.00000	-0.51566
-26475.45759	18772.91245	137.00000	32360.18599	19.19744	0.00000	-0.21566	32360.00000	-120.24000	0.00000	-0.51566
-26491.73739	18784.53143	137.00000	32380.18666	19.12216	0.00000	-0.21566	32380.00000	-120.42000	0.00000	-0.51566
-26508.01719	18796.15040	137.00000	32400.18733	19.04688	0.00000	-0.21566	32400.00000	-120.60000	0.00000	-0.51566
-26524.29699	18807.76938	137.00000	32420.18799	18.97160	0.00000	-0.21566	32420.00000	-120.78000	0.00000	-0.51566
-26540.57678	18819.38835	137.00000	32440.18866	18.89632	0.00000	-0.21566	32440.00000	-120.96000	0.00000	-0.51566
-26556.85658	18831.00733	137.00000	32460.18933	18.82105	0.00000	-0.21566	32460.00000	-121.14000	0.00000	-0.51566
-26573.13638	18842.62631	137.00000	32480.19000	18.74577	0.00000	-0.21566	32480.00000	-121.32000	0.00000	-0.51566
-26589.41617	18854.24528	137.00000	32500.19067	18.67049	0.00000	-0.21566	32500.00000	-121.50000	0.00000	-0.51566
-26605.69597	18865.86426	137.00000	32520.19134	18.59521	0.00000	-0.21566	32520.00000	-121.68000	0.00000	-0.51566
-26621.97577	18877.48323	137.00000	32540.19200	18.51993	0.00000	-0.21566	32540.00000	-121.86000	0.00000	-0.51566
-26638.25557	18889.10221	137.00000	32560.19267	18.44466	0.00000	-0.21566	32560.00000	-122.04000	0.00000	-0.51566
-26654.53536	18900.72119	137.00000	32580.19334	18.36938	0.00000	-0.21566	32580.00000	-122.22000	0.00000	-0.51566
-26670.81516	18912.34016	137.00000	32600.19401	18.29410	0.00000	-0.21566	32600.00000	-122.40000	0.00000	-0.51566
-26687.09496	18923.95914	137.00000	32620.19468	18.21882	0.00000	-0.21566	32620.00000	-122.58000	0.00000	-0.51566
-26703.37475	18935.57812	137.00000	32640.19535	18.14354	0.00000	-0.21566	32640.00000	-122.76000	0.00000	-0.51566
-26719.65455	18947.19709	137.00000	32660.19601	18.06826	0.00000	-0.21566	32660.00000	-122.94000	0.00000	-0.51566
-26735.93435	18958.81607	137.00000	32680.19668	17.99299	0.00000	-0.21566	32680.00000	-123.12000	0.00000	-0.51566
-26752.21414	18970.43504	137.00000	32700.19735	17.91771	0.00000	-0.21566	32700.00000	-123.30000	0.00000	-0.51566
-26768.49394	18982.05402	137.00000	32720.19802	17.84243	0.00000	-0.21566	32720.00000	-123.48000	0.00000	-0.51566
-26784.77374	18993.67300	137.00000	32740.19869	17.76715	0.00000	-0.21566	32740.00000	-123.66000	0.00000	-0.51566
-26801.05354	19005.29197	137.00000	32760.19936	17.69187	0.00000	-0.21566	32760.00000	-123.84000	0.00000	-0.51566
-26817.33333	19016.91095	137.00000	32780.20002	17.61659	0.00000	-0.21566	32780.00000	-124.02000	0.00000	-0.51566
-26833.61313	19028.52992	137.00000	32800.20069	17.54132	0.00000	-0.21566	32800.00000	-124.20000	0.00000	-0.51566
-26849.89293	19040.14890	137.00000	32820.20136	17.46604	0.00000	-0.21566	32820.00000	-124.38000	0.00000	-0.51566
-26866.17272	19051.76788	137.00000	32840.20203	17.39076	0.00000	-0.21566	32840.00000	-124.56000	0.00000	-0.51566
-26882.45252	19063.38685	137.00000	32860.20270	17.31548	0.00000	-0.21566	32860.00000	-124.74000	0.00000	-0.51566
-26898.73232	19075.00583	137.00000	32880.20337	17.24020	0.00000	-0.21566	32880.00000	-124.92000	0.00000	-0.51566
-26915.01212	19086.62480	137.00000	32900.20403	17.16492	0.00000	-0.21566	32900.00000	-125.10000	0.00000	-0.51566
-26931.29191	19098.24378	137.00000	32920.20470	17.08965	0.00000	-0.21566	32920.00000	-125.28000	0.00000	-0.51566
-26947.57171	19109.86276	137.00000	32940.20537	17.01437	0.00000	-0.21566	32940.00000	-125.46000	0.00000	-0.51566
-26963.85151	19121.48173	137.00000	32960.20604	16.93909	0.00000	-0.21566	32960.00000	-125.64000	0.00000	-0.51566
-26980.13130	19133.10071	137.00000	32980.20671	16.86381	0.00000	-0.21566	32980.00000	-125.82000	0.00000	-0.51566
-26996.41110	19144.71968	137.00000	33000.20738	16.78853	0.00000	-0.21566	33000.00000	-126.00000	0.00000	-0.51566
-27012.69090	19156.33866	137.00000	33020.20804	16.71326	0.00000	-0.21566	33020.00000	-126.18000	0.00000	-0.51566
-27028.97070	19167.95764	137.00000	33040.20871	16.63798	0.00000	-0.21566	33040.00000	-126.36000	0.00000	-0.51566
-27045.25049	19179.57661	137.00000	33060.20938	16.56270	0.00000	-0.21566	33060.00000	-126.54000	0.00000	-0.51566
-27061.53029	19191.19559	137.00000	33080.21005	16.48742	0.00000	-0.21566	33080.00000	-126.72000	0.00000	-0.51566
-27077.81009	19202.81457	137.00000	33100.21072	16.41214	0.00000	-0.21566	33100.00000	-126.90000	0.00000	-0.51566
-27094.08988	19214.43354	137.00000	33120.21139	16.33686	0.00000	-0.21566	33120.00000	-127.08000	0.00000	-0.51566
-27110.36968	19226.05252	137.00000	33140.21205	16.26159	0.00000	-0.21566	33140.00000	-127.26000	0.00000	-0.51566
-27126.64948	19237.67149	137.00000	33160.21272	16.18631	0.00000	-0.21566	33160.00000	-127.44000	0.00000	-0.51566
-27142.92928	19249.29047	137.00000	33180.21339	16.11103	0.00000	-0.21566	33180.00000	-127.62000	0.00000	-0.51566
-27159.20907	19260.90945	137.00000	33200.21406	16.03575	0.00000	-0.21566	33200.00000	-127.80000	0.00000	-0.51566
-27175.48887	19272.52842	137.00000	33220.21473	15.96047	0.00000	-0.21566	33220.00000	-127.98000	0.00000	-0.51566
-27191.76867	19284.14740	137.00000	33240.21540	15.88519	0.00000	-0.21566	33240.00000	-128.16000	0.00000	-0.51566
-27208.04846	19295.76637	137.00000	33260.21606	15.80992	0.00000	-0.21566	33260.00000	-128.34000	0.00000	-0.51566
-27224.32826	19307.38535	137.00000	33280.21673	15.73464	0.00000	-0.21566	33280.00000	-128.52000	0.00000	-0.51566
-27240.60806	19319.00433	137.00000	33300.21740	15.65936	0.00000	-0.21566	33300.00000	-128.70000	0.00000	-0.51566
-27256.88786	19330.62330	137.00000	33320.21807	15.58408	0.00000	-0.21566	33320.00000	-128.88000	0.00000	-0.51566
-27273.16765	19342.24228	137.00000	33340.21874	15.50880	0.00000	-0.21566	33340.00000	-129.06000	0.00000	-0.51566
-27289.44745	19353.86125	137.00000	33360.21941	15.43353	0.00000	-0.21566	33360.00000	-129.24000	0.00000	-0.51566
-27305.72725	19365.48023	137.00000	33380.22007	15.35825	0.00000	-0.21566	33380.00000	-129.42000	0.00000	-0.51566
-27322.00704	19377.09921	137.00000	33400.22074	15.28297	0.00000	-0.21566	33400.00000	-129.60000	0.00000	-0.51566
-27338.28684	19388.71818	137.00000	33420.22141	15.20769	0.00000	-0.21566	33420.00000	-129.78000	0.00000	-0.51566
-27354.56664	19400.33716	137.00000	33440.22208	15.13241	0.00000	-0.21566	33440.00000	-129.96000	0.00000	-0.51566
-27370.84644	19411.95614	137.00000	33460.22275	15.05713	0.00000	-0.21566	33460.00000	-130.14000	0.00000	-0.51566
-27387.12623	19423.57511	137.00000	33480.22342	14.98186	0.00000	-0.21566	33480.00000	-130.32000	0.00000	-0.51566
-27403.40603	19435.19409	137.00000	33500.22408	14.90658	0.00000	-0.21566	33500.00000	-130.50000	0.00000	-0.51566
-27419.68583	19446.81306	137.00000	33520.22475	14.83130	0.00000	-0.21566	33520.00000	-130.68000	0.00000	-0.51566
-27435.96562	19458.43204	137.00000	33540.22542	14.75602	0.00000	-0.21566	33540.00000	-130.86000	0.00000	-0.51566
-27452.24542	19470.05102	137.00000	33560.22609	14.68074	0.00000	-0.21566	33560.00000	-131.04000	0.00000	-0.51566
-27468.52522	19481.66999	137.00000	33580.22676	14.60546	0.00000	-0.21566	33580.00000	-131.22000	0.00000	-0.51566
-27484.80502	19493.28897	137.00000	33600.22743	14.53019	0.00000	-0.21566	33600.00000	-131.40000	0.00000	-0.51566
-27501.08481	19504.90794	137.00000	33620.22809	14.45491	0.00000	-0.21566	33620.00000	-131.58000	0.00000	-0.51566
-27517.36461	19516.52692	137.00000	33640.22876	14.37963	0.00000	-0.21566	33640.00000	-131.76000	0.00000	-0.51566
-27533.64441	19528.14590	137.00000	33660.22943	14.30435	0.00000	-0.21566	33660.00000	-131.94000	0.00000	-0.51566
-27549.92420	19539.76487	137.00000	33680.23010	14.22907	0.00000	-0.21566	33680.00000	-132.12000	0.00000	-0.51566
-27566.20400	19551.38385	137.00000	33700.23077	14.15379	0.00000	-0.21566	33700.00000	-132.30000	0.00000	-0.51566
-27582.48380	19563.00282	137.00000	33720.23144	14.07852	0.00000	-0.21566	33720.00000	-132.48000	0.00000	-0.51566
-27598.76360	19574.62180	137.00000	33740.23210	14.00324	0.00000	-0.21566	33740.00000	-132.66000	0.00000	-0.51566
-27615.04339	19586.24078	137.00000	33760.23277	13.92796	0.00000	-0.21566	33760.00000	-132.84000	0.00000	-0.51566
-27631.32319	19597.85975	137.00000	33780.23344	13.85268	0.00000	-0.21566	33780.00000	-133.02000	0.00000	-0.51566
-27647.60299	19609.47873	137.00000	33800.23411	13.77740	0.00000	-0.21566	33800.00000	-133.20000	0.00000	-0.51566
-27663.88278	19621.09770	137.00000	33820.23478	13.70213	0.00000	-0.21566	33820.00000	-133.38000	0.00000	-0.51566
-27680.16258	19632.71668	137.00000	33840.23544	13.62685	0.00000	-0.21566	33840.00000	-133.56000	0.00000	-0.51566
-27696.44238	19644.33566	137.00000	33860.23611	13.55157	0.00000	-0.21566	33860.00000	-133.74000	0.00000	-0.51566
-27712.72218	19655.95463	137.00000	33880.23678	13.47629	0.00000	-0.21566	33880.00000	-133.92000	0.00000	-0.51566
-27729.00197	19667.57361	137.00000	33900.23745	13.40101	0.00000	-0.21566	33900.00000	-134.10000	0.00000	-0.51566
-27745.28177	19679.19259	137.00000	33920.23812	13.32573	0.00000	-0.21566	33920.00000	-134.28000	0.00000	-0.51566
-27761.56157	19690.81156	137.00000	33940.23879	13.25046	0.00000	-0.21566	33940.00000	-134.46000	0.00000	-0.51566
-27777.84136	19702.43054	137.00000	33960.23945	13.17518	0.00000	-0.21566	33960.00000	-134.64000	0.00000	-0.51566
-27794.12116	19714.04951	137.00000	33980.24012	13.09990	0.00000	-0.21566	33980.00000	-134.82000	0.00000	-0.51566
-27810.40096	19725.66849	137.00000	34000.24079	13.02462	0.00000	-0.21566	34000.00000	-135.00000	0.00000	-0.51566
-27826.68076	19737.28747	137.00000	34020.24146	12.94934	0.00000	-0.21566	34020.00000	-135.18000	0.00000	-0.51566
-27842.96055	19748.90644	137.00000	34040.24213	12.87406	0.00000	-0.21566	34040.00000	-135.36000	0.00000	-0.51566
-27859.24035	19760.52542	137.00000	34060.24280	12.79879	0.00000	-0.21566	34060.00000	-135.54000	0.00000	-0.51566
-27875.52015	19772.14439	137.00000	34080.24346	12.72351	0.00000	-0.21566	34080.00000	-135.72000	0.00000	-0.51566
-27891.79994	19783.76337	137.00000	34100.24413	12.64823	0.00000	-0.21566	34100.00000	-135.90000	0.00000	-0.51566
-27908.07974	19795.38235	137.00000	34120.24480	12.57295	0.00000	-0.21566	34120.00000	-136.08000	0.00000	-0.51566
-27924.35954	19807.00132	137.00000	34140.24547	12.49767	0.00000	-0.21566	34140.00000	-136.26000	0.00000	-0.51566
-27940.63934	19818.62030	137.00000	34160.24614	12.42239	0.00000	-0.21566	34160.00000	-136.44000	0.00000	-0.51566
-27956.91913	19830.23927	137.00000	34180.24681	12.34712	0.00000	-0.21566	34180.00000	-136.62000	0.00000	-0.51566
-27973.19893	19841.85825	137.00000	34200.24747	12.27184	0.00000	-0.21566	34200.00000	-136.80000	0.00000	-0.51566
-27989.47873	19853.47723	137.00000	34220.24814	12.19656	0.00000	-0.21566	34220.00000	-136.98000	0.00000	-0.51566
-28005.75852	19865.09620	137.00000	34240.24881	12.12128	0.00000	-0.21566	34240.00000	-137.16000	0.00000	-0.51566
-28022.03832	19876.71518	137.00000	34260.24948	12.04600	0.00000	-0.21566	34260.00000	-137.34000	0.00000	-0.51566
-28038.31812	19888.33415	137.00000	34280.25015	11.97073	0.00000	-0.21566	34280.00000	-137.52000	0.00000	-0.51566
-28054.59792	19899.95313	137.00000	34300.25082	11.89545	0.00000	-0.21566	34300.00000	-137.70000	0.00000	-0.51566
-28070.87771	19911.57211	137.00000	34320.25148	11.82017	0.00000	-0.21566	34320.00000	-137.88000	0.00000	-0.51566
-28087.15751	19923.19108	137.00000	34340.25215	11.74489	0.00000	-0.21566	34340.00000	-138.06000	0.00000	-0.51566
-28103.43731	19934.81006	137.00000	34360.25282	11.66961	0.00000	-0.21566	34360.00000	-138.24000	0.00000	-0.51566
-28119.71710	19946.42904	137.00000	34380.25349	11.59433	0.00000	-0.21566	34380.00000	-138.42000	0.00000	-0.51566
-28135.99690	19958.04801	137.00000	34400.25416	11.51906	0.00000	-0.21566	34400.00000	-138.60000	0.00000	-0.51566
-28152.27670	19969.66699	137.00000	34420.25483	11.44378	0.00000	-0.21566	34420.00000	-138.78000	0.00000	-0.51566
-28168.55649	19981.28596	137.00000	34440.25549	11.36850	0.00000	-0.21566	34440.00000	-138.96000	0.00000	-0.51566
-28184.83629	19992.90494	137.00000	34460.25616	11.29322	0.00000	-0.21566	34460.00000	-139.14000	0.00000	-0.51566
-28201.11609	20004.52392	137.00000	34480.25683	11.21794	0.00000	-0.21566	34480.00000	-139.32000	0.00000	-0.51566
-28217.39589	20016.14289	137.00000	34500.25750	11.14266	0.00000	-0.21566	34500.00000	-139.50000	0.00000	-0.51566
-28233.67568	20027.76187	137.00000	34520.25817	11.06739	0.00000	-0.21566	34520.00000	-139.68000	0.00000	-0.51566
-28249.95548	20039.38084	137.00000	34540.25884	10.99211	0.00000	-0.21566	34540.00000	-139.86000	0.00000	-0.51566
-28266.23528	20050.99982	137.00000	34560.25950	10.91683	0.00000	-0.21566	34560.00000	-140.04000	0.00000	-0.51566
-28282.51507	20062.61880	137.00000	34580.26017	10.84155	0.00000	-0.21566	34580.00000	-140.22000	0.00000	-0.51566
-28298.79487	20074.23777	137.00000	34600.26084	10.76627	0.00000	-0.21566	34600.00000	-140.40000	0.00000	-0.51566
-28315.07467	20085.85675	137.00000	34620.26151	10.69099	0.00000	-0.21566	34620.00000	-140.58000	0.00000	-0.51566
-28331.35447	20097.47572	137.00000	34640.26218	10.61572	0.00000	-0.21566	34640.00000	-140.76000	0.00000	-0.51566
-28347.63426	20109.09470	137.00000	34660.26285	10.54044	0.00000	-0.21566	34660.00000	-140.94000	0.00000	-0.51566
-28363.91406	20120.71368	137.00000	34680.26351	10.46516	0.00000	-0.21566	34680.00000	-141.12000	0.00000	-0.51566
-28380.19386	20132.33265	137.00000	34700.26418	10.38988	0.00000	-0.21566	34700.00000	-141.30000	0.00000	-0.51566
-28396.47365	20143.95163	137.00000	34720.26485	10.31460	0.00000	-0.21566	34720.00000	-141.48000	0.00000	-0.51566
-28412.75345	20155.57061	137.00000	34740.26552	10.23933	0.00000	-0.21566	34740.00000	-141.66000	0.00000	-0.51566
-28429.03325	20167.18958	137.00000	34760.26619	10.16405	0.00000	-0.21566	34760.00000	-141.84000	0.00000	-0.51566
-28445.31305	20178.80856	137.00000	34780.26686	10.08877	0.00000	-0.21566	34780.00000	-142.02000	0.00000	-0.51566
-28461.59284	20190.42753	137.00000	34800.26752	10.01349	0.00000	-0.21566	34800.00000	-142.20000	0.00000	-0.51566
-28477.87264	20202.04651	137.00000	34820.26819	9.93821	0.00000	-0.21566	34820.00000	-142.38000	0.00000	-0.51566
-28494.15244	20213.66549	137.00000	34840.26886	9.86293	0.00000	-0.21566	34840.00000	-142.56000	0.00000	-0.51566
-28510.43223	20225.28446	137.00000	34860.26953	9.78766	0.00000	-0.21566	34860.00000	-142.74000	0.00000	-0.51566
-28526.71203	20236.90344	137.00000	34880.27020	9.71238	0.00000	-0.21566	34880.00000	-142.92000	0.00000	-0.51566
-28542.99183	20248.52241	137.00000	34900.27087	9.63710	0.00000	-0.21566	34900.00000	-143.10000	0.00000	-0.51566
-28559.27163	20260.14139	137.00000	34920.27153	9.56182	0.00000	-0.21566	34920.00000	-143.28000	0.00000	-0.51566
-28575.55142	20271.76037	137.00000	34940.27220	9.48654	0.00000	-0.21566	34940.00000	-143.46000	0.00000	-0.51566
-28591.83122	20283.37934	137.00000	34960.27287	9.41126	0.00000	-0.21566	34960.00000	-143.64000	0.00000	-0.51566
-28608.11102	20294.99832	137.00000	34980.27354	9.33599	0.00000	-0.21566	34980.00000	-143.82000	0.00000	-0.51566
-28624.39081	20306.61729	137.00000	35000.27421	9.26071	0.00000	-0.21566	35000.00000	-144.00000	0.00000	-0.51566
-28640.67061	20318.23627	137.00000	35020.27488	9.18543	0.00000	-0.21566	35020.00000	-144.18000	0.00000	-0.51566
-28656.95041	20329.85525	137.00000	35040.27554	9.11015	0.00000	-0.21566	35040.00000	-144.36000	0.00000	-0.51566
-28673.23021	20341.47422	137.00000	35060.27621	9.03487	0.00000	-0.21566	35060.00000	-144.54000	0.00000	-0.51566
-28689.51000	20353.09320	137.00000	35080.27688	8.95959	0.00000	-0.21566	35080.00000	-144.72000	0.00000	-0.51566
-28705.78980	20364.71217	137.00000	35100.27755	8.88432	0.00000	-0.21566	35100.00000	-144.90000	0.00000	-0.51566
-28722.06960	20376.33115	137.00000	35120.27822	8.80904	0.00000	-0.21566	35120.00000	-145.08000	0.00000	-0.51566
-28738.34939	20387.95013	137.00000	35140.27889	8.73376	0.00000	-0.21566	35140.00000	-145.26000	0.00000	-0.51566
-28754.62919	20399.56910	137.00000	35160.27955	8.65848	0.00000	-0.21566	35160.00000	-145.44000	0.00000	-0.51566
-28770.90899	20411.18808	137.00000	35180.28022	8.58320	0.00000	-0.21566	35180.00000	-145.62000	0.00000	-0.51566
-28787.18879	20422.80706	137.00000	35200.28089	8.50793	0.00000	-0.21566	35200.00000	-145.80000	0.00000	-0.51566
-28803.46858	20434.42603	137.00000	35220.28156	8.43265	0.00000	-0.21566	35220.00000	-145.98000	0.00000	-0.51566
-28819.74838	20446.04501	137.00000	35240.28223	8.35737	0.00000	-0.21566	35240.00000	-146.16000	0.00000	-0.51566
-28836.02818	20457.66398	137.00000	35260.28290	8.28209	0.00000	-0.21566	35260.00000	-146.34000	0.00000	-0.51566
-28852.30797	20469.28296	137.00000	35280.28356	8.20681	0.00000	-0.21566	35280.00000	-146.52000	0.00000	-0.51566
-28868.58777	20480.90194	137.00000	35300.28423	8.13153	0.00000	-0.21566	35300.00000	-146.70000	0.00000	-0.51566
-28884.86757	20492.52091	137.00000	35320.28490	8.05626	0.00000	-0.21566	35320.00000	-146.88000	0.00000	-0.51566
-28901.14737	20504.13989	137.00000	35340.28557	7.98098	0.00000	-0.21566	35340.00000	-147.06000	0.00000	-0.51566
-28917.42716	20515.75886	137.00000	35360.28624	7.90570	0.00000	-0.21566	35360.00000	-147.24000	0.00000	-0.51566
-28933.70696	20527.37784	137.00000	35380.28691	7.83042	0.00000	-0.21566	35380.00000	-147.42000	0.00000	-0.51566
-28949.98676	20538.99682	137.00000	35400.28757	7.75514	0.00000	-0.21566	35400.00000	-147.60000	0.00000	-0.51566
-28966.26655	20550.61579	137.00000	35420.28824	7.67986	0.00000	-0.21566	35420.00000	-147.78000	0.00000	-0.51566
-28982.54635	20562.23477	137.00000	35440.28891	7.60459	0.00000	-0.21566	35440.00000	-147.96000	0.00000	-0.51566
-28998.82615	20573.85374	137.00000	35460.28958	7.52931	0.00000	-0.21566	35460.00000	-148.14000	0.00000	-0.51566
-29015.10595	20585.47272	137.00000	35480.29025	7.45403	0.00000	-0.21566	35480.00000	-148.32000	0.00000	-0.51566
-29031.38574	20597.09170	137.00000	35500.29092	7.37875	0.00000	-0.21566	35500.00000	-148.50000	0.00000	-0.51566
-29047.66554	20608.71067	137.00000	35520.29158	7.30347	0.00000	-0.21566	35520.00000	-148.68000	0.00000	-0.51566
-29063.94534	20620.32965	137.00000	35540.29225	7.22820	0.00000	-0.21566	35540.00000	-148.86000	0.00000	-0.51566
-29080.22513	20631.94863	137.00000	35560.29292	7.15292	0.00000	-0.21566	35560.00000	-149.04000	0.00000	-0.51566
-29096.50493	20643.56760	137.00000	35580.29359	7.07764	0.00000	-0.21566	35580.00000	-149.22000	0.00000	-0.51566
-29112.78473	20655.18658	137.00000	35600.29426	7.00236	0.00000	-0.21566	35600.00000	-149.40000	0.00000	-0.51566
-29129.06453	20666.80555	137.00000	35620.29493	6.92708	0.00000	-0.21566	35620.00000	-149.58000	0.00000	-0.51566
-29145.34432	20678.42453	137.00000	35640.29559	6.85180	0.00000	-0.21566	35640.00000	-149.76000	0.00000	-0.51566
-29161.62412	20690.04351	137.00000	35660.29626	6.77653	0.00000	-0.21566	35660.00000	-149.94000	0.00000	-0.51566
-29177.90392	20701.66248	137.00000	35680.29693	6.70125	0.00000	-0.21566	35680.00000	-150.12000	0.00000	-0.51566
-29194.18371	20713.28146	137.00000	35700.29760	6.62597	0.00000	-0.21566	35700.00000	-150.30000	0.00000	-0.51566
-29210.46351	20724.90043	137.00000	35720.29827	6.55069	0.00000	-0.21566	35720.00000	-150.48000	0.00000	-0.51566
-29226.74331	20736.51941	137.00000	35740.29894	6.47541	0.00000	-0.21566	35740.00000	-150.66000	0.00000	-0.51566
-29243.02311	20748.13839	137.00000	35760.29960	6.40013	0.00000	-0.21566	35760.00000	-150.84000	0.00000	-0.51566
-29259.30290	20759.75736	137.00000	35780.30027	6.32486	0.00000	-0.21566	35780.00000	-151.02000	0.00000	-0.51566
-29275.58270	20771.37634	137.00000	35800.30094	6.24958	0.00000	-0.21566	35800.00000	-151.20000	0.00000	-0.51566
-29291.86250	20782.99531	137.00000	35820.30161	6.17430	0.00000	-0.21566	35820.00000	-151.38000	0.00000	-0.51566
-29308.14229	20794.61429	137.00000	35840.30228	6.09902	0.00000	-0.21566	35840.00000	-151.56000	0.00000	-0.51566
-29324.42209	20806.23327	137.00000	35860.30295	6.02374	0.00000	-0.21566	35860.00000	-151.74000	0.00000	-0.51566
-29340.70189	20817.85224	137.00000	35880.30361	5.94846	0.00000	-0.21566	35880.00000	-151.92000	0.00000	-0.51566
-29356.98169	20829.47122	137.00000	35900.30428	5.87319	0.00000	-0.21566	35900.00000	-152.10000	0.00000	-0.51566
-29373.26148	20841.09019	137.00000	35920.30495	5.79791	0.00000	-0.21566	35920.00000	-152.28000	0.00000	-0.51566
-29389.54128	20852.70917	137.00000	35940.30562	5.72263	0.00000	-0.21566	35940.00000	-152.46000	0.00000	-0.51566
-29405.82108	20864.32815	137.00000	35960.30629	5.64735	0.00000	-0.21566	35960.00000	-152.64000	0.00000	-0.51566
-29422.10087	20875.94712	137.00000	35980.30696	5.57207	0.00000	-0.21566	35980.00000	-152.82000	0.00000	-0.51566
-29438.38067	20887.56610	137.00000	36000.30762	5.49680	0.00000	-0.21566	36000.00000	-153.00000	0.00000	-0.51566
-29454.66047	20899.18508	137.00000	36020.30829	5.42152	0.00000	-0.21566	36020.00000	-153.18000	0.00000	-0.51566
-29470.94027	20910.80405	137.00000	36040.30896	5.34624	0.00000	-0.21566	36040.00000	-153.36000	0.00000	-0.51566
-29487.22006	20922.42303	137.00000	36060.30963	5.27096	0.00000	-0.21566	36060.00000	-153.54000	0.00000	-0.51566
-29503.49986	20934.04200	137.00000	36080.31030	5.19568	0.00000	-0.21566	36080.00000	-153.72000	0.00000	-0.51566
-29519.77966	20945.66098	137.00000	36100.31096	5.12040	0.00000	-0.21566	36100.00000	-153.90000	0.00000	-0.51566
-29536.05945	20957.27996	137.00000	36120.31163	5.04513	0.00000	-0.21566	36120.00000	-154.08000	0.00000	-0.51566
-29552.33925	20968.89893	137.00000	36140.31230	4.96985	0.00000	-0.21566	36140.00000	-154.26000	0.00000	-0.51566
-29568.61905	20980.51791	137.00000	36160.31297	4.89457	0.00000	-0.21566	36160.00000	-154.44000	0.00000	-0.51566
-29584.89885	20992.13688	137.00000	36180.31364	4.81929	0.00000	-0.21566	36180.00000	-154.62000	0.00000	-0.51566
-29601.17864	21003.75586	137.00000	36200.31431	4.74401	0.00000	-0.21566	36200.00000	-154.80000	0.00000	-0.51566
-29617.45844	21015.37484	137.00000	36220.31497	4.66873	0.00000	-0.21566	36220.00000	-154.98000	0.00000	-0.51566
-29633.73824	21026.99381	137.00000	36240.31564	4.59346	0.00000	-0.21566	36240.00000	-155.16000	0.00000	-0.51566
-29650.01803	21038.61279	137.00000	36260.31631	4.51818	0.00000	-0.21566	36260.00000	-155.34000	0.00000	-0.51566
-29666.29783	21050.23176	137.00000	36280.31698	4.44290	0.00000	-0.21566	36280.00000	-155.52000	0.00000	-0.51566
-29682.57763	21061.85074	137.00000	36300.31765	4.36762	0.00000	-0.21566	36300.00000	-155.70000	0.00000	-0.51566
-29698.85742	21073.46972	137.00000	36320.31832	4.29234	0.00000	-0.21566	36320.00000	-155.88000	0.00000	-0.51566
-29715.13722	21085.08869	137.00000	36340.31898	4.21706	0.00000	-0.21566	36340.00000	-156.06000	0.00000	-0.51566
-29731.41702	21096.70767	137.00000	36360.31965	4.14179	0.00000	-0.21566	36360.00000	-156.24000	0.00000	-0.51566
-29747.69682	21108.32664	137.00000	36380.32032	4.06651	0.00000	-0.21566	36380.00000	-156.42000	0.00000	-0.51566
-29763.97661	21119.94562	137.00000	36400.32099	3.99123	0.00000	-0.21566	36400.00000	-156.60000	0.00000	-0.51566
-29780.25641	21131.56460	137.00000	36420.32166	3.91595	0.00000	-0.21566	36420.00000	-156.78000	0.00000	-0.51566
-29796.53621	21143.18357	137.00000	36440.32233	3.84067	0.00000	-0.21566	36440.00000	-156.96000	0.00000	-0.51566
-29812.81600	21154.80255	137.00000	36460.32299	3.76540	0.00000	-0.21566	36460.00000	-157.14000	0.00000	-0.51566
-29829.09580	21166.42153	137.00000	36480.32366	3.69012	0.00000	-0.21566	36480.00000	-157.32000	0.00000	-0.51566
-29845.37560	21178.04050	137.00000	36500.32433	3.61484	0.00000	-0.21566	36500.00000	-157.50000	0.00000	-0.51566
-29861.65540	21189.65948	137.00000	36520.32500	3.53956	0.00000	-0.21566	36520.00000	-157.68000	0.00000	-0.51566
-29877.93519	21201.27845	137.00000	36540.32567	3.46428	0.00000	-0.21566	36540.00000	-157.86000	0.00000	-0.51566
-29894.21499	21212.89743	137.00000	36560.32634	3.38900	0.00000	-0.21566	36560.00000	-158.04000	0.00000	-0.51566
-29910.49479	21224.51641	137.00000	36580.32700	3.31373	0.00000	-0.21566	36580.00000	-158.22000	0.00000	-0.51566
-29926.77458	21236.13538	137.00000	36600.32767	3.23845	0.00000	-0.21566	36600.00000	-158.40000	0.00000	-0.51566
-29943.05438	21247.75436	137.00000	36620.32834	3.16317	0.00000	-0.21566	36620.00000	-158.58000	0.00000	-0.51566
-29959.33418	21259.37333	137.00000	36640.32901	3.08789	0.00000	-0.21566	36640.00000	-158.76000	0.00000	-0.51566
-29975.61398	21270.99231	137.00000	36660.32968	3.01261	0.00000	-0.21566	36660.00000	-158.94000	0.00000	-0.51566
-29991.89377	21282.61129	137.00000	36680.33035	2.93733	0.00000	-0.21566	36680.00000	-159.12000	0.00000	-0.51566
-30008.17357	21294.23026	137.00000	36700.33101	2.86206	0.00000	-0.21566	36700.00000	-159.30000	0.00000	-0.51566
-30024.45337	21305.84924	137.00000	36720.33168	2.78678	0.00000	-0.21566	36720.00000	-159.48000	0.00000	-0.51566
-30040.73316	21317.46821	137.00000	36740.33235	2.71150	0.00000	-0.21566	36740.00000	-159.66000	0.00000	-0.51566
-30057.01296	21329.08719	137.00000	36760.33302	2.63622	0.00000	-0.21566	36760.00000	-159.84000	0.00000	-0.51566
-30073.29276	21340.70617	137.00000	36780.33369	2.56094	0.00000	-0.21566	36780.00000	-160.02000	0.00000	-0.51566
-30089.57256	21352.32514	137.00000	36800.33436	2.48566	0.00000	-0.21566	36800.00000	-160.20000	0.00000	-0.51566
-30105.85235	21363.94412	137.00000	36820.33502	2.41039	0.00000	-0.21566	36820.00000	-160.38000	0.00000	-0.51566
-30122.13215	21375.56310	137.00000	36840.33569	2.33511	0.00000	-0.21566	36840.00000	-160.56000	0.00000	-0.51566
-30138.41195	21387.18207	137.00000	36860.33636	2.25983	0.00000	-0.21566	36860.00000	-160.74000	0.00000	-0.51566
-30154.69174	21398.80105	137.00000	36880.33703	2.18455	0.00000	-0.21566	36880.00000	-160.92000	0.00000	-0.51566
-30170.97154	21410.42002	137.00000	36900.33770	2.10927	0.00000	-0.21566	36900.00000	-161.10000	0.00000	-0.51566
-30187.25134	21422.03900	137.00000	36920.33837	2.03400	0.00000	-0.21566	36920.00000	-161.28000	0.00000	-0.51566
-30203.53114	21433.65798	137.00000	36940.33903	1.95872	0.00000	-0.21566	36940.00000	-161.46000	0.00000	-0.51566
-30219.81093	21445.27695	137.00000	36960.33970	1.88344	0.00000	-0.21566	36960.00000	-161.64000	0.00000	-0.51566
-30236.09073	21456.89593	137.00000	36980.34037	1.80816	0.00000	-0.21566	36980.00000	-161.82000	0.00000	-0.51566
-30252.37053	21468.51490	137.00000	37000.34104	1.73288	0.00000	-0.21566	37000.00000	-162.00000	0.00000	-0.51566
-30268.65032	21480.13388	137.00000	37020.34171	1.65760	0.00000	-0.21566	37020.00000	-162.18000	0.00000	-0.51566
-30284.93012	21491.75286	137.00000	37040.34238	1.58233	0.00000	-0.21566	37040.00000	-162.36000	0.00000	-0.51566
-30301.20992	21503.37183	137.00000	37060.34304	1.50705	0.00000	-0.21566	37060.00000	-162.54000	0.00000	-0.51566
-30317.48972	21514.99081	137.00000	37080.34371	1.43177	0.00000	-0.21566	37080.00000	-162.72000	0.00000	-0.51566
-30333.76951	21526.60978	137.00000	37100.34438	1.35649	0.00000	-0.21566	37100.00000	-162.90000	0.00000	-0.51566
-30350.04931	21538.22876	137.00000	37120.34505	1.28121	0.00000	-0.21566	37120.00000	-163.08000	0.00000	-0.51566
-30366.32911	21549.84774	137.00000	37140.34572	1.20593	0.00000	-0.21566	37140.00000	-163.26000	0.00000	-0.51566
-30382.60890	21561.46671	137.00000	37160.34639	1.13066	0.00000	-0.21566	37160.00000	-163.44000	0.00000	-0.51566
-30398.88870	21573.08569	137.00000	37180.34705	1.05538	0.00000	-0.21566	37180.00000	-163.62000	0.00000	-0.51566
-30415.16850	21584.70466	137.00000	37200.34772	0.98010	0.00000	-0.21566	37200.00000	-163.80000	0.00000	-0.51566
-30431.44830	21596.32364	137.00000	37220.34839	0.90482	0.00000	-0.21566	37220.00000	-163.98000	0.00000	-0.51566
-30447.72809	21607.94262	137.00000	37240.34906	0.82954	0.00000	-0.21566	37240.00000	-164.16000	0.00000	-0.51566
-30464.00789	21619.56159	137.00000	37260.34973	0.75427	0.00000	-0.21566	37260.00000	-164.34000	0.00000	-0.51566
-30480.28769	21631.18057	137.00000	37280.35040	0.67899	0.00000	-0.21566	37280.00000	-164.52000	0.00000	-0.51566
-30496.56748	21642.79955	137.00000	37300.35106	0.60371	0.00000	-0.21566	37300.00000	-164.70000	0.00000	-0.51566
-30512.84728	21654.41852	137.00000	37320.35173	0.52843	0.00000	-0.21566	37320.00000	-164.88000	0.00000	-0.51566
-30529.12708	21666.03750	137.00000	37340.35240	0.45315	0.00000	-0.21566	37340.00000	-165.06000	0.00000	-0.51566
-30545.40688	21677.65647	137.00000	37360.35307	0.37787	0.00000	-0.21566	37360.00000	-165.24000	0.00000	-0.51566
-30561.68667	21689.27545	137.00000	37380.35374	0.30260	0.00000	-0.21566	37380.00000	-165.42000	0.00000	-0.51566
-30577.96647	21700.89443	137.00000	37400.35441	0.22732	0.00000	-0.21566	37400.00000	-165.60000	0.00000	-0.51566
-30594.24627	21712.51340	137.00000	37420.35507	0.15204	0.00000	-0.21566	37420.00000	-165.78000	0.00000	-0.51566
-30610.52606	21724.13238	137.00000	37440.35574	0.07676	0.00000	-0.21566	37440.00000	-165.96000	0.00000	-0.51566
-30626.80586	21735.75135	137.00000	37460.35641	0.00148	0.00000	-0.21566	37460.00000	-166.14000	0.00000	-0.51566
-30643.08566	21747.37033	137.00000	37480.35708	-0.07380	0.00000	-0.21566	37480.00000	-166.32000	0.00000	-0.51566
-30659.36546	21758.98931	137.00000	37500.35775	-0.14907	0.00000	-0.21566	37500.00000	-166.50000	0.00000	-0.51566
-30675.64525	21770.60828	137.00000	37520.35842	-0.22435	0.00000	-0.21566	37520.00000	-166.68000	0.00000	-0.51566
-30691.92505	21782.22726	137.00000	37540.35908	-0.29963	0.00000	-0.21566	37540.00000	-166.86000	0.00000	-0.51566
-30708.20485	21793.84623	137.00000	37560.35975	-0.37491	0.00000	-0.21566	37560.00000	-167.04000	0.00000	-0.51566
-30724.48464	21805.46521	137.00000	37580.36042	-0.45019	0.00000	-0.21566	37580.00000	-167.22000	0.00000	-0.51566
-30740.76444	21817.08419	137.00000	37600.36109	-0.52547	0.00000	-0.21566	37600.00000	-167.40000	0.00000	-0.51566
-30757.04424	21828.70316	137.00000	37620.36176	-0.60074	0.00000	-0.21566	37620.00000	-167.58000	0.00000	-0.51566
-30773.32404	21840.32214	137.00000	37640.36243	-0.67602	0.00000	-0.21566	37640.00000	-167.76000	0.00000	-0.51566
-30789.60383	21851.94112	137.00000	37660.36309	-0.75130	0.00000	-0.21566	37660.00000	-167.94000	0.00000	-0.51566
-30805.88363	21863.56009	137.00000	37680.36376	-0.82658	0.00000	-0.21566	37680.00000	-168.12000	0.00000	-0.51566
-30822.16343	21875.17907	137.00000	37700.36443	-0.90186	0.00000	-0.21566	37700.00000	-168.30000	0.00000	-0.51566
-30838.44322	21886.79804	137.00000	37720.36510	-0.97713	0.00000	-0.21566	37720.00000	-168.48000	0.00000	-0.51566
-30854.72302	21898.41702	137.00000	37740.36577	-1.05241	0.00000	-0.21566	37740.00000	-168.66000	0.00000	-0.51566
-30871.00282	21910.03600	137.00000	37760.36644	-1.12769	0.00000	-0.21566	37760.00000	-168.84000	0.00000	-0.51566
-30887.28262	21921.65497	137.00000	37780.36710	-1.20297	0.00000	-0.21566	37780.00000	-169.02000	0.00000	-0.51566
-30903.56241	21933.27395	137.00000	37800.36777	-1.27825	0.00000	-0.21566	37800.00000	-169.20000	0.00000	-0.51566
-30919.84221	21944.89292	137.00000	37820.36844	-1.35353	0.00000	-0.21566	37820.00000	-169.38000	0.00000	-0.51566
-30936.12201	21956.51190	137.00000	37840.36911	-1.42880	0.00000	-0.21566	37840.00000	-169.56000	0.00000	-0.51566
-30952.40180	21968.13088	137.00000	37860.36978	-1.50408	0.00000	-0.21566	37860.00000	-169.74000	0.00000	-0.51566
-30968.68160	21979.74985	137.00000	37880.37045	-1.57936	0.00000	-0.21566	37880.00000	-169.92000	0.00000	-0.51566
-30984.96140	21991.36883	137.00000	37900.37111	-1.65464	0.00000	-0.21566	37900.00000	-170.10000	0.00000	-0.51566
-31001.24120	22002.98780	137.00000	37920.37178	-1.72992	0.00000	-0.21566	37920.00000	-170.28000	0.00000	-0.51566
-31017.52099	22014.60678	137.00000	37940.37245	-1.80520	0.00000	-0.21566	37940.00000	-170.46000	0.00000	-0.51566
-31033.80079	22026.22576	137.00000	37960.37312	-1.88047	0.00000	-0.21566	37960.00000	-170.64000	0.00000	-0.51566
-31050.08059	22037.84473	137.00000	37980.37379	-1.95575	0.00000	-0.21566	37980.00000	-170.82000	0.00000	-0.51566
-31066.36038	22049.46371	137.00000	38000.37446	-2.03103	0.00000	-0.21566	38000.00000	-171.00000	0.00000	-0.51566
-31082.64018	22061.08268	137.00000	38020.37512	-2.10631	0.00000	-0.21566	38020.00000	-171.18000	0.00000	-0.51566
-31098.91998	22072.70166	137.00000	38040.37579	-2.18159	0.00000	-0.21566	38040.00000	-171.36000	0.00000	-0.51566
-31115.19978	22084.32064	137.00000	38060.37646	-2.25687	0.00000	-0.21566	38060.00000	-171.54000	0.00000	-0.51566
-31131.47957	22095.93961	137.00000	38080.37713	-2.33214	0.00000	-0.21566	38080.00000	-171.72000	0.00000	-0.51566
-31147.75937	22107.55859	137.00000	38100.37780	-2.40742	0.00000	-0.21566	38100.00000	-171.90000	0.00000	-0.51566
-31164.03917	22119.17757	137.00000	38120.37847	-2.48270	0.00000	-0.21566	38120.00000	-172.08000	0.00000	-0.51566
-31180.31896	22130.79654	137.00000	38140.37913	-2.55798	0.00000	-0.21566	38140.00000	-172.26000	0.00000	-0.51566
-31196.59876	22142.41552	137.00000	38160.37980	-2.63326	0.00000	-0.21566	38160.00000	-172.44000	0.00000	-0.51566
-31212.87856	22154.03449	137.00000	38180.38047	-2.70853	0.00000	-0.21566	38180.00000	-172.62000	0.00000	-0.51566
-31229.15835	22165.65347	137.00000	38200.38114	-2.78381	0.00000	-0.21566	38200.00000	-172.80000	0.00000	-0.51566
-31245.43815	22177.27245	137.00000	38220.38181	-2.85909	0.00000	-0.21566	38220.00000	-172.98000	0.00000	-0.51566
-31261.71795	22188.89142	137.00000	38240.38248	-2.93437	0.00000	-0.21566	38240.00000	-173.16000	0.00000	-0.51566
-31277.99775	22200.51040	137.00000	38260.38314	-3.00965	0.00000	-0.21566	38260.00000	-173.34000	0.00000	-0.51566
-31294.27754	22212.12937	137.00000	38280.38381	-3.08493	0.00000	-0.21566	38280.00000	-173.52000	0.00000	-0.51566
-31310.55734	22223.74835	137.00000	38300.38448	-3.16020	0.00000	-0.21566	38300.00000	-173.70000	0.00000	-0.51566
-31326.83714	22235.36733	137.00000	38320.38515	-3.23548	0.00000	-0.21566	38320.00000	-173.88000	0.00000	-0.51566
-31343.11693	22246.98630	137.00000	38340.38582	-3.31076	0.00000	-0.21566	38340.00000	-174.06000	0.00000	-0.51566
-31359.39673	22258.60528	137.00000	38360.38648	-3.38604	0.00000	-0.21566	38360.00000	-174.24000	0.00000	-0.51566
-31375.67653	22270.22425	137.00000	38380.38715	-3.46132	0.00000	-0.21566	38380.00000	-174.42000	0.00000	-0.51566
-31391.95633	22281.84323	137.00000	38400.38782	-3.53660	0.00000	-0.21566	38400.00000	-174.60000	0.00000	-0.51566
-31408.23612	22293.46221	137.00000	38420.38849	-3.61187	0.00000	-0.21566	38420.00000	-174.78000	0.00000	-0.51566
-31424.51592	22305.08118	137.00000	38440.38916	-3.68715	0.00000	-0.21566	38440.00000	-174.96000	0.00000	-0.51566
-31440.79572	22316.70016	137.00000	38460.38983	-3.76243	0.00000	-0.21566	38460.00000	-175.14000	0.00000	-0.51566
-31457.07551	22328.31913	137.00000	38480.39049	-3.83771	0.00000	-0.21566	38480.00000	-175.32000	0.00000	-0.51566
-31473.35531	22339.93811	137.00000	38500.39116	-3.91299	0.00000	-0.21566	38500.00000	-175.50000	0.00000	-0.51566
-31489.63511	22351.55709	137.00000	38520.39183	-3.98827	0.00000	-0.21566	38520.00000	-175.68000	0.00000	-0.51566
-31505.91491	22363.17606	137.00000	38540.39250	-4.06354	0.00000	-0.21566	38540.00000	-175.86000	0.00000	-0.51566
-31522.19470	22374.79504	137.00000	38560.39317	-4.13882	0.00000	-0.21566	38560.00000	-176.04000	0.00000	-0.51566
-31538.47450	22386.41402	137.00000	38580.39384	-4.21410	0.00000	-0.21566	38580.00000	-176.22000	0.00000	-0.51566
-31554.75430	22398.03299	137.00000	38600.39450	-4.28938	0.00000	-0.21566	38600.00000	-176.40000	0.00000	-0.51566
-31571.03409	22409.65197	137.00000	38620.39517	-4.36466	0.00000	-0.21566	38620.00000	-176.58000	0.00000	-0.51566
-31587.31389	22421.27094	137.00000	38640.39584	-4.43993	0.00000	-0.21566	38640.00000	-176.76000	0.00000	-0.51566
-31603.59369	22432.88992	137.00000	38660.39651	-4.51521	0.00000	-0.21566	38660.00000	-176.94000	0.00000	-0.51566
-31619.87349	22444.50890	137.00000	38680.39718	-4.59049	0.00000	-0.21566	38680.00000	-177.12000	0.00000	-0.51566
-31636.15328	22456.12787	137.00000	38700.39785	-4.66577	0.00000	-0.21566	38700.00000	-177.30000	0.00000	-0.51566
-31652.43308	22467.74685	137.00000	38720.39851	-4.74105	0.00000	-0.21566	38720.00000	-177.48000	0.00000	-0.51566
-31668.71288	22479.36582	137.00000	38740.39918	-4.81633	0.00000	-0.21566	38740.00000	-177.66000	0.00000	-0.51566
-31684.99267	22490.98480	137.00000	38760.39985	-4.89160	0.00000	-0.21566	38760.00000	-177.84000	0.00000	-0.51566
-31701.27247	22502.60378	137.00000	38780.40052	-4.96688	0.00000	-0.21566	38780.00000	-178.02000	0.00000	-0.51566
-31717.55227	22514.22275	137.00000	38800.40119	-5.04216	0.00000	-0.21566	38800.00000	-178.20000	0.00000	-0.51566
-31733.83207	22525.84173	137.00000	38820.40186	-5.11744	0.00000	-0.21566	38820.00000	-178.38000	0.00000	-0.51566
-31750.11186	22537.46070	137.00000	38840.40252	-5.19272	0.00000	-0.21566	38840.00000	-178.56000	0.00000	-0.51566
-31766.39166	22549.07968	137.00000	38860.40319	-5.26800	0.00000	-0.21566	38860.00000	-178.74000	0.00000	-0.51566
-31782.67146	22560.69866	137.00000	38880.40386	-5.34327	0.00000	-0.21566	38880.00000	-178.92000	0.00000	-0.51566
-31798.95125	22572.31763	137.00000	38900.40453	-5.41855	0.00000	-0.21566	38900.00000	-179.10000	0.00000	-0.51566
-31815.23105	22583.93661	137.00000	38920.40520	-5.49383	0.00000	-0.21566	38920.00000	-179.28000	0.00000	-0.51566
-31831.51085	22595.55559	137.00000	38940.40587	-5.56911	0.00000	-0.21566	38940.00000	-179.46000	0.00000	-0.51566
-31847.79065	22607.17456	137.00000	38960.40653	-5.64439	0.00000	-0.21566	38960.00000	-179.64000	0.00000	-0.51566
-31864.07044	22618.79354	137.00000	38980.40720	-5.71966	0.00000	-0.21566	38980.00000	-179.82000	0.00000	-0.51566
-31880.35024	22630.41251	137.00000	39000.40787	-5.79494	0.00000	-0.21566	39000.00000	-180.00000	0.00000	-0.51566
-31896.63004	22642.03148	137.00000	39020.40854	-5.87021	0.00000	-0.21560	39020.00000	-180.17999	0.00000	-0.51560
-31912.90986	22653.65043	137.00000	39040.40921	-5.94546	0.00000	-0.21555	39040.00000	-180.35996	0.00000	-0.51555
-31929.18968	22665.26937	137.00000	39060.40988	-6.02069	0.00000	-0.21549	39060.00000	-180.53991	0.00000	-0.51549
-31945.46952	22676.88829	137.00000	39080.41054	-6.09590	0.00000	-0.21543	39080.00000	-180.71984	0.00000	-0.51543
-31961.74937	22688.50719	137.00000	39100.41121	-6.17108	0.00000	-0.21538	39100.00000	-180.89975	0.00000	-0.51538
-31978.02923	22700.12608	137.00000	39120.41188	-6.24625	0.00000	-0.21532	39120.00000	-181.07964	0.00000	-0.51532
-31994.30910	22711.74494	137.00000	39140.41255	-6.32140	0.00000	-0.21526	39140.00000	-181.25951	0.00000	-0.51526
-32010.58898	22723.36380	137.00000	39160.41321	-6.39653	0.00000	-0.21520	39160.00000	-181.43936	0.00000	-0.51520
-32026.86888	22734.98263	137.00000	39180.41388	-6.47164	0.00000	-0.21515	39180.00000	-181.61919	0.00000	-0.51515
-32043.14878	22746.60146	137.00000	39200.41455	-6.54673	0.00000	-0.21509	39200.00000	-181.79900	0.00000	-0.51509
-32059.42870	22758.22026	137.00000	39220.41522	-6.62179	0.00000	-0.21503	39220.00000	-181.97879	0.00000	-0.51503
-32075.70863	22769.83905	137.00000	39240.41588	-6.69684	0.00000	-0.21497	39240.00000	-182.15856	0.00000	-0.51497
-32091.98857	22781.45782	137.00000	39260.41655	-6.77187	0.00000	-0.21492	39260.00000	-182.33831	0.00000	-0.51492
-32108.26852	22793.07657	137.00000	39280.41722	-6.84688	0.00000	-0.21486	39280.00000	-182.51804	0.00000	-0.51486
-32124.54849	22804.69531	137.00000	39300.41788	-6.92187	0.00000	-0.21480	39300.00000	-182.69775	0.00000	-0.51480
-32140.82846	22816.31403	137.00000	39320.41855	-6.99684	0.00000	-0.21475	39320.00000	-182.87744	0.00000	-0.51475
-32157.10845	22827.93274	137.00000	39340.41922	-7.07178	0.00000	-0.21469	39340.00000	-183.05711	0.00000	-0.51469
-32173.38845	22839.55143	137.00000	39360.41988	-7.14671	0.00000	-0.21463	39360.00000	-183.23676	0.00000	-0.51463
-32189.66846	22851.17010	137.00000	39380.42055	-7.22162	0.00000	-0.21457	39380.00000	-183.41639	0.00000	-0.51457
-32205.94848	22862.78876	137.00000	39400.42122	-7.29651	0.00000	-0.21452	39400.00000	-183.59600	0.00000	-0.51452
-32222.22851	22874.40740	137.00000	39420.42188	-7.37138	0.00000	-0.21446	39420.00000	-183.77559	0.00000	-0.51446
-32238.50855	22886.02602	137.00000	39440.42255	-7.44622	0.00000	-0.21440	39440.00000	-183.95516	0.00000	-0.51440
-32254.78861	22897.64463	137.00000	39460.42321	-7.52105	0.00000	-0.21434	39460.00000	-184.13471	0.00000	-0.51434
-32271.06867	22909.26322	137.00000	39480.42388	-7.59586	0.00000	-0.21429	39480.00000	-184.31424	0.00000	-0.51429
-32287.34875	22920.88180	137.00000	39500.42455	-7.67065	0.00000	-0.21423	39500.00000	-184.49375	0.00000	-0.51423
-32303.62884	22932.50035	137.00000	39520.42521	-7.74542	0.00000	-0.21417	39520.00000	-184.67324	0.00000	-0.51417
-32319.90894	22944.11890	137.00000	39540.42588	-7.82017	0.00000	-0.21412	39540.00000	-184.85271	0.00000	-0.51412
-32336.18906	22955.73742	137.00000	39560.42654	-7.89489	0.00000	-0.21406	39560.00000	-185.03216	0.00000	-0.51406
-32352.46918	22967.35593	137.00000	39580.42721	-7.96960	0.00000	-0.21400	39580.00000	-185.21159	0.00000	-0.51400
-32368.74932	22978.97442	137.00000	39600.42787	-8.04429	0.00000	-0.21394	39600.00000	-185.39100	0.00000	-0.51394
-32385.02946	22990.59290	137.00000	39620.42854	-8.11896	0.00000	-0.21389	39620.00000	-185.57039	0.00000	-0.51389
-32401.30962	23002.21136	137.00000	39640.42920	-8.19361	0.00000	-0.21383	39640.00000	-185.74976	0.00000	-0.51383
-32417.58979	23013.82980	137.00000	39660.42987	-8.26824	0.00000	-0.21377	39660.00000	-185.92911	0.00000	-0.51377
-32433.86997	23025.44823	137.00000	39680.43053	-8.34284	0.00000	-0.21371	39680.00000	-186.10844	0.00000	-0.51371
-32450.15017	23037.06664	137.00000	39700.43120	-8.41743	0.00000	-0.21366	39700.00000	-186.28775	0.00000	-0.51366
-32466.43037	23048.68504	137.00000	39720.43186	-8.49200	0.00000	-0.21360	39720.00000	-186.46704	0.00000	-0.51360
-32482.71059	23060.30341	137.00000	39740.43253	-8.56655	0.00000	-0.21354	39740.00000	-186.64631	0.00000	-0.51354
-32498.99081	23071.92178	137.00000	39760.43319	-8.64108	0.00000	-0.21348	39760.00000	-186.82556	0.00000	-0.51348
-32515.27105	23083.54012	137.00000	39780.43386	-8.71559	0.00000	-0.21343	39780.00000	-187.00479	0.00000	-0.51343
-32531.55130	23095.15845	137.00000	39800.43452	-8.79007	0.00000	-0.21337	39800.00000	-187.18400	0.00000	-0.51337
-32547.83156	23106.77676	137.00000	39820.43518	-8.86454	0.00000	-0.21331	39820.00000	-187.36319	0.00000	-0.51331
-32564.11184	23118.39506	137.00000	39840.43585	-8.93899	0.00000	-0.21326	39840.00000	-187.54236	0.00000	-0.51326
-32580.39212	23130.01334	137.00000	39860.43651	-9.01342	0.00000	-0.21320	39860.00000	-187.72151	0.00000	-0.51320
-32596.67242	23141.63160	137.00000	39880.43718	-9.08783	0.00000	-0.21314	39880.00000	-187.90064	0.00000	-0.51314
-32612.95273	23153.24985	137.00000	39900.43784	-9.16221	0.00000	-0.21308	39900.00000	-188.07975	0.00000	-0.51308
-32629.23304	23164.86808	137.00000	39920.43850	-9.23658	0.00000	-0.21303	39920.00000	-188.25884	0.00000	-0.51303
-32645.51338	23176.48629	137.00000	39940.43917	-9.31093	0.00000	-0.21297	39940.00000	-188.43791	0.00000	-0.51297
-32661.79372	23188.10449	137.00000	39960.43983	-9.38526	0.00000	-0.21291	39960.00000	-188.61696	0.00000	-0.51291
-32678.07407	23199.72267	137.00000	39980.44049	-9.45957	0.00000	-0.21285	39980.00000	-188.79599	0.00000	-0.51285
-32694.35444	23211.34084	137.00000	40000.44116	-9.53386	0.00000	-0.21280	40000.00000	-188.97500	0.00000	-0.51280
-32710.63481	23222.95899	137.00000	40020.44182	-9.60812	0.00000	-0.21274	40020.00000	-189.15399	0.00000	-0.51274
-32726.91520	23234.57712	137.00000	40040.44248	-9.68237	0.00000	-0.21268	40040.00000	-189.33296	0.00000	-0.51268
-32743.19560	23246.19524	137.00000	40060.44314	-9.75660	0.00000	-0.21263	40060.00000	-189.51191	0.00000	-0.51263
-32759.47601	23257.81334	137.00000	40080.44381	-9.83081	0.00000	-0.21257	40080.00000	-189.69084	0.00000	-0.51257
-32775.75643	23269.43142	137.00000	40100.44447	-9.90500	0.00000	-0.21251	40100.00000	-189.86975	0.00000	-0.51251
-32792.03687	23281.04949	137.00000	40120.44513	-9.97917	0.00000	-0.21245	40120.00000	-190.04864	0.00000	-0.51245
-32808.31731	23292.66754	137.00000	40140.44580	-10.05331	0.00000	-0.21240	40140.00000	-190.22751	0.00000	-0.51240
-32824.59777	23304.28557	137.00000	40160.44646	-10.12744	0.00000	-0.21234	40160.00000	-190.40636	0.00000	-0.51234
-32840.87824	23315.90359	137.00000	40180.44712	-10.20155	0.00000	-0.21228	40180.00000	-190.58519	0.00000	-0.51228
-32857.15872	23327.52159	137.00000	40200.44778	-10.27564	0.00000	-0.21222	40200.00000	-190.76400	0.00000	-0.51222
-32873.43921	23339.13957	137.00000	40220.44844	-10.34971	0.00000	-0.21217	40220.00000	-190.94279	0.00000	-0.51217
-32889.71971	23350.75754	137.00000	40240.44911	-10.42376	0.00000	-0.21211	40240.00000	-191.12156	0.00000	-0.51211
-32906.00022	23362.37550	137.00000	40260.44977	-10.49778	0.00000	-0.21205	40260.00000	-191.30031	0.00000	-0.51205
-32922.28075	23373.99343	137.00000	40280.45043	-10.57179	0.00000	-0.21200	40280.00000	-191.47904	0.00000	-0.51200
-32938.56129	23385.61135	137.00000	40300.45109	-10.64578	0.00000	-0.21194	40300.00000	-191.65775	0.00000	-0.51194
-32954.84184	23397.22925	137.00000	40320.45175	-10.71975	0.00000	-0.21188	40320.00000	-191.83644	0.00000	-0.51188
-32971.12240	23408.84714	137.00000	40340.45241	-10.79370	0.00000	-0.21182	40340.00000	-192.01511	0.00000	-0.51182
-32987.40297	23420.46501	137.00000	40360.45307	-10.86763	0.00000	-0.21177	40360.00000	-192.19376	0.00000	-0.51177
-33003.68355	23432.08286	137.00000	40380.45374	-10.94153	0.00000	-0.21171	40380.00000	-192.37239	0.00000	-0.51171
-33019.96414	23443.70070	137.00000	40400.45440	-11.01542	0.00000	-0.21165	40400.00000	-192.55100	0.00000	-0.51165
-33036.24475	23455.31852	137.00000	40420.45506	-11.08929	0.00000	-0.21159	40420.00000	-192.72959	0.00000	-0.51159
-33052.52537	23466.93633	137.00000	40440.45572	-11.16314	0.00000	-0.21154	40440.00000	-192.90816	0.00000	-0.51154
-33068.80600	23478.55412	137.00000	40460.45638	-11.23697	0.00000	-0.21148	40460.00000	-193.08671	0.00000	-0.51148
-33085.08664	23490.17189	137.00000	40480.45704	-11.31077	0.00000	-0.21142	40480.00000	-193.26524	0.00000	-0.51142
-33101.36729	23501.78964	137.00000	40500.45770	-11.38456	0.00000	-0.21136	40500.00000	-193.44375	0.00000	-0.51136
-33117.64795	23513.40738	137.00000	40520.45836	-11.45833	0.00000	-0.21131	40520.00000	-193.62224	0.00000	-0.51131
-33133.92863	23525.02511	137.00000	40540.45902	-11.53208	0.00000	-0.21125	40540.00000	-193.80071	0.00000	-0.51125
-33150.20931	23536.64281	137.00000	40560.45968	-11.60581	0.00000	-0.21119	40560.00000	-193.97916	0.00000	-0.51119
-33166.49001	23548.26050	137.00000	40580.46034	-11.67952	0.00000	-0.21114	40580.00000	-194.15759	0.00000	-0.51114
-33182.77072	23559.87818	137.00000	40600.46100	-11.75320	0.00000	-0.21108	40600.00000	-194.33600	0.00000	-0.51108
-33199.05144	23571.49583	137.00000	40620.46166	-11.82687	0.00000	-0.21102	40620.00000	-194.51439	0.00000	-0.51102
-33215.33217	23583.11347	137.00000	40640.46232	-11.90052	0.00000	-0.21096	40640.00000	-194.69276	0.00000	-0.51096
-33231.61292	23594.73110	137.00000	40660.46298	-11.97415	0.00000	-0.21091	40660.00000	-194.87111	0.00000	-0.51091
-33247.89367	23606.34871	137.00000	40680.46364	-12.04776	0.00000	-0.21085	40680.00000	-195.04944	0.00000	-0.51085
-33264.17444	23617.96630	137.00000	40700.46430	-12.12135	0.00000	-0.21079	40700.00000	-195.22775	0.00000	-0.51079
-33280.45521	23629.58387	137.00000	40720.46496	-12.19491	0.00000	-0.21073	40720.00000	-195.40604	0.00000	-0.51073
-33296.73600	23641.20143	137.00000	40740.46562	-12.26846	0.00000	-0.21068	40740.00000	-195.58431	0.00000	-0.51068
-33313.01680	23652.81897	137.00000	40760.46628	-12.34199	0.00000	-0.21062	40760.00000	-195.76256	0.00000	-0.51062
-33329.29762	23664.43650	137.00000	40780.46694	-12.41550	0.00000	-0.21056	40780.00000	-195.94079	0.00000	-0.51056
-33345.57844	23676.05401	137.00000	40800.46760	-12.48899	0.00000	-0.21051	40800.00000	-196.11900	0.00000	-0.51051
-33361.85928	23687.67150	137.00000	40820.46825	-12.56246	0.00000	-0.21045	40820.00000	-196.29719	0.00000	-0.51045
-33378.14012	23699.28898	137.00000	40840.46891	-12.63590	0.00000	-0.21039	40840.00000	-196.47536	0.00000	-0.51039
-33394.42098	23710.90644	137.00000	40860.46957	-12.70933	0.00000	-0.21033	40860.00000	-196.65351	0.00000	-0.51033
-33410.70185	23722.52389	137.00000	40880.47023	-12.78274	0.00000	-0.21028	40880.00000	-196.83164	0.00000	-0.51028
-33426.98273	23734.14131	137.00000	40900.47089	-12.85613	0.00000	-0.21022	40900.00000	-197.00975	0.00000	-0.51022
-33443.26363	23745.75873	137.00000	40920.47155	-12.92950	0.00000	-0.21016	40920.00000	-197.18784	0.00000	-0.51016
-33459.54453	23757.37612	137.00000	40940.47221	-13.00285	0.00000	-0.21010	40940.00000	-197.36591	0.00000	-0.51010
-33475.82544	23768.99350	137.00000	40960.47286	-13.07617	0.00000	-0.21005	40960.00000	-197.54396	0.00000	-0.51005
-33492.10637	23780.61086	137.00000	40980.47352	-13.14948	0.00000	-0.20999	40980.00000	-197.72199	0.00000	-0.50999
-33508.38731	23792.22821	137.00000	41000.47418	-13.22277	0.00000	-0.20993	41000.00000	-197.90000	0.00000	-0.50993
-33524.66826	23803.84554	137.00000	41020.47484	-13.29604	0.00000	-0.20988	41020.00000	-198.07799	0.00000	-0.50988
-33540.94922	23815.46285	137.00000	41040.47549	-13.36929	0.00000	-0.20982	41040.00000	-198.25596	0.00000	-0.50982
-33557.23019	23827.08015	137.00000	41060.47615	-13.44251	0.00000	-0.20976	41060.00000	-198.43391	0.00000	-0.50976
-33573.51118	23838.69743	137.00000	41080.47681	-13.51572	0.00000	-0.20970	41080.00000	-198.61184	0.00000	-0.50970
-33589.79218	23850.31469	137.00000	41100.47747	-13.58891	0.00000	-0.20965	41100.00000	-198.78975	0.00000	-0.50965
-33606.07318	23861.93194	137.00000	41120.47812	-13.66208	0.00000	-0.20959	41120.00000	-198.96764	0.00000	-0.50959
-33622.35420	23873.54917	137.00000	41140.47878	-13.73523	0.00000	-0.20953	41140.00000	-199.14551	0.00000	-0.50953
-33638.63523	23885.16639	137.00000	41160.47944	-13.80836	0.00000	-0.20947	41160.00000	-199.32336	0.00000	-0.50947
-33654.91627	23896.78358	137.00000	41180.48010	-13.88146	0.00000	-0.20942	41180.00000	-199.50119	0.00000	-0.50942
-33671.19733	23908.40077	137.00000	41200.48075	-13.95455	0.00000	-0.20936	41200.00000	-199.67900	0.00000	-0.50936
-33687.47839	23920.01793	137.00000	41220.48141	-14.02762	0.00000	-0.20930	41220.00000	-199.85679	0.00000	-0.50930
-33703.75947	23931.63508	137.00000	41240.48207	-14.10067	0.00000	-0.20924	41240.00000	-200.03456	0.00000	-0.50924
-33720.04056	23943.25221	137.00000	41260.48272	-14.17370	0.00000	-0.20919	41260.00000	-200.21231	0.00000	-0.50919
-33736.32165	23954.86933	137.00000	41280.48338	-14.24671	0.00000	-0.20913	41280.00000	-200.39004	0.00000	-0.50913
-33752.60277	23966.48643	137.00000	41300.48404	-14.31969	0.00000	-0.20907	41300.00000	-200.56775	0.00000	-0.50907
-33768.88389	23978.10352	137.00000	41320.48469	-14.39266	0.00000	-0.20902	41320.00000	-200.74544	0.00000	-0.50902
-33785.16502	23989.72058	137.00000	41340.48535	-14.46561	0.00000	-0.20896	41340.00000	-200.92311	0.00000	-0.50896
-33801.44617	24001.33763	137.00000	41360.48600	-14.53854	0.00000	-0.20890	41360.00000	-201.10076	0.00000	-0.50890
-33817.72732	24012.95467	137.00000	41380.48666	-14.61145	0.00000	-0.20884	41380.00000	-201.27839	0.00000	-0.50884
-33834.00849	24024.57169	137.00000	41400.48732	-14.68434	0.00000	-0.20879	41400.00000	-201.45600	0.00000	-0.50879
-33850.28967	24036.18869	137.00000	41420.48797	-14.75720	0.00000	-0.20873	41420.00000	-201.63359	0.00000	-0.50873
-33866.57086	24047.80567	137.00000	41440.48863	-14.83005	0.00000	-0.20867	41440.00000	-201.81116	0.00000	-0.50867
-33882.85206	24059.42264	137.00000	41460.48928	-14.90288	0.00000	-0.20861	41460.00000	-201.98871	0.00000	-0.50861
-33899.13328	24071.03960	137.00000	41480.48994	-14.97569	0.00000	-0.20856	41480.00000	-202.16624	0.00000	-0.50856
-33915.41450	24082.65653	137.00000	41500.49059	-15.04848	0.00000	-0.20850	41500.00000	-202.34375	0.00000	-0.50850
-33931.69574	24094.27345	137.00000	41520.49125	-15.12125	0.00000	-0.20844	41520.00000	-202.52124	0.00000	-0.50844
-33947.97699	24105.89036	137.00000	41540.49190	-15.19399	0.00000	-0.20839	41540.00000	-202.69871	0.00000	-0.50839
-33964.25825	24117.50724	137.00000	41560.49256	-15.26672	0.00000	-0.20833	41560.00000	-202.87616	0.00000	-0.50833
-33980.53952	24129.12411	137.00000	41580.49321	-15.33943	0.00000	-0.20827	41580.00000	-203.05359	0.00000	-0.50827
-33996.82080	24140.74097	137.00000	41600.49387	-15.41212	0.00000	-0.20821	41600.00000	-203.23100	0.00000	-0.50821
-34013.10210	24152.35781	137.00000	41620.49452	-15.48479	0.00000	-0.20816	41620.00000	-203.40839	0.00000	-0.50816
-34029.38340	24163.97463	137.00000	41640.49518	-15.55744	0.00000	-0.20810	41640.00000	-203.58576	0.00000	-0.50810
-34045.66472	24175.59143	137.00000	41660.49583	-15.63006	0.00000	-0.20804	41660.00000	-203.76311	0.00000	-0.50804
-34061.94605	24187.20822	137.00000	41680.49649	-15.70267	0.00000	-0.20798	41680.00000	-203.94044	0.00000	-0.50798
-34078.22739	24198.82500	137.00000	41700.49714	-15.77526	0.00000	-0.20793	41700.00000	-204.11775	0.00000	-0.50793
-34094.50874	24210.44175	137.00000	41720.49779	-15.84783	0.00000	-0.20787	41720.00000	-204.29504	0.00000	-0.50787
-34110.79010	24222.05849	137.00000	41740.49845	-15.92038	0.00000	-0.20781	41740.00000	-204.47231	0.00000	-0.50781
-34127.07148	24233.67522	137.00000	41760.49910	-15.99291	0.00000	-0.20776	41760.00000	-204.64956	0.00000	-0.50776
-34143.35286	24245.29192	137.00000	41780.49976	-16.06541	0.00000	-0.20770	41780.00000	-204.82679	0.00000	-0.50770
-34159.63426	24256.90861	137.00000	41800.50041	-16.13790	0.00000	-0.20764	41800.00000	-205.00400	0.00000	-0.50764
-34175.91567	24268.52529	137.00000	41820.50106	-16.21037	0.00000	-0.20758	41820.00000	-205.18119	0.00000	-0.50758
-34192.19709	24280.14195	137.00000	41840.50172	-16.28282	0.00000	-0.20753	41840.00000	-205.35836	0.00000	-0.50753
-34208.47852	24291.75859	137.00000	41860.50237	-16.35525	0.00000	-0.20747	41860.00000	-205.53551	0.00000	-0.50747
-34224.75996	24303.37521	137.00000	41880.50302	-16.42765	0.00000	-0.20741	41880.00000	-205.71264	0.00000	-0.50741
-34241.04142	24314.99182	137.00000	41900.50368	-16.50004	0.00000	-0.20735	41900.00000	-205.88975	0.00000	-0.50735
-34257.32288	24326.60841	137.00000	41920.50433	-16.57241	0.00000	-0.20730	41920.00000	-206.06684	0.00000	-0.50730
-34273.60436	24338.22499	137.00000	41940.50498	-16.64476	0.00000	-0.20724	41940.00000	-206.24391	0.00000	-0.50724
-34289.88585	24349.84155	137.00000	41960.50564	-16.71709	0.00000	-0.20718	41960.00000	-206.42096	0.00000	-0.50718
-34306.16735	24361.45809	137.00000	41980.50629	-16.78940	0.00000	-0.20712	41980.00000	-206.59799	0.00000	-0.50712
-34322.44886	24373.07462	137.00000	42000.50694	-16.86168	0.00000	-0.20707	42000.00000	-206.77500	0.00000	-0.50707
-34338.73039	24384.69113	137.00000	42020.50759	-16.93395	0.00000	-0.20701	42020.00000	-206.95199	0.00000	-0.50701
-34355.01192	24396.30762	137.00000	42040.50825	-17.00620	0.00000	-0.20695	42040.00000	-207.12896	0.00000	-0.50695
-34371.29347	24407.92410	137.00000	42060.50890	-17.07843	0.00000	-0.20690	42060.00000	-207.30591	0.00000	-0.50690
-34387.57503	24419.54056	137.00000	42080.50955	-17.15064	0.00000	-0.20684	42080.00000	-207.48284	0.00000	-0.50684
-34403.85660	24431.15701	137.00000	42100.51020	-17.22283	0.00000	-0.20678	42100.00000	-207.65975	0.00000	-0.50678
-34420.13818	24442.77344	137.00000	42120.51085	-17.29499	0.00000	-0.20672	42120.00000	-207.83664	0.00000	-0.50672
-34436.41977	24454.38985	137.00000	42140.51151	-17.36714	0.00000	-0.20667	42140.00000	-208.01351	0.00000	-0.50667
-34452.70137	24466.00624	137.00000	42160.51216	-17.43927	0.00000	-0.20661	42160.00000	-208.19036	0.00000	-0.50661
-34468.98299	24477.62262	137.00000	42180.51281	-17.51138	0.00000	-0.20655	42180.00000	-208.36719	0.00000	-0.50655
-34485.26462	24489.23899	137.00000	42200.51346	-17.58347	0.00000	-0.20649	42200.00000	-208.54400	0.00000	-0.50649
-34501.54625	24500.85533	137.00000	42220.51411	-17.65554	0.00000	-0.20644	42220.00000	-208.72079	0.00000	-0.50644
-34517.82790	24512.47166	137.00000	42240.51476	-17.72758	0.00000	-0.20638	42240.00000	-208.89756	0.00000	-0.50638
-34534.10957	24524.08798	137.00000	42260.51542	-17.79961	0.00000	-0.20632	42260.00000	-209.07431	0.00000	-0.50632
-34550.39124	24535.70427	137.00000	42280.51607	-17.87162	0.00000	-0.20627	42280.00000	-209.25104	0.00000	-0.50627
-34566.67292	24547.32055	137.00000	42300.51672	-17.94361	0.00000	-0.20621	42300.00000	-209.42775	0.00000	-0.50621
-34582.95462	24558.93682	137.00000	42320.51737	-18.01558	0.00000	-0.20615	42320.00000	-209.60444	0.00000	-0.50615
-34599.23632	24570.55307	137.00000	42340.51802	-18.08753	0.00000	-0.20609	42340.00000	-209.78111	0.00000	-0.50609
-34615.51804	24582.16930	137.00000	42360.51867	-18.15945	0.00000	-0.20604	42360.00000	-209.95776	0.00000	-0.50604
-34631.79977	24593.78552	137.00000	42380.51932	-18.23136	0.00000	-0.20598	42380.00000	-210.13439	0.00000	-0.50598
-34648.08152	24605.40171	137.00000	42400.51997	-18.30325	0.00000	-0.20592	42400.00000	-210.31100	0.00000	-0.50592
-34664.36327	24617.01790	137.00000	42420.52062	-18.37512	0.00000	-0.20586	42420.00000	-210.48759	0.00000	-0.50586
-34680.64503	24628.63406	137.00000	42440.52127	-18.44697	0.00000	-0.20581	42440.00000	-210.66416	0.00000	-0.50581
-34696.92681	24640.25021	137.00000	42460.52192	-18.51880	0.00000	-0.20575	42460.00000	-210.84071	0.00000	-0.50575
-34713.20860	24651.86635	137.00000	42480.52257	-18.59060	0.00000	-0.20569	42480.00000	-211.01724	0.00000	-0.50569
-34729.49040	24663.48246	137.00000	42500.52322	-18.66239	0.00000	-0.20564	42500.00000	-211.19375	0.00000	-0.50564
-34745.77221	24675.09857	137.00000	42520.52387	-18.73416	0.00000	-0.20558	42520.00000	-211.37024	0.00000	-0.50558
-34762.05403	24686.71465	137.00000	42540.52452	-18.80591	0.00000	-0.20552	42540.00000	-211.54671	0.00000	-0.50552
-34778.33586	24698.33072	137.00000	42560.52517	-18.87764	0.00000	-0.20546	42560.00000	-211.72316	0.00000	-0.50546
-34794.61771	24709.94677	137.00000	42580.52582	-18.94935	0.00000	-0.20541	42580.00000	-211.89959	0.00000	-0.50541
-34810.89956	24721.56281	137.00000	42600.52647	-19.02103	0.00000	-0.20535	42600.00000	-212.07600	0.00000	-0.50535
-34827.18143	24733.17882	137.00000	42620.52712	-19.09270	0.00000	-0.20529	42620.00000	-212.25239	0.00000	-0.50529
-34843.46331	24744.79483	137.00000	42640.52777	-19.16435	0.00000	-0.20523	42640.00000	-212.42876	0.00000	-0.50523
-34859.74520	24756.41081	137.00000	42660.52842	-19.23598	0.00000	-0.20518	42660.00000	-212.60511	0.00000	-0.50518
-34876.02710	24768.02678	137.00000	42680.52907	-19.30759	0.00000	-0.20512	42680.00000	-212.78144	0.00000	-0.50512
-34892.30902	24779.64274	137.00000	42700.52972	-19.37918	0.00000	-0.20506	42700.00000	-212.95775	0.00000	-0.50506
-34908.59094	24791.25867	137.00000	42720.53037	-19.45074	0.00000	-0.20501	42720.00000	-213.13404	0.00000	-0.50501
-34924.87288	24802.87459	137.00000	42740.53102	-19.52229	0.00000	-0.20495	42740.00000	-213.31031	0.00000	-0.50495
-34941.15482	24814.49050	137.00000	42760.53166	-19.59382	0.00000	-0.20489	42760.00000	-213.48656	0.00000	-0.50489
-34957.43678	24826.10639	137.00000	42780.53231	-19.66533	0.00000	-0.20483	42780.00000	-213.66279	0.00000	-0.50483
-34973.71876	24837.72226	137.00000	42800.53296	-19.73682	0.00000	-0.20478	42800.00000	-213.83900	0.00000	-0.50478
-34990.00074	24849.33811	137.00000	42820.53361	-19.80829	0.00000	-0.20472	42820.00000	-214.01519	0.00000	-0.50472
-35006.28273	24860.95395	137.00000	42840.53426	-19.87973	0.00000	-0.20466	42840.00000	-214.19136	0.00000	-0.50466
-35022.56474	24872.56977	137.00000	42860.53491	-19.95116	0.00000	-0.20460	42860.00000	-214.36751	0.00000	-0.50460
-35038.84675	24884.18558	137.00000	42880.53555	-20.02257	0.00000	-0.20455	42880.00000	-214.54364	0.00000	-0.50455
-35055.12878	24895.80137	137.00000	42900.53620	-20.09396	0.00000	-0.20449	42900.00000	-214.71975	0.00000	-0.50449
-35071.41082	24907.41714	137.00000	42920.53685	-20.16533	0.00000	-0.20443	42920.00000	-214.89584	0.00000	-0.50443
-35087.69287	24919.03290	137.00000	42940.53750	-20.23667	0.00000	-0.20437	42940.00000	-215.07191	0.00000	-0.50437
-35103.97494	24930.64864	137.00000	42960.53815	-20.30800	0.00000	-0.20432	42960.00000	-215.24796	0.00000	-0.50432
-35120.25701	24942.26436	137.00000	42980.53879	-20.37931	0.00000	-0.20426	42980.00000	-215.42399	0.00000	-0.50426
-35136.53910	24953.88007	137.00000	43000.53944	-20.45060	0.00000	-0.20420	43000.00000	-215.60000	0.00000	-0.50420
-35152.82119	24965.49576	137.00000	43020.54009	-20.52187	0.00000	-0.20415	43020.00000	-215.77599	0.00000	-0.50415
-35169.10330	24977.11144	137.00000	43040.54073	-20.59312	0.00000	-0.20409	43040.00000	-215.95196	0.00000	-0.50409
-35185.38542	24988.72710	137.00000	43060.54138	-20.66434	0.00000	-0.20403	43060.00000	-216.12791	0.00000	-0.50403
-35201.66755	25000.34274	137.00000	43080.54203	-20.73555	0.00000	-0.20397	43080.00000	-216.30384	0.00000	-0.50397
-35217.94970	25011.95836	137.00000	43100.54268	-20.80674	0.00000	-0.20392	43100.00000	-216.47975	0.00000	-0.50392
-35234.23185	25023.57397	137.00000	43120.54332	-20.87791	0.00000	-0.20386	43120.00000	-216.65564	0.00000	-0.50386
-35250.51402	25035.18957	137.00000	43140.54397	-20.94906	0.00000	-0.20380	43140.00000	-216.83151	0.00000	-0.50380
-35266.79619	25046.80514	137.00000	43160.54462	-21.02019	0.00000	-0.20374	43160.00000	-217.00736	0.00000	-0.50374
-35283.07838	25058.42070	137.00000	43180.54526	-21.09129	0.00000	-0.20369	43180.00000	-217.18319	0.00000	-0.50369
-35299.36058	25070.03625	137.00000	43200.54591	-21.16238	0.00000	-0.20363	43200.00000	-217.35900	0.00000	-0.50363
-35315.64280	25081.65177	137.00000	43220.54656	-21.23345	0.00000	-0.20357	43220.00000	-217.53479	0.00000	-0.50357
-35331.92502	25093.26729	137.00000	43240.54720	-21.30450	0.00000	-0.20352	43240.00000	-217.71056	0.00000	-0.50352
-35348.20725	25104.88278	137.00000	43260.54785	-21.37553	0.00000	-0.20346	43260.00000	-217.88631	0.00000	-0.50346
-35364.48950	25116.49826	137.00000	43280.54849	-21.44654	0.00000	-0.20340	43280.00000	-218.06204	0.00000	-0.50340
-35380.77176	25128.11372	137.00000	43300.54914	-21.51752	0.00000	-0.20334	43300.00000	-218.23775	0.00000	-0.50334
-35397.05403	25139.72917	137.00000	43320.54979	-21.58849	0.00000	-0.20329	43320.00000	-218.41344	0.00000	-0.50329
-35413.33631	25151.34460	137.00000	43340.55043	-21.65944	0.00000	-0.20323	43340.00000	-218.58911	0.00000	-0.50323
-35429.61860	25162.96001	137.00000	43360.55108	-21.73037	0.00000	-0.20317	43360.00000	-218.76476	0.00000	-0.50317
-35445.90090	25174.57540	137.00000	43380.55172	-21.80128	0.00000	-0.20311	43380.00000	-218.94039	0.00000	-0.50311
-35462.18322	25186.19078	137.00000	43400.55237	-21.87217	0.00000	-0.20306	43400.00000	-219.11600	0.00000	-0.50306
-35478.46555	25197.80615	137.00000	43420.55301	-21.94303	0.00000	-0.20300	43420.00000	-219.29159	0.00000	-0.50300
-35494.74788	25209.42150	137.00000	43440.55366	-22.01388	0.00000	-0.20294	43440.00000	-219.46716	0.00000	-0.50294
-35511.03023	25221.03683	137.00000	43460.55430	-22.08471	0.00000	-0.20289	43460.00000	-219.64271	0.00000	-0.50289
-35527.31259	25232.65214	137.00000	43480.55495	-22.15552	0.00000	-0.20283	43480.00000	-219.81824	0.00000	-0.50283
-35543.59497	25244.26744	137.00000	43500.55559	-22.22631	0.00000	-0.20277	43500.00000	-219.99375	0.00000	-0.50277
-35559.87735	25255.88272	137.00000	43520.55624	-22.29708	0.00000	-0.20271	43520.00000	-220.16924	0.00000	-0.50271
-35576.15975	25267.49799	137.00000	43540.55688	-22.36782	0.00000	-0.20266	43540.00000	-220.34471	0.00000	-0.50266
-35592.44215	25279.11324	137.00000	43560.55753	-22.43855	0.00000	-0.20260	43560.00000	-220.52016	0.00000	-0.50260
-35608.72457	25290.72847	137.00000	43580.55817	-22.50926	0.00000	-0.20254	43580.00000	-220.69559	0.00000	-0.50254
-35625.00700	25302.34368	137.00000	43600.55881	-22.57995	0.00000	-0.20248	43600.00000	-220.87100	0.00000	-0.50248
-35641.28944	25313.95888	137.00000	43620.55946	-22.65062	0.00000	-0.20243	43620.00000	-221.04639	0.00000	-0.50243
-35657.57190	25325.57407	137.00000	43640.56010	-22.72127	0.00000	-0.20237	43640.00000	-221.22176	0.00000	-0.50237
-35673.85436	25337.18923	137.00000	43660.56075	-22.79189	0.00000	-0.20231	43660.00000	-221.39711	0.00000	-0.50231
-35690.13684	25348.80438	137.00000	43680.56139	-22.86250	0.00000	-0.20225	43680.00000	-221.57244	0.00000	-0.50225
-35706.41932	25360.41952	137.00000	43700.56203	-22.93309	0.00000	-0.20220	43700.00000	-221.74775	0.00000	-0.50220
-35722.70182	25372.03464	137.00000	43720.56268	-23.00366	0.00000	-0.20214	43720.00000	-221.92304	0.00000	-0.50214
-35738.98433	25383.64974	137.00000	43740.56332	-23.07421	0.00000	-0.20208	43740.00000	-222.09831	0.00000	-0.50208
-35755.26685	25395.26482	137.00000	43760.56397	-23.14474	0.00000	-0.20203	43760.00000	-222.27356	0.00000	-0.50203
-35771.54939	25406.87989	137.00000	43780.56461	-23.21524	0.00000	-0.20197	43780.00000	-222.44879	0.00000	-0.50197
-35787.83193	25418.49494	137.00000	43800.56525	-23.28573	0.00000	-0.20191	43800.00000	-222.62400	0.00000	-0.50191
-35804.11449	25430.10998	137.00000	43820.56589	-23.35620	0.00000	-0.20185	43820.00000	-222.79919	0.00000	-0.50185
-35820.39705	25441.72500	137.00000	43840.56654	-23.42665	0.00000	-0.20180	43840.00000	-222.97436	0.00000	-0.50180
-35836.67963	25453.34000	137.00000	43860.56718	-23.49708	0.00000	-0.20174	43860.00000	-223.14951	0.00000	-0.50174
-35852.96222	25464.95499	137.00000	43880.56782	-23.56749	0.00000	-0.20168	43880.00000	-223.32464	0.00000	-0.50168
-35869.24483	25476.56996	137.00000	43900.56847	-23.63787	0.00000	-0.20162	43900.00000	-223.49975	0.00000	-0.50162
-35885.52744	25488.18491	137.00000	43920.56911	-23.70824	0.00000	-0.20157	43920.00000	-223.67484	0.00000	-0.50157
-35901.81006	25499.79985	137.00000	43940.56975	-23.77859	0.00000	-0.20151	43940.00000	-223.84991	0.00000	-0.50151
-35918.09270	25511.41477	137.00000	43960.57039	-23.84892	0.00000	-0.20145	43960.00000	-224.02496	0.00000	-0.50145
-35934.37535	25523.02968	137.00000	43980.57104	-23.91923	0.00000	-0.20140	43980.00000	-224.19999	0.00000	-0.50140
-35950.65801	25534.64457	137.00000	44000.57168	-23.98952	0.00000	-0.20134	44000.00000	-224.37500	0.00000	-0.50134
-35966.94068	25546.25944	137.00000	44020.57232	-24.05978	0.00000	-0.20128	44020.00000	-224.54999	0.00000	-0.50128
-35983.22336	25557.87429	137.00000	44040.57296	-24.13003	0.00000	-0.20122	44040.00000	-224.72496	0.00000	-0.50122
-35999.50605	25569.48913	137.00000	44060.57360	-24.20026	0.00000	-0.20117	44060.00000	-224.89991	0.00000	-0.50117
-36015.78876	25581.10396	137.00000	44080.57425	-24.27047	0.00000	-0.20111	44080.00000	-225.07484	0.00000	-0.50111
-36032.07148	25592.71876	137.00000	44100.57489	-24.34066	0.00000	-0.20105	44100.00000	-225.24975	0.00000	-0.50105
-36048.35420	25604.33355	137.00000	44120.57553	-24.41083	0.00000	-0.20099	44120.00000	-225.42464	0.00000	-0.50099
-36064.63694	25615.94833	137.00000	44140.57617	-24.48097	0.00000	-0.20094	44140.00000	-225.59951	0.00000	-0.50094
-36080.91969	25627.56309	137.00000	44160.57681	-24.55110	0.00000	-0.20088	44160.00000	-225.77436	0.00000	-0.50088
-36097.20246	25639.17783	137.00000	44180.57745	-24.62121	0.00000	-0.20082	44180.00000	-225.94919	0.00000	-0.50082
-36113.48523	25650.79255	137.00000	44200.57809	-24.69130	0.00000	-0.20077	44200.00000	-226.12400	0.00000	-0.50077
-36129.76802	25662.40726	137.00000	44220.57874	-24.76137	0.00000	-0.20071	44220.00000	-226.29879	0.00000	-0.50071
-36146.05081	25674.02195	137.00000	44240.57938	-24.83142	0.00000	-0.20065	44240.00000	-226.47356	0.00000	-0.50065
-36162.33362	25685.63663	137.00000	44260.58002	-24.90144	0.00000	-0.20059	44260.00000	-226.64831	0.00000	-0.50059
-36178.61644	25697.25129	137.00000	44280.58066	-24.97145	0.00000	-0.20054	44280.00000	-226.82304	0.00000	-0.50054
-36194.89927	25708.86593	137.00000	44300.58130	-25.04144	0.00000	-0.20048	44300.00000	-226.99775	0.00000	-0.50048
-36211.18212	25720.48056	137.00000	44320.58194	-25.11141	0.00000	-0.20042	44320.00000	-227.17244	0.00000	-0.50042
-36227.46497	25732.09517	137.00000	44340.58258	-25.18136	0.00000	-0.20036	44340.00000	-227.34711	0.00000	-0.50036
-36243.74784	25743.70976	137.00000	44360.58322	-25.25129	0.00000	-0.20031	44360.00000	-227.52176	0.00000	-0.50031
-36260.03071	25755.32434	137.00000	44380.58386	-25.32119	0.00000	-0.20025	44380.00000	-227.69639	0.00000	-0.50025
-36276.31360	25766.93890	137.00000	44400.58450	-25.39108	0.00000	-0.20019	44400.00000	-227.87100	0.00000	-0.50019
-36292.59650	25778.55344	137.00000	44420.58514	-25.46095	0.00000	-0.20013	44420.00000	-228.04559	0.00000	-0.50013
-36308.87941	25790.16797	137.00000	44440.58578	-25.53080	0.00000	-0.20008	44440.00000	-228.22016	0.00000	-0.50008
-36325.16234	25801.78248	137.00000	44460.58642	-25.60063	0.00000	-0.20002	44460.00000	-228.39471	0.00000	-0.50002
-36341.44527	25813.39698	137.00000	44480.58706	-25.67044	0.00000	-0.19996	44480.00000	-228.56924	0.00000	-0.49996
-36357.72822	25825.01146	137.00000	44500.58770	-25.74022	0.00000	-0.19991	44500.00000	-228.74375	0.00000	-0.49991
-36374.01117	25836.62592	137.00000	44520.58834	-25.80999	0.00000	-0.19985	44520.00000	-228.91824	0.00000	-0.49985
-36390.29414	25848.24036	137.00000	44540.58898	-25.87974	0.00000	-0.19979	44540.00000	-229.09271	0.00000	-0.49979
-36406.57712	25859.85479	137.00000	44560.58962	-25.94947	0.00000	-0.19973	44560.00000	-229.26716	0.00000	-0.49973
-36422.86012	25871.46921	137.00000	44580.59026	-26.01918	0.00000	-0.19968	44580.00000	-229.44159	0.00000	-0.49968
-36439.14312	25883.08360	137.00000	44600.59090	-26.08887	0.00000	-0.19962	44600.00000	-229.61600	0.00000	-0.49962
-36455.42613	25894.69799	137.00000	44620.59153	-26.15853	0.00000	-0.19956	44620.00000	-229.79039	0.00000	-0.49956
-36471.70916	25906.31235	137.00000	44640.59217	-26.22818	0.00000	-0.19950	44640.00000	-229.96476	0.00000	-0.49950
-36487.99220	25917.92670	137.00000	44660.59281	-26.29781	0.00000	-0.19945	44660.00000	-230.13911	0.00000	-0.49945
-36504.27525	25929.54103	137.00000	44680.59345	-26.36742	0.00000	-0.19939	44680.00000	-230.31344	0.00000	-0.49939
-36520.55831	25941.15534	137.00000	44700.59409	-26.43701	0.00000	-0.19933	44700.00000	-230.48775	0.00000	-0.49933
-36536.84138	25952.76964	137.00000	44720.59473	-26.50658	0.00000	-0.19928	44720.00000	-230.66204	0.00000	-0.49928
-36553.12446	25964.38393	137.00000	44740.59537	-26.57612	0.00000	-0.19922	44740.00000	-230.83631	0.00000	-0.49922
-36569.40756	25975.99819	137.00000	44760.59600	-26.64565	0.00000	-0.19916	44760.00000	-231.01056	0.00000	-0.49916
-36585.69067	25987.61244	137.00000	44780.59664	-26.71516	0.00000	-0.19910	44780.00000	-231.18479	0.00000	-0.49910
-36601.97378	25999.22667	137.00000	44800.59728	-26.78465	0.00000	-0.19905	44800.00000	-231.35900	0.00000	-0.49905
-36618.25691	26010.84089	137.00000	44820.59792	-26.85412	0.00000	-0.19899	44820.00000	-231.53319	0.00000	-0.49899
-36634.54006	26022.45509	137.00000	44840.59856	-26.92357	0.00000	-0.19893	44840.00000	-231.70736	0.00000	-0.49893
-36650.82321	26034.06928	137.00000	44860.59919	-26.99299	0.00000	-0.19887	44860.00000	-231.88151	0.00000	-0.49887
-36667.10637	26045.68344	137.00000	44880.59983	-27.06240	0.00000	-0.19882	44880.00000	-232.05564	0.00000	-0.49882
-36683.38955	26057.29759	137.00000	44900.60047	-27.13179	0.00000	-0.19876	44900.00000	-232.22975	0.00000	-0.49876
-36699.67273	26068.91173	137.00000	44920.60111	-27.20116	0.00000	-0.19870	44920.00000	-232.40384	0.00000	-0.49870
-36715.95593	26080.52585	137.00000	44940.60174	-27.27051	0.00000	-0.19865	44940.00000	-232.57791	0.00000	-0.49865
-36732.23914	26092.13995	137.00000	44960.60238	-27.33984	0.00000	-0.19859	44960.00000	-232.75196	0.00000	-0.49859
-36748.52236	26103.75404	137.00000	44980.60302	-27.40914	0.00000	-0.19853	44980.00000	-232.92599	0.00000	-0.49853
-36764.80560	26115.36811	137.00000	45000.60365	-27.47843	0.00000	-0.19847	45000.00000	-233.10000	0.00000	-0.49847
-36781.08884	26126.98216	137.00000	45020.60429	-27.54770	0.00000	-0.19842	45020.00000	-233.27399	0.00000	-0.49842
-36797.37210	26138.59619	137.00000	45040.60493	-27.61695	0.00000	-0.19836	45040.00000	-233.44796	0.00000	-0.49836
-36813.65536	26150.21021	137.00000	45060.60556	-27.68618	0.00000	-0.19830	45060.00000	-233.62191	0.00000	-0.49830
-36829.93864	26161.82422	137.00000	45080.60620	-27.75539	0.00000	-0.19824	45080.00000	-233.79584	0.00000	-0.49824
-36846.22193	26173.43821	137.00000	45100.60684	-27.82457	0.00000	-0.19819	45100.00000	-233.96975	0.00000	-0.49819
-36862.50523	26185.05218	137.00000	45120.60747	-27.89374	0.00000	-0.19813	45120.00000	-234.14364	0.00000	-0.49813
-36878.78855	26196.66613	137.00000	45140.60811	-27.96289	0.00000	-0.19807	45140.00000	-234.31751	0.00000	-0.49807
-36895.07187	26208.28007	137.00000	45160.60875	-28.03202	0.00000	-0.19801	45160.00000	-234.49136	0.00000	-0.49801
-36911.35521	26219.89399	137.00000	45180.60938	-28.10113	0.00000	-0.19796	45180.00000	-234.66519	0.00000	-0.49796
-36927.63856	26231.50790	137.00000	45200.61002	-28.17022	0.00000	-0.19790	45200.00000	-234.83900	0.00000	-0.49790
-36943.92192	26243.12179	137.00000	45220.61065	-28.23928	0.00000	-0.19784	45220.00000	-235.01279	0.00000	-0.49784
-36960.20529	26254.73566	137.00000	45240.61129	-28.30833	0.00000	-0.19779	45240.00000	-235.18656	0.00000	-0.49779
-36976.48867	26266.34952	137.00000	45260.61193	-28.37736	0.00000	-0.19773	45260.00000	-235.36031	0.00000	-0.49773
-36992.77206	26277.96336	137.00000	45280.61256	-28.44637	0.00000	-0.19767	45280.00000	-235.53404	0.00000	-0.49767
-37009.05547	26289.57718	137.00000	45300.61320	-28.51536	0.00000	-0.19761	45300.00000	-235.70775	0.00000	-0.49761
-37025.33888	26301.19099	137.00000	45320.61383	-28.58433	0.00000	-0.19756	45320.00000	-235.88144	0.00000	-0.49756
-37041.62231	26312.80478	137.00000	45340.61447	-28.65327	0.00000	-0.19750	45340.00000	-236.05511	0.00000	-0.49750
-37057.90575	26324.41855	137.00000	45360.61510	-28.72220	0.00000	-0.19744	45360.00000	-236.22876	0.00000	-0.49744
-37074.18920	26336.03231	137.00000	45380.61574	-28.79111	0.00000	-0.19738	45380.00000	-236.40239	0.00000	-0.49738
-37090.47266	26347.64605	137.00000	45400.61637	-28.86000	0.00000	-0.19733	45400.00000	-236.57600	0.00000	-0.49733
-37106.75614	26359.25978	137.00000	45420.61701	-28.92887	0.00000	-0.19727	45420.00000	-236.74959	0.00000	-0.49727
-37123.03962	26370.87349	137.00000	45440.61764	-28.99772	0.00000	-0.19721	45440.00000	-236.92316	0.00000	-0.49721
-37139.32312	26382.48718	137.00000	45460.61828	-29.06654	0.00000	-0.19716	45460.00000	-237.09671	0.00000	-0.49716
-37155.60663	26394.10086	137.00000	45480.61891	-29.13535	0.00000	-0.19710	45480.00000	-237.27024	0.00000	-0.49710
-37171.89015	26405.71451	137.00000	45500.61954	-29.20414	0.00000	-0.19704	45500.00000	-237.44375	0.00000	-0.49704
-37188.17368	26417.32816	137.00000	45520.62018	-29.27291	0.00000	-0.19698	45520.00000	-237.61724	0.00000	-0.49698
-37204.45722	26428.94179	137.00000	45540.62081	-29.34166	0.00000	-0.19693	45540.00000	-237.79071	0.00000	-0.49693
-37220.74077	26440.55540	137.00000	45560.62145	-29.41039	0.00000	-0.19687	45560.00000	-237.96416	0.00000	-0.49687
-37237.02434	26452.16899	137.00000	45580.62208	-29.47909	0.00000	-0.19681	45580.00000	-238.13759	0.00000	-0.49681
-37253.30792	26463.78257	137.00000	45600.62271	-29.54778	0.00000	-0.19675	45600.00000	-238.31100	0.00000	-0.49675
-37269.59151	26475.39613	137.00000	45620.62335	-29.61645	0.00000	-0.19670	45620.00000	-238.48439	0.00000	-0.49670
-37285.87511	26487.00967	137.00000	45640.62398	-29.68510	0.00000	-0.19664	45640.00000	-238.65776	0.00000	-0.49664
-37302.15872	26498.62320	137.00000	45660.62462	-29.75373	0.00000	-0.19658	45660.00000	-238.83111	0.00000	-0.49658
-37318.44234	26510.23672	137.00000	45680.62525	-29.82234	0.00000	-0.19653	45680.00000	-239.00444	0.00000	-0.49653
-37334.72597	26521.85021	137.00000	45700.62588	-29.89092	0.00000	-0.19647	45700.00000	-239.17775	0.00000	-0.49647
-37351.00962	26533.46369	137.00000	45720.62651	-29.95949	0.00000	-0.19641	45720.00000	-239.35104	0.00000	-0.49641
-37367.29328	26545.07715	137.00000	45740.62715	-30.02804	0.00000	-0.19635	45740.00000	-239.52431	0.00000	-0.49635
-37383.57695	26556.69060	137.00000	45760.62778	-30.09657	0.00000	-0.19630	45760.00000	-239.69756	0.00000	-0.49630
-37399.86063	26568.30403	137.00000	45780.62841	-30.16508	0.00000	-0.19624	45780.00000	-239.87079	0.00000	-0.49624
-37416.14432	26579.91745	137.00000	45800.62905	-30.23357	0.00000	-0.19618	45800.00000	-240.04400	0.00000	-0.49618
-37432.42802	26591.53084	137.00000	45820.62968	-30.30203	0.00000	-0.19612	45820.00000	-240.21719	0.00000	-0.49612
-37448.71174	26603.14422	137.00000	45840.63031	-30.37048	0.00000	-0.19607	45840.00000	-240.39036	0.00000	-0.49607
-37464.99546	26614.75759	137.00000	45860.63094	-30.43891	0.00000	-0.19601	45860.00000	-240.56351	0.00000	-0.49601
-37481.27920	26626.37094	137.00000	45880.63158	-30.50732	0.00000	-0.19595	45880.00000	-240.73664	0.00000	-0.49595
-37497.56295	26637.98427	137.00000	45900.63221	-30.57571	0.00000	-0.19589	45900.00000	-240.90975	0.00000	-0.49589
-37513.84671	26649.59759	137.00000	45920.63284	-30.64408	0.00000	-0.19584	45920.00000	-241.08284	0.00000	-0.49584
-37530.13048	26661.21089	137.00000	45940.63347	-30.71242	0.00000	-0.19578	45940.00000	-241.25591	0.00000	-0.49578
-37546.41426	26672.82417	137.00000	45960.63410	-30.78075	0.00000	-0.19572	45960.00000	-241.42896	0.00000	-0.49572
-37562.69806	26684.43744	137.00000	45980.63474	-30.84906	0.00000	-0.19567	45980.00000	-241.60199	0.00000	-0.49567
-37578.98187	26696.05069	137.00000	46000.63537	-30.91735	0.00000	-0.19561	46000.00000	-241.77500	0.00000	-0.49561
-37595.26568	26707.66392	137.00000	46020.63600	-30.98562	0.00000	-0.19555	46020.00000	-241.94799	0.00000	-0.49555
-37611.54951	26719.27714	137.00000	46040.63663	-31.05387	0.00000	-0.19549	46040.00000	-242.12096	0.00000	-0.49549
-37627.83335	26730.89034	137.00000	46060.63726	-31.12209	0.00000	-0.19544	46060.00000	-242.29391	0.00000	-0.49544
-37644.11721	26742.50352	137.00000	46080.63789	-31.19030	0.00000	-0.19538	46080.00000	-242.46684	0.00000	-0.49538
-37660.40107	26754.11669	137.00000	46100.63853	-31.25849	0.00000	-0.19532	46100.00000	-242.63975	0.00000	-0.49532
-37676.68495	26765.72984	137.00000	46120.63916	-31.32666	0.00000	-0.19526	46120.00000	-242.81264	0.00000	-0.49526
-37692.96883	26777.34298	137.00000	46140.63979	-31.39481	0.00000	-0.19521	46140.00000	-242.98551	0.00000	-0.49521
-37709.25273	26788.95610	137.00000	46160.64042	-31.46294	0.00000	-0.19515	46160.00000	-243.15836	0.00000	-0.49515
-37725.53664	26800.56920	137.00000	46180.64105	-31.53104	0.00000	-0.19509	46180.00000	-243.33119	0.00000	-0.49509
-37741.82056	26812.18229	137.00000	46200.64168	-31.59913	0.00000	-0.19504	46200.00000	-243.50400	0.00000	-0.49504
-37758.10449	26823.79536	137.00000	46220.64231	-31.66720	0.00000	-0.19498	46220.00000	-243.67679	0.00000	-0.49498
-37774.38844	26835.40841	137.00000	46240.64294	-31.73525	0.00000	-0.19492	46240.00000	-243.84956	0.00000	-0.49492
-37790.67239	26847.02145	137.00000	46260.64357	-31.80328	0.00000	-0.19486	46260.00000	-244.02231	0.00000	-0.49486
-37806.95636	26858.63447	137.00000	46280.64420	-31.87129	0.00000	-0.19481	46280.00000	-244.19504	0.00000	-0.49481
-37823.24034	26870.24747	137.00000	46300.64483	-31.93927	0.00000	-0.19475	46300.00000	-244.36775	0.00000	-0.49475
-37839.52433	26881.86046	137.00000	46320.64546	-32.00724	0.00000	-0.19469	46320.00000	-244.54044	0.00000	-0.49469
-37855.80833	26893.47343	137.00000	46340.64609	-32.07519	0.00000	-0.19463	46340.00000	-244.71311	0.00000	-0.49463
-37872.09234	26905.08639	137.00000	46360.64672	-32.14312	0.00000	-0.19458	46360.00000	-244.88576	0.00000	-0.49458
-37888.37637	26916.69933	137.00000	46380.64735	-32.21103	0.00000	-0.19452	46380.00000	-245.05839	0.00000	-0.49452
-37904.66040	26928.31225	137.00000	46400.64798	-32.27892	0.00000	-0.19446	46400.00000	-245.23100	0.00000	-0.49446
-37920.94445	26939.92516	137.00000	46420.64861	-32.34679	0.00000	-0.19441	46420.00000	-245.40359	0.00000	-0.49441
-37937.22851	26951.53805	137.00000	46440.64924	-32.41463	0.00000	-0.19435	46440.00000	-245.57616	0.00000	-0.49435
-37953.51258	26963.15092	137.00000	46460.64987	-32.48246	0.00000	-0.19429	46460.00000	-245.74871	0.00000	-0.49429
-37969.79666	26974.76378	137.00000	46480.65050	-32.55027	0.00000	-0.19423	46480.00000	-245.92124	0.00000	-0.49423
-37986.08075	26986.37662	137.00000	46500.65113	-32.61806	0.00000	-0.19418	46500.00000	-246.09375	0.00000	-0.49418
-38002.36486	26997.98944	137.00000	46520.65176	-32.68583	0.00000	-0.19412	46520.00000	-246.26624	0.00000	-0.49412
-38018.64898	27009.60225	137.00000	46540.65239	-32.75358	0.00000	-0.19406	46540.00000	-246.43871	0.00000	-0.49406
-38034.93310	27021.21504	137.00000	46560.65301	-32.82130	0.00000	-0.19400	46560.00000	-246.61116	0.00000	-0.49400
-38051.21724	27032.82782	137.00000	46580.65364	-32.88901	0.00000	-0.19395	46580.00000	-246.78359	0.00000	-0.49395
-38067.50139	27044.44057	137.00000	46600.65427	-32.95670	0.00000	-0.19389	46600.00000	-246.95600	0.00000	-0.49389
-38083.78555	27056.05332	137.00000	46620.65490	-33.02437	0.00000	-0.19383	46620.00000	-247.12839	0.00000	-0.49383
-38100.06973	27067.66604	137.00000	46640.65553	-33.09202	0.00000	-0.19378	46640.00000	-247.30076	0.00000	-0.49378
-38116.35391	27079.27875	137.00000	46660.65616	-33.15965	0.00000	-0.19372	46660.00000	-247.47311	0.00000	-0.49372
-38132.63811	27090.89145	137.00000	46680.65678	-33.22725	0.00000	-0.19366	46680.00000	-247.64544	0.00000	-0.49366
-38148.92232	27102.50412	137.00000	46700.65741	-33.29484	0.00000	-0.19360	46700.00000	-247.81775	0.00000	-0.49360
-38165.20654	27114.11678	137.00000	46720.65804	-33.36241	0.00000	-0.19355	46720.00000	-247.99004	0.00000	-0.49355
-38181.49077	27125.72943	137.00000	46740.65867	-33.42996	0.00000	-0.19349	46740.00000	-248.16231	0.00000	-0.49349
-38197.77501	27137.34205	137.00000	46760.65930	-33.49749	0.00000	-0.19343	46760.00000	-248.33456	0.00000	-0.49343
-38214.05926	27148.95467	137.00000	46780.65992	-33.56500	0.00000	-0.19337	46780.00000	-248.50679	0.00000	-0.49337
-38230.34353	27160.56726	137.00000	46800.66055	-33.63248	0.00000	-0.19332	46800.00000	-248.67900	0.00000	-0.49332
-38246.62781	27172.17984	137.00000	46820.66118	-33.69995	0.00000	-0.19326	46820.00000	-248.85119	0.00000	-0.49326
-38262.91209	27183.79240	137.00000	46840.66181	-33.76740	0.00000	-0.19320	46840.00000	-249.02336	0.00000	-0.49320
-38279.19639	27195.40495	137.00000	46860.66243	-33.83483	0.00000	-0.19314	46860.00000	-249.19551	0.00000	-0.49314
-38295.48071	27207.01748	137.00000	46880.66306	-33.90224	0.00000	-0.19309	46880.00000	-249.36764	0.00000	-0.49309
-38311.76503	27218.62999	137.00000	46900.66369	-33.96963	0.00000	-0.19303	46900.00000	-249.53975	0.00000	-0.49303
-38328.04936	27230.24249	137.00000	46920.66431	-34.03699	0.00000	-0.19297	46920.00000	-249.71184	0.00000	-0.49297
-38344.33371	27241.85497	137.00000	46940.66494	-34.10434	0.00000	-0.19292	46940.00000	-249.88391	0.00000	-0.49292
-38360.61806	27253.46743	137.00000	46960.66557	-34.17167	0.00000	-0.19286	46960.00000	-250.05596	0.00000	-0.49286
-38376.90243	27265.07988	137.00000	46980.66619	-34.23898	0.00000	-0.19280	46980.00000	-250.22799	0.00000	-0.49280
-38393.18681	27276.69231	137.00000	47000.66682	-34.30627	0.00000	-0.19274	47000.00000	-250.40000	0.00000	-0.49274
-38409.47120	27288.30472	137.00000	47020.66745	-34.37354	0.00000	-0.19269	47020.00000	-250.57199	0.00000	-0.49269
-38425.75561	27299.91712	137.00000	47040.66807	-34.44078	0.00000	-0.19263	47040.00000	-250.74396	0.00000	-0.49263
-38442.04002	27311.52950	137.00000	47060.66870	-34.50801	0.00000	-0.19257	47060.00000	-250.91591	0.00000	-0.49257
-38458.32445	27323.14187	137.00000	47080.66933	-34.57522	0.00000	-0.19251	47080.00000	-251.08784	0.00000	-0.49251
-38474.60889	27334.75422	137.00000	47100.66995	-34.64241	0.00000	-0.19246	47100.00000	-251.25975	0.00000	-0.49246
-38490.89333	27346.36655	137.00000	47120.67058	-34.70958	0.00000	-0.19240	47120.00000	-251.43164	0.00000	-0.49240
-38507.17779	27357.97887	137.00000	47140.67120	-34.77673	0.00000	-0.19234	47140.00000	-251.60351	0.00000	-0.49234
-38523.46227	27369.59117	137.00000	47160.67183	-34.84385	0.00000	-0.19229	47160.00000	-251.77536	0.00000	-0.49229
-38539.74675	27381.20345	137.00000	47180.67245	-34.91096	0.00000	-0.19223	47180.00000	-251.94719	0.00000	-0.49223
-38556.03124	27392.81572	137.00000	47200.67308	-34.97805	0.00000	-0.19217	47200.00000	-252.11900	0.00000	-0.49217
-38572.31575	27404.42797	137.00000	47220.67371	-35.04512	0.00000	-0.19211	47220.00000	-252.29079	0.00000	-0.49211
-38588.60027	27416.04020	137.00000	47240.67433	-35.11217	0.00000	-0.19206	47240.00000	-252.46256	0.00000	-0.49206
-38604.88480	27427.65242	137.00000	47260.67496	-35.17920	0.00000	-0.19200	47260.00000	-252.63431	0.00000	-0.49200
-38621.16934	27439.26462	137.00000	47280.67558	-35.24620	0.00000	-0.19194	47280.00000	-252.80604	0.00000	-0.49194
-38637.45389	27450.87681	137.00000	47300.67621	-35.31319	0.00000	-0.19188	47300.00000	-252.97775	0.00000	-0.49188
-38653.73845	27462.48898	137.00000	47320.67683	-35.38016	0.00000	-0.19183	47320.00000	-253.14944	0.00000	-0.49183
-38670.02303	27474.10113	137.00000	47340.67746	-35.44711	0.00000	-0.19177	47340.00000	-253.32111	0.00000	-0.49177
-38686.30761	27485.71327	137.00000	47360.67808	-35.51404	0.00000	-0.19171	47360.00000	-253.49276	0.00000	-0.49171
-38702.59221	27497.32539	137.00000	47380.67870	-35.58095	0.00000	-0.19166	47380.00000	-253.66439	0.00000	-0.49166
-38718.87682	27508.93749	137.00000	47400.67933	-35.64783	0.00000	-0.19160	47400.00000	-253.83600	0.00000	-0.49160
-38735.16144	27520.54958	137.00000	47420.67995	-35.71470	0.00000	-0.19154	47420.00000	-254.00759	0.00000	-0.49154
-38751.44608	27532.16165	137.00000	47440.68058	-35.78155	0.00000	-0.19148	47440.00000	-254.17916	0.00000	-0.49148
-38767.73072	27543.77370	137.00000	47460.68120	-35.84838	0.00000	-0.19143	47460.00000	-254.35071	0.00000	-0.49143
-38784.01537	27555.38574	137.00000	47480.68183	-35.91519	0.00000	-0.19137	47480.00000	-254.52224	0.00000	-0.49137
-38800.30004	27566.99776	137.00000	47500.68245	-35.98198	0.00000	-0.19131	47500.00000	-254.69375	0.00000	-0.49131
-38816.58472	27578.60977	137.00000	47520.68307	-36.04875	0.00000	-0.19125	47520.00000	-254.86524	0.00000	-0.49125
-38832.86941	27590.22175	137.00000	47540.68370	-36.11549	0.00000	-0.19120	47540.00000	-255.03671	0.00000	-0.49120
-38849.15411	27601.83373	137.00000	47560.68432	-36.18222	0.00000	-0.19114	47560.00000	-255.20816	0.00000	-0.49114
-38865.43882	27613.44568	137.00000	47580.68494	-36.24893	0.00000	-0.19108	47580.00000	-255.37959	0.00000	-0.49108
-38881.72355	27625.05762	137.00000	47600.68557	-36.31562	0.00000	-0.19102	47600.00000	-255.55100	0.00000	-0.49102
-38898.00828	27636.66955	137.00000	47620.68619	-36.38229	0.00000	-0.19097	47620.00000	-255.72239	0.00000	-0.49097
-38914.29303	27648.28145	137.00000	47640.68681	-36.44894	0.00000	-0.19091	47640.00000	-255.89376	0.00000	-0.49091
-38930.57779	27659.89334	137.00000	47660.68744	-36.51556	0.00000	-0.19085	47660.00000	-256.06511	0.00000	-0.49085
-38946.86256	27671.50522	137.00000	47680.68806	-36.58217	0.00000	-0.19080	47680.00000	-256.23644	0.00000	-0.49080
-38963.14734	27683.11707	137.00000	47700.68868	-36.64876	0.00000	-0.19074	47700.00000	-256.40775	0.00000	-0.49074
-38979.43213	27694.72892	137.00000	47720.68930	-36.71533	0.00000	-0.19068	47720.00000	-256.57904	0.00000	-0.49068
-38995.71694	27706.34074	137.00000	47740.68993	-36.78188	0.00000	-0.19062	47740.00000	-256.75031	0.00000	-0.49062
-39012.00175	27717.95255	137.00000	47760.69055	-36.84841	0.00000	-0.19057	47760.00000	-256.92156	0.00000	-0.49057
-39028.28658	27729.56434	137.00000	47780.69117	-36.91491	0.00000	-0.19051	47780.00000	-257.09279	0.00000	-0.49051
-39044.57142	27741.17612	137.00000	47800.69179	-36.98140	0.00000	-0.19045	47800.00000	-257.26400	0.00000	-0.49045
-39060.85627	27752.78788	137.00000	47820.69242	-37.04787	0.00000	-0.19039	47820.00000	-257.43519	0.00000	-0.49039
-39077.14113	27764.39962	137.00000	47840.69304	-37.11432	0.00000	-0.19034	47840.00000	-257.60636	0.00000	-0.49034
-39093.42601	27776.01135	137.00000	47860.69366	-37.18075	0.00000	-0.19028	47860.00000	-257.77751	0.00000	-0.49028
-39109.71089	27787.62306	137.00000	47880.69428	-37.24716	0.00000	-0.19022	47880.00000	-257.94864	0.00000	-0.49022
-39125.99579	27799.23475	137.00000	47900.69490	-37.31354	0.00000	-0.19017	47900.00000	-258.11975	0.00000	-0.49017
-39142.28069	27810.84643	137.00000	47920.69553	-37.37991	0.00000	-0.19011	47920.00000	-258.29084	0.00000	-0.49011
-39158.56561	27822.45809	137.00000	47940.69615	-37.44626	0.00000	-0.19005	47940.00000	-258.46191	0.00000	-0.49005
-39174.85054	27834.06973	137.00000	47960.69677	-37.51259	0.00000	-0.18999	47960.00000	-258.63296	0.00000	-0.48999
-39191.13549	27845.68136	137.00000	47980.69739	-37.57890	0.00000	-0.18994	47980.00000	-258.80399	0.00000	-0.48994
-39207.42044	27857.29297	137.00000	48000.69801	-37.64519	0.00000	-0.18988	48000.00000	-258.97500	0.00000	-0.48988
-39223.70540	27868.90457	137.00000	48020.69863	-37.71145	0.00000	-0.18982	48020.00000	-259.14599	0.00000	-0.48982
-39239.99038	27880.51615	137.00000	48040.69925	-37.77770	0.00000	-0.18976	48040.00000	-259.31696	0.00000	-0.48976
-39256.27537	27892.12771	137.00000	48060.69987	-37.84393	0.00000	-0.18971	48060.00000	-259.48791	0.00000	-0.48971
-39272.56037	27903.73926	137.00000	48080.70050	-37.91014	0.00000	-0.18965	48080.00000	-259.65884	0.00000	-0.48965
-39288.84538	27915.35079	137.00000	48100.70112	-37.97633	0.00000	-0.18959	48100.00000	-259.82975	0.00000	-0.48959
-39305.13040	27926.96230	137.00000	48120.70174	-38.04250	0.00000	-0.18954	48120.00000	-260.00064	0.00000	-0.48954
-39321.41544	27938.57380	137.00000	48140.70236	-38.10864	0.00000	-0.18948	48140.00000	-260.17151	0.00000	-0.48948
-39337.70048	27950.18528	137.00000	48160.70298	-38.17477	0.00000	-0.18942	48160.00000	-260.34236	0.00000	-0.48942
-39353.98554	27961.79674	137.00000	48180.70360	-38.24088	0.00000	-0.18936	48180.00000	-260.51319	0.00000	-0.48936
-39370.27061	27973.40819	137.00000	48200.70422	-38.30697	0.00000	-0.18931	48200.00000	-260.68400	0.00000	-0.48931
-39386.55569	27985.01962	137.00000	48220.70484	-38.37304	0.00000	-0.18925	48220.00000	-260.85479	0.00000	-0.48925
-39402.84078	27996.63104	137.00000	48240.70546	-38.43909	0.00000	-0.18919	48240.00000	-261.02556	0.00000	-0.48919
-39419.12588	28008.24244	137.00000	48260.70608	-38.50512	0.00000	-0.18913	48260.00000	-261.19631	0.00000	-0.48913
-39435.41099	28019.85382	137.00000	48280.70670	-38.57112	0.00000	-0.18908	48280.00000	-261.36704	0.00000	-0.48908
-39451.69612	28031.46519	137.00000	48300.70732	-38.63711	0.00000	-0.18902	48300.00000	-261.53775	0.00000	-0.48902
-39467.98126	28043.07654	137.00000	48320.70794	-38.70308	0.00000	-0.18896	48320.00000	-261.70844	0.00000	-0.48896
-39484.26641	28054.68787	137.00000	48340.70856	-38.76903	0.00000	-0.18890	48340.00000	-261.87911	0.00000	-0.48890
-39500.55157	28066.29919	137.00000	48360.70918	-38.83496	0.00000	-0.18885	48360.00000	-262.04976	0.00000	-0.48885
-39516.83674	28077.91049	137.00000	48380.70980	-38.90087	0.00000	-0.18879	48380.00000	-262.22039	0.00000	-0.48879
-39533.12192	28089.52177	137.00000	48400.71041	-38.96675	0.00000	-0.18873	48400.00000	-262.39100	0.00000	-0.48873
-39549.40711	28101.13304	137.00000	48420.71103	-39.03262	0.00000	-0.18868	48420.00000	-262.56159	0.00000	-0.48868
-39565.69232	28112.74429	137.00000	48440.71165	-39.09847	0.00000	-0.18862	48440.00000	-262.73216	0.00000	-0.48862
-39581.97754	28124.35553	137.00000	48460.71227	-39.16430	0.00000	-0.18856	48460.00000	-262.90271	0.00000	-0.48856
-39598.26277	28135.96674	137.00000	48480.71289	-39.23011	0.00000	-0.18850	48480.00000	-263.07324	0.00000	-0.48850
-39614.54801	28147.57795	137.00000	48500.71351	-39.29590	0.00000	-0.18845	48500.00000	-263.24375	0.00000	-0.48845
-39630.83326	28159.18913	137.00000	48520.71413	-39.36166	0.00000	-0.18839	48520.00000	-263.41424	0.00000	-0.48839
-39647.11852	28170.80030	137.00000	48540.71475	-39.42741	0.00000	-0.18833	48540.00000	-263.58471	0.00000	-0.48833
-39663.40380	28182.41146	137.00000	48560.71536	-39.49314	0.00000	-0.18827	48560.00000	-263.75516	0.00000	-0.48827
-39679.68908	28194.02259	137.00000	48580.71598	-39.55885	0.00000	-0.18822	48580.00000	-263.92559	0.00000	-0.48822
-39695.97438	28205.63371	137.00000	48600.71660	-39.62454	0.00000	-0.18816	48600.00000	-264.09600	0.00000	-0.48816
-39712.25969	28217.24482	137.00000	48620.71722	-39.69021	0.00000	-0.18810	48620.00000	-264.26639	0.00000	-0.48810
-39728.54501	28228.85590	137.00000	48640.71784	-39.75585	0.00000	-0.18805	48640.00000	-264.43676	0.00000	-0.48805
-39744.83034	28240.46698	137.00000	48660.71845	-39.82148	0.00000	-0.18799	48660.00000	-264.60711	0.00000	-0.48799
-39761.11569	28252.07803	137.00000	48680.71907	-39.88709	0.00000	-0.18793	48680.00000	-264.77744	0.00000	-0.48793
-39777.40104	28263.68907	137.00000	48700.71969	-39.95268	0.00000	-0.18787	48700.00000	-264.94775	0.00000	-0.48787
-39793.68641	28275.30009	137.00000	48720.72031	-40.01825	0.00000	-0.18782	48720.00000	-265.11804	0.00000	-0.48782
-39809.97179	28286.91110	137.00000	48740.72092	-40.08380	0.00000	-0.18776	48740.00000	-265.28831	0.00000	-0.48776
-39826.25718	28298.52209	137.00000	48760.72154	-40.14932	0.00000	-0.18770	48760.00000	-265.45856	0.00000	-0.48770
-39842.54258	28310.13306	137.00000	48780.72216	-40.21483	0.00000	-0.18764	48780.00000	-265.62879	0.00000	-0.48764
-39858.82799	28321.74402	137.00000	48800.72278	-40.28032	0.00000	-0.18759	48800.00000	-265.79900	0.00000	-0.48759
-39875.11341	28333.35496	137.00000	48820.72339	-40.34579	0.00000	-0.18753	48820.00000	-265.96919	0.00000	-0.48753
-39891.39885	28344.96588	137.00000	48840.72401	-40.41124	0.00000	-0.18747	48840.00000	-266.13936	0.00000	-0.48747
-39907.68430	28356.57679	137.00000	48860.72463	-40.47667	0.00000	-0.18742	48860.00000	-266.30951	0.00000	-0.48742
-39923.96975	28368.18768	137.00000	48880.72524	-40.54208	0.00000	-0.18736	48880.00000	-266.47964	0.00000	-0.48736
-39940.25522	28379.79855	137.00000	48900.72586	-40.60746	0.00000	-0.18730	48900.00000	-266.64975	0.00000	-0.48730
-39956.54070	28391.40941	137.00000	48920.72648	-40.67283	0.00000	-0.18724	48920.00000	-266.81984	0.00000	-0.48724
-39972.82620	28403.02025	137.00000	48940.72709	-40.73818	0.00000	-0.18719	48940.00000	-266.98991	0.00000	-0.48719
-39989.11170	28414.63108	137.00000	48960.72771	-40.80351	0.00000	-0.18713	48960.00000	-267.15996	0.00000	-0.48713
-40005.39722	28426.24189	137.00000	48980.72832	-40.86882	0.00000	-0.18707	48980.00000	-267.32999	0.00000	-0.48707
-40021.68274	28437.85268	137.00000	49000.72894	-40.93411	0.00000	-0.18701	49000.00000	-267.50000	0.00000	-0.48701
-40037.96828	28449.46346	137.00000	49020.72956	-40.99937	0.00000	-0.18696	49020.00000	-267.66999	0.00000	-0.48696
-40054.25383	28461.07422	137.00000	49040.73017	-41.06462	0.00000	-0.18690	49040.00000	-267.83996	0.00000	-0.48690
-40070.53940	28472.68496	137.00000	49060.73079	-41.12985	0.00000	-0.18684	49060.00000	-268.00991	0.00000	-0.48684
-40086.82497	28484.29569	137.00000	49080.73140	-41.19506	0.00000	-0.18678	49080.00000	-268.17984	0.00000	-0.48678
-40103.11055	28495.90640	137.00000	49100.73202	-41.26025	0.00000	-0.18673	49100.00000	-268.34975	0.00000	-0.48673
-40119.39615	28507.51709	137.00000	49120.73263	-41.32542	0.00000	-0.18667	49120.00000	-268.51964	0.00000	-0.48667
-40135.68176	28519.12777	137.00000	49140.73325	-41.39056	0.00000	-0.18661	49140.00000	-268.68951	0.00000	-0.48661
-40151.96737	28530.73843	137.00000	49160.73386	-41.45569	0.00000	-0.18656	49160.00000	-268.85936	0.00000	-0.48656
-40168.25301	28542.34908	137.00000	49180.73448	-41.52080	0.00000	-0.18650	49180.00000	-269.02919	0.00000	-0.48650
-40184.53865	28553.95971	137.00000	49200.73509	-41.58589	0.00000	-0.18644	49200.00000	-269.19900	0.00000	-0.48644
-40200.82430	28565.57032	137.00000	49220.73571	-41.65096	0.00000	-0.18638	49220.00000	-269.36879	0.00000	-0.48638
-40217.10997	28577.18092	137.00000	49240.73632	-41.71601	0.00000	-0.18633	49240.00000	-269.53856	0.00000	-0.48633
-40233.39564	28588.79150	137.00000	49260.73694	-41.78103	0.00000	-0.18627	49260.00000	-269.70831	0.00000	-0.48627
-40249.68133	28600.40206	137.00000	49280.73755	-41.84604	0.00000	-0.18621	49280.00000	-269.87804	0.00000	-0.48621
-40265.96703	28612.01261	137.00000	49300.73817	-41.91103	0.00000	-0.18615	49300.00000	-270.04775	0.00000	-0.48615
-40282.25274	28623.62314	137.00000	49320.73878	-41.97600	0.00000	-0.18610	49320.00000	-270.21744	0.00000	-0.48610
-40298.53846	28635.23365	137.00000	49340.73940	-42.04095	0.00000	-0.18604	49340.00000	-270.38711	0.00000	-0.48604
-40314.82420	28646.84415	137.00000	49360.74001	-42.10588	0.00000	-0.18598	49360.00000	-270.55676	0.00000	-0.48598
-40331.10994	28658.45463	137.00000	49380.74062	-42.17078	0.00000	-0.18593	49380.00000	-270.72639	0.00000	-0.48593
-40347.39570	28670.06510	137.00000	49400.74124	-42.23567	0.00000	-0.18587	49400.00000	-270.89600	0.00000	-0.48587
-40363.68146	28681.67554	137.00000	49420.74185	-42.30054	0.00000	-0.18581	49420.00000	-271.06559	0.00000	-0.48581
-40379.96724	28693.28598	137.00000	49440.74247	-42.36539	0.00000	-0.18575	49440.00000	-271.23516	0.00000	-0.48575
-40396.25304	28704.89639	137.00000	49460.74308	-42.43022	0.00000	-0.18570	49460.00000	-271.40471	0.00000	-0.48570
-40412.53884	28716.50679	137.00000	49480.74369	-42.49503	0.00000	-0.18564	49480.00000	-271.57424	0.00000	-0.48564
-40428.82465	28728.11718	137.00000	49500.74431	-42.55982	0.00000	-0.18558	49500.00000	-271.74375	0.00000	-0.48558
-40445.11048	28739.72754	137.00000	49520.74492	-42.62458	0.00000	-0.18552	49520.00000	-271.91324	0.00000	-0.48552
-40461.39631	28751.33789	137.00000	49540.74553	-42.68933	0.00000	-0.18547	49540.00000	-272.08271	0.00000	-0.48547
-40477.68216	28762.94823	137.00000	49560.74615	-42.75406	0.00000	-0.18541	49560.00000	-272.25216	0.00000	-0.48541
-40493.96802	28774.55854	137.00000	49580.74676	-42.81877	0.00000	-0.18535	49580.00000	-272.42159	0.00000	-0.48535
-40510.25389	28786.16885	137.00000	49600.74737	-42.88346	0.00000	-0.18530	49600.00000	-272.59100	0.00000	-0.48530
-40526.53978	28797.77913	137.00000	49620.74798	-42.94813	0.00000	-0.18524	49620.00000	-272.76039	0.00000	-0.48524
-40542.82567	28809.38940	137.00000	49640.74860	-43.01277	0.00000	-0.18518	49640.00000	-272.92976	0.00000	-0.48518
-40559.11158	28820.99965	137.00000	49660.74921	-43.07740	0.00000	-0.18512	49660.00000	-273.09911	0.00000	-0.48512
-40575.39749	28832.60989	137.00000	49680.74982	-43.14201	0.00000	-0.18507	49680.00000	-273.26844	0.00000	-0.48507
-40591.68342	28844.22011	137.00000	49700.75043	-43.20660	0.00000	-0.18501	49700.00000	-273.43775	0.00000	-0.48501
-40607.96936	28855.83031	137.00000	49720.75105	-43.27117	0.00000	-0.18495	49720.00000	-273.60704	0.00000	-0.48495
-40624.25531	28867.44050	137.00000	49740.75166	-43.33572	0.00000	-0.18489	49740.00000	-273.77631	0.00000	-0.48489
-40640.54128	28879.05067	137.00000	49760.75227	-43.40024	0.00000	-0.18484	49760.00000	-273.94556	0.00000	-0.48484
-40656.82725	28890.66082	137.00000	49780.75288	-43.46475	0.00000	-0.18478	49780.00000	-274.11479	0.00000	-0.48478
-40673.11324	28902.27096	137.00000	49800.75350	-43.52924	0.00000	-0.18472	49800.00000	-274.28400	0.00000	-0.48472
-40689.39924	28913.88108	137.00000	49820.75411	-43.59371	0.00000	-0.18466	49820.00000	-274.45319	0.00000	-0.48466
-40705.68524	28925.49118	137.00000	49840.75472	-43.65816	0.00000	-0.18461	49840.00000	-274.62236	0.00000	-0.48461
-40721.97126	28937.10127	137.00000	49860.75533	-43.72259	0.00000	-0.18455	49860.00000	-274.79151	0.00000	-0.48455
-40738.25730	28948.71134	137.00000	49880.75594	-43.78699	0.00000	-0.18449	49880.00000	-274.96064	0.00000	-0.48449
-40754.54334	28960.32140	137.00000	49900.75655	-43.85138	0.00000	-0.18444	49900.00000	-275.12975	0.00000	-0.48444
-40770.82939	28971.93144	137.00000	49920.75716	-43.91575	0.00000	-0.18438	49920.00000	-275.29884	0.00000	-0.48438
-40787.11546	28983.54146	137.00000	49940.75777	-43.98010	0.00000	-0.18432	49940.00000	-275.46791	0.00000	-0.48432
-40803.40154	28995.15147	137.00000	49960.75839	-44.04443	0.00000	-0.18426	49960.00000	-275.63696	0.00000	-0.48426
-40819.68763	29006.76146	137.00000	49980.75900	-44.10874	0.00000	-0.18421	49980.00000	-275.80599	0.00000	-0.48421
-40835.97373	29018.37143	137.00000	50000.75961	-44.17303	0.00000	-0.18415	50000.00000	-275.97500	0.00000	-0.48415
-40852.25984	29029.98139	137.00000	50020.76022	-44.23729	0.00000	-0.18409	50020.00000	-276.14399	0.00000	-0.48409
-40868.54596	29041.59133	137.00000	50040.76083	-44.30154	0.00000	-0.18403	50040.00000	-276.31296	0.00000	-0.48403
-40884.83210	29053.20125	137.00000	50060.76144	-44.36577	0.00000	-0.18398	50060.00000	-276.48191	0.00000	-0.48398
-40901.11825	29064.81116	137.00000	50080.76205	-44.42998	0.00000	-0.18392	50080.00000	-276.65084	0.00000	-0.48392
-40917.40440	29076.42105	137.00000	50100.76266	-44.49417	0.00000	-0.18386	50100.00000	-276.81975	0.00000	-0.48386
-40933.69057	29088.03093	137.00000	50120.76327	-44.55834	0.00000	-0.18381	50120.00000	-276.98864	0.00000	-0.48381
-40949.97676	29099.64079	137.00000	50140.76388	-44.62248	0.00000	-0.18375	50140.00000	-277.15751	0.00000	-0.48375
-40966.26295	29111.25063	137.00000	50160.76449	-44.68661	0.00000	-0.18369	50160.00000	-277.32636	0.00000	-0.48369
-40982.54915	29122.86046	137.00000	50180.76510	-44.75072	0.00000	-0.18363	50180.00000	-277.49519	0.00000	-0.48363
-40998.83537	29134.47027	137.00000	50200.76571	-44.81481	0.00000	-0.18358	50200.00000	-277.66400	0.00000	-0.48358
-41015.12159	29146.08006	137.00000	50220.76632	-44.87888	0.00000	-0.18352	50220.00000	-277.83279	0.00000	-0.48352
-41031.40783	29157.68984	137.00000	50240.76693	-44.94293	0.00000	-0.18346	50240.00000	-278.00156	0.00000	-0.48346
-41047.69408	29169.29960	137.00000	50260.76754	-45.00695	0.00000	-0.18340	50260.00000	-278.17031	0.00000	-0.48340
-41063.98034	29180.90934	137.00000	50280.76815	-45.07096	0.00000	-0.18335	50280.00000	-278.33904	0.00000	-0.48335
-41080.26662	29192.51907	137.00000	50300.76876	-45.13495	0.00000	-0.18329	50300.00000	-278.50775	0.00000	-0.48329
-41096.55290	29204.12878	137.00000	50320.76937	-45.19892	0.00000	-0.18323	50320.00000	-278.67644	0.00000	-0.48323
-41112.83920	29215.73848	137.00000	50340.76997	-45.26287	0.00000	-0.18318	50340.00000	-278.84511	0.00000	-0.48318
-41129.12550	29227.34815	137.00000	50360.77058	-45.32680	0.00000	-0.18312	50360.00000	-279.01376	0.00000	-0.48312
-41145.41182	29238.95782	137.00000	50380.77119	-45.39071	0.00000	-0.18306	50380.00000	-279.18239	0.00000	-0.48306
-41161.69815	29250.56746	137.00000	50400.77180	-45.45459	0.00000	-0.18300	50400.00000	-279.35100	0.00000	-0.48300
-41177.98449	29262.17709	137.00000	50420.77241	-45.51846	0.00000	-0.18295	50420.00000	-279.51959	0.00000	-0.48295
-41194.27085	29273.78671	137.00000	50440.77302	-45.58231	0.00000	-0.18289	50440.00000	-279.68816	0.00000	-0.48289
-41210.55721	29285.39630	137.00000	50460.77363	-45.64614	0.00000	-0.18283	50460.00000	-279.85671	0.00000	-0.48283
-41226.84359	29297.00588	137.00000	50480.77423	-45.70995	0.00000	-0.18277	50480.00000	-280.02524	0.00000	-0.48277
-41243.12998	29308.61545	137.00000	50500.77484	-45.77374	0.00000	-0.18272	50500.00000	-280.19375	0.00000	-0.48272
-41259.41637	29320.22499	137.00000	50520.77545	-45.83750	0.00000	-0.18266	50520.00000	-280.36224	0.00000	-0.48266
-41275.70278	29331.83453	137.00000	50540.77606	-45.90125	0.00000	-0.18260	50540.00000	-280.53071	0.00000	-0.48260
-41291.98921	29343.44404	137.00000	50560.77667	-45.96498	0.00000	-0.18255	50560.00000	-280.69916	0.00000	-0.48255
-41308.27564	29355.05354	137.00000	50580.77727	-46.02869	0.00000	-0.18249	50580.00000	-280.86759	0.00000	-0.48249
-41324.56208	29366.66302	137.00000	50600.77788	-46.09238	0.00000	-0.18243	50600.00000	-281.03600	0.00000	-0.48243
-41340.84854	29378.27249	137.00000	50620.77849	-46.15605	0.00000	-0.18237	50620.00000	-281.20439	0.00000	-0.48237
-41357.13501	29389.88194	137.00000	50640.77910	-46.21969	0.00000	-0.18232	50640.00000	-281.37276	0.00000	-0.48232
-41373.42149	29401.49137	137.00000	50660.77970	-46.28332	0.00000	-0.18226	50660.00000	-281.54111	0.00000	-0.48226
-41389.70798	29413.10079	137.00000	50680.78031	-46.34693	0.00000	-0.18220	50680.00000	-281.70944	0.00000	-0.48220
-41405.99448	29424.71019	137.00000	50700.78092	-46.41052	0.00000	-0.18214	50700.00000	-281.87775	0.00000	-0.48214
-41422.28100	29436.31957	137.00000	50720.78153	-46.47409	0.00000	-0.18209	50720.00000	-282.04604	0.00000	-0.48209
-41438.56752	29447.92894	137.00000	50740.78213	-46.53764	0.00000	-0.18203	50740.00000	-282.21431	0.00000	-0.48203
-41454.85406	29459.53829	137.00000	50760.78274	-46.60117	0.00000	-0.18197	50760.00000	-282.38256	0.00000	-0.48197
-41471.14061	29471.14762	137.00000	50780.78335	-46.66467	0.00000	-0.18191	50780.00000	-282.55079	0.00000	-0.48191
-41487.42716	29482.75694	137.00000	50800.78395	-46.72816	0.00000	-0.18186	50800.00000	-282.71900	0.00000	-0.48186
-41503.71374	29494.36624	137.00000	50820.78456	-46.79163	0.00000	-0.18180	50820.00000	-282.88719	0.00000	-0.48180
-41520.00032	29505.97553	137.00000	50840.78517	-46.85508	0.00000	-0.18174	50840.00000	-283.05536	0.00000	-0.48174
-41536.28691	29517.58480	137.00000	50860.78577	-46.91851	0.00000	-0.18169	50860.00000	-283.22351	0.00000	-0.48169
-41552.57352	29529.19405	137.00000	50880.78638	-46.98192	0.00000	-0.18163	50880.00000	-283.39164	0.00000	-0.48163
-41568.86013	29540.80329	137.00000	50900.78698	-47.04530	0.00000	-0.18157	50900.00000	-283.55975	0.00000	-0.48157
-41585.14676	29552.41251	137.00000	50920.78759	-47.10867	0.00000	-0.18151	50920.00000	-283.72784	0.00000	-0.48151
-41601.43340	29564.02171	137.00000	50940.78820	-47.17202	0.00000	-0.18146	50940.00000	-283.89591	0.00000	-0.48146
-41617.72005	29575.63090	137.00000	50960.78880	-47.23535	0.00000	-0.18140	50960.00000	-284.06396	0.00000	-0.48140
-41634.00672	29587.24007	137.00000	50980.78941	-47.29866	0.00000	-0.18134	50980.00000	-284.23199	0.00000	-0.48134
-41650.29339	29598.84922	137.00000	51000.79001	-47.36195	0.00000	-0.18128	51000.00000	-284.40000	0.00000	-0.48128
-41666.58008	29610.45836	137.00000	51020.79062	-47.42521	0.00000	-0.18123	51020.00000	-284.56799	0.00000	-0.48123
-41682.86677	29622.06748	137.00000	51040.79122	-47.48846	0.00000	-0.18117	51040.00000	-284.73596	0.00000	-0.48117
-41699.15348	29633.67659	137.00000	51060.79183	-47.55169	0.00000	-0.18111	51060.00000	-284.90391	0.00000	-0.48111
-41715.44020	29645.28568	137.00000	51080.79243	-47.61490	0.00000	-0.18106	51080.00000	-285.07184	0.00000	-0.48106
-41731.72694	29656.89475	137.00000	51100.79304	-47.67809	0.00000	-0.18100	51100.00000	-285.23975	0.00000	-0.48100
-41748.01368	29668.50381	137.00000	51120.79364	-47.74126	0.00000	-0.18094	51120.00000	-285.40764	0.00000	-0.48094
-41764.30043	29680.11285	137.00000	51140.79425	-47.80441	0.00000	-0.18088	51140.00000	-285.57551	0.00000	-0.48088
-41780.58720	29691.72187	137.00000	51160.79485	-47.86753	0.00000	-0.18083	51160.00000	-285.74336	0.00000	-0.48083
-41796.87398	29703.33088	137.00000	51180.79546	-47.93064	0.00000	-0.18077	51180.00000	-285.91119	0.00000	-0.48077
-41813.16077	29714.93987	137.00000	51200.79606	-47.99373	0.00000	-0.18071	51200.00000	-286.07900	0.00000	-0.48071
-41829.44757	29726.54884	137.00000	51220.79667	-48.05680	0.00000	-0.18065	51220.00000	-286.24679	0.00000	-0.48065
-41845.73438	29738.15780	137.00000	51240.79727	-48.11985	0.00000	-0.18060	51240.00000	-286.41456	0.00000	-0.48060
-41862.02120	29749.76674	137.00000	51260.79788	-48.18288	0.00000	-0.18054	51260.00000	-286.58231	0.00000	-0.48054
-41878.30804	29761.37567	137.00000	51280.79848	-48.24588	0.00000	-0.18048	51280.00000	-286.75004	0.00000	-0.48048
-41894.59488	29772.98457	137.00000	51300.79908	-48.30887	0.00000	-0.18043	51300.00000	-286.91775	0.00000	-0.48043
-41910.88174	29784.59347	137.00000	51320.79969	-48.37184	0.00000	-0.18037	51320.00000	-287.08544	0.00000	-0.48037
-41927.16861	29796.20234	137.00000	51340.80029	-48.43479	0.00000	-0.18031	51340.00000	-287.25311	0.00000	-0.48031
-41943.45549	29807.81120	137.00000	51360.80089	-48.49772	0.00000	-0.18025	51360.00000	-287.42076	0.00000	-0.48025
-41959.74238	29819.42005	137.00000	51380.80150	-48.56063	0.00000	-0.18020	51380.00000	-287.58839	0.00000	-0.48020
-41976.02929	29831.02887	137.00000	51400.80210	-48.62351	0.00000	-0.18014	51400.00000	-287.75600	0.00000	-0.48014
-41992.31620	29842.63768	137.00000	51420.80270	-48.68638	0.00000	-0.18008	51420.00000	-287.92359	0.00000	-0.48008
-42008.60313	29854.24648	137.00000	51440.80331	-48.74923	0.00000	-0.18002	51440.00000	-288.09116	0.00000	-0.48002
-42024.89007	29865.85525	137.00000	51460.80391	-48.81206	0.00000	-0.17997	51460.00000	-288.25871	0.00000	-0.47997
-42041.17702	29877.46402	137.00000	51480.80451	-48.87487	0.00000	-0.17991	51480.00000	-288.42624	0.00000	-0.47991
-42057.46398	29889.07276	137.00000	51500.80512	-48.93766	0.00000	-0.17985	51500.00000	-288.59375	0.00000	-0.47985
-42073.75095	29900.68149	137.00000	51520.80572	-49.00043	0.00000	-0.17979	51520.00000	-288.76124	0.00000	-0.47979
-42090.03793	29912.29020	137.00000	51540.80632	-49.06317	0.00000	-0.17974	51540.00000	-288.92871	0.00000	-0.47974
-42106.32493	29923.89890	137.00000	51560.80693	-49.12590	0.00000	-0.17968	51560.00000	-289.09616	0.00000	-0.47968
-42122.61194	29935.50758	137.00000	51580.80753	-49.18861	0.00000	-0.17962	51580.00000	-289.26359	0.00000	-0.47962
-42138.89896	29947.11624	137.00000	51600.80813	-49.25130	0.00000	-0.17957	51600.00000	-289.43100	0.00000	-0.47957
-42155.18598	29958.72489	137.00000	51620.80873	-49.31397	0.00000	-0.17951	51620.00000	-289.59839	0.00000	-0.47951
-42171.47303	29970.33352	137.00000	51640.80933	-49.37662	0.00000	-0.17945	51640.00000	-289.76576	0.00000	-0.47945
-42187.76008	29981.94213	137.00000	51660.80994	-49.43924	0.00000	-0.17939	51660.00000	-289.93311	0.00000	-0.47939
-42204.04714	29993.55073	137.00000	51680.81054	-49.50185	0.00000	-0.17934	51680.00000	-290.10044	0.00000	-0.47934
-42220.33422	30005.15931	137.00000	51700.81114	-49.56444	0.00000	-0.17928	51700.00000	-290.26775	0.00000	-0.47928
-42236.62131	30016.76787	137.00000	51720.81174	-49.62701	0.00000	-0.17922	51720.00000	-290.43504	0.00000	-0.47922
-42252.90841	30028.37642	137.00000	51740.81234	-49.68956	0.00000	-0.17916	51740.00000	-290.60231	0.00000	-0.47916
-42269.19552	30039.98495	137.00000	51760.81295	-49.75209	0.00000	-0.17911	51760.00000	-290.76956	0.00000	-0.47911
-42285.48264	30051.59347	137.00000	51780.81355	-49.81459	0.00000	-0.17905	51780.00000	-290.93679	0.00000	-0.47905
-42301.76977	30063.20197	137.00000	51800.81415	-49.87708	0.00000	-0.17899	51800.00000	-291.10400	0.00000	-0.47899
-42318.05692	30074.81045	137.00000	51820.81475	-49.93955	0.00000	-0.17894	51820.00000	-291.27119	0.00000	-0.47894
-42334.34407	30086.41892	137.00000	51840.81535	-50.00200	0.00000	-0.17888	51840.00000	-291.43836	0.00000	-0.47888
-42350.63124	30098.02737	137.00000	51860.81595	-50.06443	0.00000	-0.17882	51860.00000	-291.60551	0.00000	-0.47882
-42366.91842	30109.63580	137.00000	51880.81655	-50.12684	0.00000	-0.17876	51880.00000	-291.77264	0.00000	-0.47876
-42383.20561	30121.24422	137.00000	51900.81715	-50.18923	0.00000	-0.17871	51900.00000	-291.93975	0.00000	-0.47871
-42399.49281	30132.85262	137.00000	51920.81775	-50.25159	0.00000	-0.17865	51920.00000	-292.10684	0.00000	-0.47865
-42415.78002	30144.46100	137.00000	51940.81835	-50.31394	0.00000	-0.17859	51940.00000	-292.27391	0.00000	-0.47859
-42432.06725	30156.06937	137.00000	51960.81896	-50.37627	0.00000	-0.17853	51960.00000	-292.44096	0.00000	-0.47853
-42448.35449	30167.67772	137.00000	51980.81956	-50.43858	0.00000	-0.17848	51980.00000	-292.60799	0.00000	-0.47848
-42464.64173	30179.28606	137.00000	52000.82016	-50.50087	0.00000	-0.17842	52000.00000	-292.77500	0.00000	-0.47842
-42480.92899	30190.89438	137.00000	52020.82076	-50.56314	0.00000	-0.17836	52020.00000	-292.94199	0.00000	-0.47836
-42497.21626	30202.50268	137.00000	52040.82136	-50.62538	0.00000	-0.17831	52040.00000	-293.10896	0.00000	-0.47831
-42513.50355	30214.11097	137.00000	52060.82196	-50.68761	0.00000	-0.17825	52060.00000	-293.27591	0.00000	-0.47825
-42529.79084	30225.71924	137.00000	52080.82256	-50.74982	0.00000	-0.17819	52080.00000	-293.44284	0.00000	-0.47819
-42546.07814	30237.32749	137.00000	52100.82316	-50.81201	0.00000	-0.17813	52100.00000	-293.60975	0.00000	-0.47813
-42562.36546	30248.93573	137.00000	52120.82376	-50.87418	0.00000	-0.17808	52120.00000	-293.77664	0.00000	-0.47808
-42578.65279	30260.54395	137.00000	52140.82436	-50.93633	0.00000	-0.17802	52140.00000	-293.94351	0.00000	-0.47802
-42594.94013	30272.15215	137.00000	52160.82495	-50.99845	0.00000	-0.17796	52160.00000	-294.11036	0.00000	-0.47796
-42611.22748	30283.76034	137.00000	52180.82555	-51.06056	0.00000	-0.17790	52180.00000	-294.27719	0.00000	-0.47790
-42627.51484	30295.36851	137.00000	52200.82615	-51.12265	0.00000	-0.17785	52200.00000	-294.44400	0.00000	-0.47785
-42643.80222	30306.97666	137.00000	52220.82675	-51.18472	0.00000	-0.17779	52220.00000	-294.61079	0.00000	-0.47779
-42660.08960	30318.58480	137.00000	52240.82735	-51.24677	0.00000	-0.17773	52240.00000	-294.77756	0.00000	-0.47773
-42676.37700	30330.19293	137.00000	52260.82795	-51.30880	0.00000	-0.17767	52260.00000	-294.94431	0.00000	-0.47767
-42692.66441	30341.80103	137.00000	52280.82855	-51.37081	0.00000	-0.17762	52280.00000	-295.11104	0.00000	-0.47762
-42708.95183	30353.40912	137.00000	52300.82915	-51.43279	0.00000	-0.17756	52300.00000	-295.27775	0.00000	-0.47756
-42725.23926	30365.01719	137.00000	52320.82975	-51.49476	0.00000	-0.17750	52320.00000	-295.44444	0.00000	-0.47750
-42741.52670	30376.62525	137.00000	52340.83035	-51.55671	0.00000	-0.17745	52340.00000	-295.61111	0.00000	-0.47745
-42757.81416	30388.23329	137.00000	52360.83094	-51.61864	0.00000	-0.17739	52360.00000	-295.77776	0.00000	-0.47739
-42774.10162	30399.84132	137.00000	52380.83154	-51.68055	0.00000	-0.17733	52380.00000	-295.94439	0.00000	-0.47733
-42790.38910	30411.44932	137.00000	52400.83214	-51.74244	0.00000	-0.17727	52400.00000	-296.11100	0.00000	-0.47727
-42806.67659	30423.05731	137.00000	52420.83274	-51.80430	0.00000	-0.17722	52420.00000	-296.27759	0.00000	-0.47722
-42822.96409	30434.66529	137.00000	52440.83334	-51.86615	0.00000	-0.17716	52440.00000	-296.44416	0.00000	-0.47716
-42839.25160	30446.27325	137.00000	52460.83393	-51.92798	0.00000	-0.17710	52460.00000	-296.61071	0.00000	-0.47710
-42855.53912	30457.88119	137.00000	52480.83453	-51.98979	0.00000	-0.17704	52480.00000	-296.77724	0.00000	-0.47704
-42871.82666	30469.48912	137.00000	52500.83513	-52.05158	0.00000	-0.17699	52500.00000	-296.94375	0.00000	-0.47699
-42888.11420	30481.09703	137.00000	52520.83573	-52.11335	0.00000	-0.17693	52520.00000	-297.11024	0.00000	-0.47693
-42904.40176	30492.70492	137.00000	52540.83632	-52.17510	0.00000	-0.17687	52540.00000	-297.27671	0.00000	-0.47687
-42920.68933	30504.31279	137.00000	52560.83692	-52.23682	0.00000	-0.17682	52560.00000	-297.44316	0.00000	-0.47682
-42936.97691	30515.92066	137.00000	52580.83752	-52.29853	0.00000	-0.17676	52580.00000	-297.60959	0.00000	-0.47676
-42953.26450	30527.52850	137.00000	52600.83812	-52.36022	0.00000	-0.17670	52600.00000	-297.77600	0.00000	-0.47670
-42969.55211	30539.13633	137.00000	52620.83871	-52.42189	0.00000	-0.17664	52620.00000	-297.94239	0.00000	-0.47664
-42985.83972	30550.74414	137.00000	52640.83931	-52.48354	0.00000	-0.17659	52640.00000	-298.10876	0.00000	-0.47659
-43002.12735	30562.35193	137.00000	52660.83991	-52.54517	0.00000	-0.17653	52660.00000	-298.27511	0.00000	-0.47653
-43018.41499	30573.95971	137.00000	52680.84050	-52.60677	0.00000	-0.17647	52680.00000	-298.44144	0.00000	-0.47647
-43034.70264	30585.56747	137.00000	52700.84110	-52.66836	0.00000	-0.17641	52700.00000	-298.60775	0.00000	-0.47641
-43050.99030	30597.17522	137.00000	52720.84170	-52.72993	0.00000	-0.17636	52720.00000	-298.77404	0.00000	-0.47636
-43067.27797	30608.78295	137.00000	52740.84229	-52.79148	0.00000	-0.17630	52740.00000	-298.94031	0.00000	-0.47630
-43083.56565	30620.39066	137.00000	52760.84289	-52.85301	0.00000	-0.17624	52760.00000	-299.10656	0.00000	-0.47624
-43099.85335	30631.99836	137.00000	52780.84349	-52.91452	0.00000	-0.17619	52780.00000	-299.27279	0.00000	-0.47619
-43116.14106	30643.60604	137.00000	52800.84408	-52.97601	0.00000	-0.17613	52800.00000	-299.43900	0.00000	-0.47613
-43132.42877	30655.21370	137.00000	52820.84468	-53.03747	0.00000	-0.17607	52820.00000	-299.60519	0.00000	-0.47607
-43148.71650	30666.82135	137.00000	52840.84527	-53.09892	0.00000	-0.17601	52840.00000	-299.77136	0.00000	-0.47601
-43165.00424	30678.42898	137.00000	52860.84587	-53.16035	0.00000	-0.17596	52860.00000	-299.93751	0.00000	-0.47596
-43181.29200	30690.03659	137.00000	52880.84647	-53.22176	0.00000	-0.17590	52880.00000	-300.10364	0.00000	-0.47590
-43197.57976	30701.64419	137.00000	52900.84706	-53.28315	0.00000	-0.17584	52900.00000	-300.26975	0.00000	-0.47584
-43213.86754	30713.25177	137.00000	52920.84766	-53.34452	0.00000	-0.17578	52920.00000	-300.43584	0.00000	-0.47578
-43230.15532	30724.85934	137.00000	52940.84825	-53.40586	0.00000	-0.17573	52940.00000	-300.60191	0.00000	-0.47573
-43246.44312	30736.46689	137.00000	52960.84885	-53.46719	0.00000	-0.17567	52960.00000	-300.76796	0.00000	-0.47567
-43262.73093	30748.07442	137.00000	52980.84944	-53.52850	0.00000	-0.17561	52980.00000	-300.93399	0.00000	-0.47561
-43279.01875	30759.68193	137.00000	53000.85004	-53.58979	0.00000	-0.17555	53000.00000	-301.10000	0.00000	-0.47555
-43295.30659	30771.28943	137.00000	53020.85063	-53.65106	0.00000	-0.17550	53020.00000	-301.26599	0.00000	-0.47550
-43311.59443	30782.89692	137.00000	53040.85123	-53.71231	0.00000	-0.17544	53040.00000	-301.43196	0.00000	-0.47544
-43327.88229	30794.50439	137.00000	53060.85182	-53.77353	0.00000	-0.17538	53060.00000	-301.59791	0.00000	-0.47538
-43344.17015	30806.11184	137.00000	53080.85242	-53.83474	0.00000	-0.17533	53080.00000	-301.76384	0.00000	-0.47533
-43360.45803	30817.71927	137.00000	53100.85301	-53.89593	0.00000	-0.17527	53100.00000	-301.92975	0.00000	-0.47527
-43376.74592	30829.32669	137.00000	53120.85361	-53.95710	0.00000	-0.17521	53120.00000	-302.09564	0.00000	-0.47521
-43393.03383	30840.93409	137.00000	53140.85420	-54.01825	0.00000	-0.17515	53140.00000	-302.26151	0.00000	-0.47515
-43409.32174	30852.54147	137.00000	53160.85479	-54.07938	0.00000	-0.17510	53160.00000	-302.42736	0.00000	-0.47510
-43425.60966	30864.14884	137.00000	53180.85539	-54.14049	0.00000	-0.17504	53180.00000	-302.59319	0.00000	-0.47504
-43441.89760	30875.75620	137.00000	53200.85598	-54.20157	0.00000	-0.17498	53200.00000	-302.75900	0.00000	-0.47498
-43458.18555	30887.36353	137.00000	53220.85658	-54.26264	0.00000	-0.17492	53220.00000	-302.92479	0.00000	-0.47492
-43474.47351	30898.97085	137.00000	53240.85717	-54.32369	0.00000	-0.17487	53240.00000	-303.09056	0.00000	-0.47487
-43490.76148	30910.57815	137.00000	53260.85776	-54.38472	0.00000	-0.17481	53260.00000	-303.25631	0.00000	-0.47481
-43507.04946	30922.18544	137.00000	53280.85836	-54.44573	0.00000	-0.17475	53280.00000	-303.42204	0.00000	-0.47475
-43523.33745	30933.79271	137.00000	53300.85895	-54.50672	0.00000	-0.17470	53300.00000	-303.58775	0.00000	-0.47470
-43539.62546	30945.39997	137.00000	53320.85954	-54.56768	0.00000	-0.17464	53320.00000	-303.75344	0.00000	-0.47464
-43555.91347	30957.00720	137.00000	53340.86014	-54.62863	0.00000	-0.17458	53340.00000	-303.91911	0.00000	-0.47458
-43572.20150	30968.61442	137.00000	53360.86073	-54.68956	0.00000	-0.17452	53360.00000	-304.08476	0.00000	-0.47452
-43588.48954	30980.22163	137.00000	53380.86132	-54.75047	0.00000	-0.17447	53380.00000	-304.25039	0.00000	-0.47447
-43604.77759	30991.82882	137.00000	53400.86192	-54.81136	0.00000	-0.17441	53400.00000	-304.41600	0.00000	-0.47441
-43621.06565	31003.43599	137.00000	53420.86251	-54.87223	0.00000	-0.17435	53420.00000	-304.58159	0.00000	-0.47435
-43637.35373	31015.04315	137.00000	53440.86310	-54.93308	0.00000	-0.17429	53440.00000	-304.74716	0.00000	-0.47429
-43653.64181	31026.65028	137.00000	53460.86370	-54.99390	0.00000	-0.17424	53460.00000	-304.91271	0.00000	-0.47424
-43669.92991	31038.25741	137.00000	53480.86429	-55.05471	0.00000	-0.17418	53480.00000	-305.07824	0.00000	-0.47418
-43686.21802	31049.86451	137.00000	53500.86488	-55.11550	0.00000	-0.17412	53500.00000	-305.24375	0.00000	-0.47412
-43702.50614	31061.47160	137.00000	53520.86547	-55.17627	0.00000	-0.17407	53520.00000	-305.40924	0.00000	-0.47407
-43718.79427	31073.07868	137.00000	53540.86607	-55.23702	0.00000	-0.17401	53540.00000	-305.57471	0.00000	-0.47401
-43735.08241	31084.68574	137.00000	53560.86666	-55.29775	0.00000	-0.17395	53560.00000	-305.74016	0.00000	-0.47395
-43751.37057	31096.29278	137.00000	53580.86725	-55.35845	0.00000	-0.17389	53580.00000	-305.90559	0.00000	-0.47389
-43767.65873	31107.89980	137.00000	53600.86784	-55.41914	0.00000	-0.17384	53600.00000	-306.07100	0.00000	-0.47384
-43783.94691	31119.50681	137.00000	53620.86843	-55.47981	0.00000	-0.17378	53620.00000	-306.23639	0.00000	-0.47378
-43800.23510	31131.11380	137.00000	53640.86902	-55.54046	0.00000	-0.17372	53640.00000	-306.40176	0.00000	-0.47372
-43816.52330	31142.72078	137.00000	53660.86962	-55.60109	0.00000	-0.17366	53660.00000	-306.56711	0.00000	-0.47366
-43832.81151	31154.32774	137.00000	53680.87021	-55.66170	0.00000	-0.17361	53680.00000	-306.73244	0.00000	-0.47361
-43849.09973	31165.93468	137.00000	53700.87080	-55.72229	0.00000	-0.17355	53700.00000	-306.89775	0.00000	-0.47355
-43865.38797	31177.54161	137.00000	53720.87139	-55.78285	0.00000	-0.17349	53720.00000	-307.06304	0.00000	-0.47349
-43881.67621	31189.14852	137.00000	53740.87198	-55.84340	0.00000	-0.17344	53740.00000	-307.22831	0.00000	-0.47344
-43897.96447	31200.75541	137.00000	53760.87257	-55.90393	0.00000	-0.17338	53760.00000	-307.39356	0.00000	-0.47338
-43914.25274	31212.36229	137.00000	53780.87316	-55.96444	0.00000	-0.17332	53780.00000	-307.55879	0.00000	-0.47332
-43930.54102	31223.96915	137.00000	53800.87375	-56.02493	0.00000	-0.17326	53800.00000	-307.72400	0.00000	-0.47326
-43946.82931	31235.57599	137.00000	53820.87435	-56.08540	0.00000	-0.17321	53820.00000	-307.88919	0.00000	-0.47321
-43963.11761	31247.18282	137.00000	53840.87494	-56.14584	0.00000	-0.17315	53840.00000	-308.05436	0.00000	-0.47315
-43979.40593	31258.78963	137.00000	53860.87553	-56.20627	0.00000	-0.17309	53860.00000	-308.21951	0.00000	-0.47309
-43995.69425	31270.39643	137.00000	53880.87612	-56.26668	0.00000	-0.17303	53880.00000	-308.38464	0.00000	-0.47303
-44011.98259	31282.00321	137.00000	53900.87671	-56.32707	0.00000	-0.17298	53900.00000	-308.54975	0.00000	-0.47298
-44028.27094	31293.60997	137.00000	53920.87730	-56.38744	0.00000	-0.17292	53920.00000	-308.71484	0.00000	-0.47292
-44044.55930	31305.21671	137.00000	53940.87789	-56.44779	0.00000	-0.17286	53940.00000	-308.87991	0.00000	-0.47286
-44060.84767	31316.82344	137.00000	53960.87848	-56.50812	0.00000	-0.17280	53960.00000	-309.04496	0.00000	-0.47280
-44077.13606	31328.43016	137.00000	53980.87907	-56.56842	0.00000	-0.17275	53980.00000	-309.20999	0.00000	-0.47275
-44093.42445	31340.03685	137.00000	54000.87966	-56.62871	0.00000	-0.17269	54000.00000	-309.37500	0.00000	-0.47269
-44109.71286	31351.64353	137.00000	54020.88025	-56.68898	0.00000	-0.17263	54020.00000	-309.53999	0.00000	-0.47263
-44126.00128	31363.25020	137.00000	54040.88084	-56.74923	0.00000	-0.17258	54040.00000	-309.70496	0.00000	-0.47258
-44142.28971	31374.85685	137.00000	54060.88143	-56.80946	0.00000	-0.17252	54060.00000	-309.86991	0.00000	-0.47252
-44158.57815	31386.46348	137.00000	54080.88202	-56.86967	0.00000	-0.17246	54080.00000	-310.03484	0.00000	-0.47246
-44174.86660	31398.07009	137.00000	54100.88261	-56.92985	0.00000	-0.17240	54100.00000	-310.19975	0.00000	-0.47240
-44191.15506	31409.67669	137.00000	54120.88319	-56.99002	0.00000	-0.17235	54120.00000	-310.36464	0.00000	-0.47235
-44207.44354	31421.28327	137.00000	54140.88378	-57.05017	0.00000	-0.17229	54140.00000	-310.52951	0.00000	-0.47229
-44223.73203	31432.88984	137.00000	54160.88437	-57.11030	0.00000	-0.17223	54160.00000	-310.69436	0.00000	-0.47223
-44240.02052	31444.49639	137.00000	54180.88496	-57.17041	0.00000	-0.17217	54180.00000	-310.85919	0.00000	-0.47217
-44256.30903	31456.10292	137.00000	54200.88555	-57.23050	0.00000	-0.17212	54200.00000	-311.02400	0.00000	-0.47212
-44272.59756	31467.70944	137.00000	54220.88614	-57.29057	0.00000	-0.17206	54220.00000	-311.18879	0.00000	-0.47206
-44288.88609	31479.31594	137.00000	54240.88673	-57.35061	0.00000	-0.17200	54240.00000	-311.35356	0.00000	-0.47200
-44305.17463	31490.92242	137.00000	54260.88732	-57.41064	0.00000	-0.17195	54260.00000	-311.51831	0.00000	-0.47195
-44321.46319	31502.52889	137.00000	54280.88790	-57.47065	0.00000	-0.17189	54280.00000	-311.68304	0.00000	-0.47189
-44337.75176	31514.13534	137.00000	54300.88849	-57.53064	0.00000	-0.17183	54300.00000	-311.84775	0.00000	-0.47183
-44354.04033	31525.74178	137.00000	54320.88908	-57.59061	0.00000	-0.17177	54320.00000	-312.01244	0.00000	-0.47177
-44370.32892	31537.34820	137.00000	54340.88967	-57.65056	0.00000	-0.17172	54340.00000	-312.17711	0.00000	-0.47172
-44386.61753	31548.95460	137.00000	54360.89026	-57.71048	0.00000	-0.17166	54360.00000	-312.34176	0.00000	-0.47166
-44402.90614	31560.56098	137.00000	54380.89084	-57.77039	0.00000	-0.17160	54380.00000	-312.50639	0.00000	-0.47160
-44419.19476	31572.16735	137.00000	54400.89143	-57.83028	0.00000	-0.17154	54400.00000	-312.67100	0.00000	-0.47154
-44435.48340	31583.77371	137.00000	54420.89202	-57.89015	0.00000	-0.17149	54420.00000	-312.83559	0.00000	-0.47149
-44451.77205	31595.38004	137.00000	54440.89261	-57.95000	0.00000	-0.17143	54440.00000	-313.00016	0.00000	-0.47143
-44468.06070	31606.98636	137.00000	54460.89319	-58.00983	0.00000	-0.17137	54460.00000	-313.16471	0.00000	-0.47137
-44484.34938	31618.59267	137.00000	54480.89378	-58.06964	0.00000	-0.17132	54480.00000	-313.32924	0.00000	-0.47132
-44500.63806	31630.19896	137.00000	54500.89437	-58.12942	0.00000	-0.17126	54500.00000	-313.49375	0.00000	-0.47126
-44516.92675	31641.80523	137.00000	54520.89496	-58.18919	0.00000	-0.17120	54520.00000	-313.65824	0.00000	-0.47120
-44533.21546	31653.41148	137.00000	54540.89554	-58.24894	0.00000	-0.17114	54540.00000	-313.82271	0.00000	-0.47114
-44549.50417	31665.01772	137.00000	54560.89613	-58.30867	0.00000	-0.17109	54560.00000	-313.98716	0.00000	-0.47109
-44565.79290	31676.62394	137.00000	54580.89672	-58.36838	0.00000	-0.17103	54580.00000	-314.15159	0.00000	-0.47103
-44582.08164	31688.23015	137.00000	54600.89730	-58.42807	0.00000	-0.17097	54600.00000	-314.31600	0.00000	-0.47097
-44598.37039	31699.83634	137.00000	54620.89789	-58.48773	0.00000	-0.17091	54620.00000	-314.48039	0.00000	-0.47091
-44614.65915	31711.44251	137.00000	54640.89848	-58.54738	0.00000	-0.17086	54640.00000	-314.64476	0.00000	-0.47086
-44630.94792	31723.04866	137.00000	54660.89906	-58.60701	0.00000	-0.17080	54660.00000	-314.80911	0.00000	-0.47080
-44647.23671	31734.65480	137.00000	54680.89965	-58.66662	0.00000	-0.17074	54680.00000	-314.97344	0.00000	-0.47074
-44663.52551	31746.26093	137.00000	54700.90024	-58.72621	0.00000	-0.17068	54700.00000	-315.13775	0.00000	-0.47068
-44679.81431	31757.86704	137.00000	54720.90082	-58.78578	0.00000	-0.17063	54720.00000	-315.30204	0.00000	-0.47063
-44696.10313	31769.47313	137.00000	54740.90141	-58.84533	0.00000	-0.17057	54740.00000	-315.46631	0.00000	-0.47057
-44712.39196	31781.07920	137.00000	54760.90199	-58.90485	0.00000	-0.17051	54760.00000	-315.63056	0.00000	-0.47051
-44728.68081	31792.68526	137.00000	54780.90258	-58.96436	0.00000	-0.17046	54780.00000	-315.79479	0.00000	-0.47046
-44744.96966	31804.29130	137.00000	54800.90317	-59.02385	0.00000	-0.17040	54800.00000	-315.95900	0.00000	-0.47040
-44761.25853	31815.89733	137.00000	54820.90375	-59.08332	0.00000	-0.17034	54820.00000	-316.12319	0.00000	-0.47034
-44777.54740	31827.50333	137.00000	54840.90434	-59.14277	0.00000	-0.17028	54840.00000	-316.28736	0.00000	-0.47028
-44793.83629	31839.10933	137.00000	54860.90492	-59.20220	0.00000	-0.17023	54860.00000	-316.45151	0.00000	-0.47023
-44810.12519	31850.71530	137.00000	54880.90551	-59.26160	0.00000	-0.17017	54880.00000	-316.61564	0.00000	-0.47017
-44826.41410	31862.32126	137.00000	54900.90609	-59.32099	0.00000	-0.17011	54900.00000	-316.77975	0.00000	-0.47011
-44842.70303	31873.92721	137.00000	54920.90668	-59.38036	0.00000	-0.17005	54920.00000	-316.94384	0.00000	-0.47005
-44858.99196	31885.53313	137.00000	54940.90726	-59.43971	0.00000	-0.17000	54940.00000	-317.10791	0.00000	-0.47000
-44875.28091	31897.13904	137.00000	54960.90785	-59.49904	0.00000	-0.16994	54960.00000	-317.27196	0.00000	-0.46994
-44891.56986	31908.74494	137.00000	54980.90843	-59.55835	0.00000	-0.16988	54980.00000	-317.43599	0.00000	-0.46988
-44907.85883	31920.35082	137.00000	55000.90902	-59.61764	0.00000	-0.16983	55000.00000	-317.60000	0.00000	-0.46983
-44924.14781	31931.95668	137.00000	55020.90960	-59.67690	0.00000	-0.16977	55020.00000	-317.76399	0.00000	-0.46977
-44940.43680	31943.56252	137.00000	55040.91018	-59.73615	0.00000	-0.16971	55040.00000	-317.92796	0.00000	-0.46971
-44956.72581	31955.16835	137.00000	55060.91077	-59.79538	0.00000	-0.16965	55060.00000	-318.09191	0.00000	-0.46965
-44973.01482	31966.77416	137.00000	55080.91135	-59.85459	0.00000	-0.16960	55080.00000	-318.25584	0.00000	-0.46960
-44989.30385	31978.37996	137.00000	55100.91194	-59.91378	0.00000	-0.16954	55100.00000	-318.41975	0.00000	-0.46954
-45005.59288	31989.98574	137.00000	55120.91252	-59.97295	0.00000	-0.16948	55120.00000	-318.58364	0.00000	-0.46948
-45021.88193	32001.59150	137.00000	55140.91310	-60.03210	0.00000	-0.16942	55140.00000	-318.74751	0.00000	-0.46942
-45038.17099	32013.19725	137.00000	55160.91369	-60.09122	0.00000	-0.16937	55160.00000	-318.91136	0.00000	-0.46937
-45054.46006	32024.80298	137.00000	55180.91427	-60.15033	0.00000	-0.16931	55180.00000	-319.07519	0.00000	-0.46931
-45070.74915	32036.40869	137.00000	55200.91486	-60.20942	0.00000	-0.16925	55200.00000	-319.23900	0.00000	-0.46925
-45087.03824	32048.01439	137.00000	55220.91544	-60.26849	0.00000	-0.16920	55220.00000	-319.40279	0.00000	-0.46920
-45103.32735	32059.62007	137.00000	55240.91602	-60.32754	0.00000	-0.16914	55240.00000	-319.56656	0.00000	-0.46914
-45119.61647	32071.22574	137.00000	55260.91661	-60.38657	0.00000	-0.16908	55260.00000	-319.73031	0.00000	-0.46908
-45135.90560	32082.83139	137.00000	55280.91719	-60.44557	0.00000	-0.16902	55280.00000	-319.89404	0.00000	-0.46902
-45152.19474	32094.43702	137.00000	55300.91777	-60.50456	0.00000	-0.16897	55300.00000	-320.05775	0.00000	-0.46897
-45168.48389	32106.04263	137.00000	55320.91836	-60.56353	0.00000	-0.16891	55320.00000	-320.22144	0.00000	-0.46891
-45184.77305	32117.64823	137.00000	55340.91894	-60.62248	0.00000	-0.16885	55340.00000	-320.38511	0.00000	-0.46885
-45201.06223	32129.25382	137.00000	55360.91952	-60.68141	0.00000	-0.16879	55360.00000	-320.54876	0.00000	-0.46879
-45217.35141	32140.85938	137.00000	55380.92010	-60.74032	0.00000	-0.16874	55380.00000	-320.71239	0.00000	-0.46874
-45233.64061	32152.46493	137.00000	55400.92069	-60.79921	0.00000	-0.16868	55400.00000	-320.87600	0.00000	-0.46868
-45249.92982	32164.07047	137.00000	55420.92127	-60.85807	0.00000	-0.16862	55420.00000	-321.03959	0.00000	-0.46862
-45266.21904	32175.67598	137.00000	55440.92185	-60.91692	0.00000	-0.16856	55440.00000	-321.20316	0.00000	-0.46856
-45282.50828	32187.28149	137.00000	55460.92243	-60.97575	0.00000	-0.16851	55460.00000	-321.36671	0.00000	-0.46851
-45298.79752	32198.88697	137.00000	55480.92301	-61.03456	0.00000	-0.16845	55480.00000	-321.53024	0.00000	-0.46845
-45315.08677	32210.49244	137.00000	55500.92360	-61.09335	0.00000	-0.16839	55500.00000	-321.69375	0.00000	-0.46839
-45331.37604	32222.09789	137.00000	55520.92418	-61.15212	0.00000	-0.16834	55520.00000	-321.85724	0.00000	-0.46834
-45347.66532	32233.70333	137.00000	55540.92476	-61.21086	0.00000	-0.16828	55540.00000	-322.02071	0.00000	-0.46828
-45363.95461	32245.30874	137.00000	55560.92534	-61.26959	0.00000	-0.16822	55560.00000	-322.18416	0.00000	-0.46822
-45380.24391	32256.91415	137.00000	55580.92592	-61.32830	0.00000	-0.16816	55580.00000	-322.34759	0.00000	-0.46816
-45396.53322	32268.51953	137.00000	55600.92650	-61.38699	0.00000	-0.16811	55600.00000	-322.51100	0.00000	-0.46811
-45412.82255	32280.12490	137.00000	55620.92709	-61.44566	0.00000	-0.16805	55620.00000	-322.67439	0.00000	-0.46805
-45429.11188	32291.73026	137.00000	55640.92767	-61.50431	0.00000	-0.16799	55640.00000	-322.83776	0.00000	-0.46799
-45445.40123	32303.33559	137.00000	55660.92825	-61.56294	0.00000	-0.16793	55660.00000	-323.00111	0.00000	-0.46793
-45461.69059	32314.94092	137.00000	55680.92883	-61.62154	0.00000	-0.16788	55680.00000	-323.16444	0.00000	-0.46788
-45477.97996	32326.54622	137.00000	55700.92941	-61.68013	0.00000	-0.16782	55700.00000	-323.32775	0.00000	-0.46782
-45494.26934	32338.15151	137.00000	55720.92999	-61.73870	0.00000	-0.16776	55720.00000	-323.49104	0.00000	-0.46776
-45510.55873	32349.75678	137.00000	55740.93057	-61.79725	0.00000	-0.16771	55740.00000	-323.65431	0.00000	-0.46771
-45526.84814	32361.36203	137.00000	55760.93115	-61.85578	0.00000	-0.16765	55760.00000	-323.81756	0.00000	-0.46765
-45543.13755	32372.96727	137.00000	55780.93173	-61.91429	0.00000	-0.16759	55780.00000	-323.98079	0.00000	-0.46759
-45559.42698	32384.57250	137.00000	55800.93231	-61.97277	0.00000	-0.16753	55800.00000	-324.14400	0.00000	-0.46753
-45575.71642	32396.17770	137.00000	55820.93289	-62.03124	0.00000	-0.16748	55820.00000	-324.30719	0.00000	-0.46748
-45592.00587	32407.78289	137.00000	55840.93347	-62.08969	0.00000	-0.16742	55840.00000	-324.47036	0.00000	-0.46742
-45608.29533	32419.38807	137.00000	55860.93405	-62.14812	0.00000	-0.16736	55860.00000	-324.63351	0.00000	-0.46736
-45624.58481	32430.99322	137.00000	55880.93463	-62.20653	0.00000	-0.16730	55880.00000	-324.79664	0.00000	-0.46730
-45640.87429	32442.59836	137.00000	55900.93521	-62.26492	0.00000	-0.16725	55900.00000	-324.95975	0.00000	-0.46725
-45657.16379	32454.20349	137.00000	55920.93579	-62.32329	0.00000	-0.16719	55920.00000	-325.12284	0.00000	-0.46719
-45673.45330	32465.80860	137.00000	55940.93637	-62.38163	0.00000	-0.16713	55940.00000	-325.28591	0.00000	-0.46713
-45689.74281	32477.41369	137.00000	55960.93695	-62.43996	0.00000	-0.16708	55960.00000	-325.44896	0.00000	-0.46708
-45706.03235	32489.01876	137.00000	55980.93753	-62.49827	0.00000	-0.16702	55980.00000	-325.61199	0.00000	-0.46702
-45722.32189	32500.62382	137.00000	56000.93811	-62.55656	0.00000	-0.16696	56000.00000	-325.77500	0.00000	-0.46696
-45738.61144	32512.22886	137.00000	56020.93869	-62.61483	0.00000	-0.16690	56020.00000	-325.93799	0.00000	-0.46690
-45754.90101	32523.83389	137.00000	56040.93927	-62.67308	0.00000	-0.16685	56040.00000	-326.10096	0.00000	-0.46685
-45771.19058	32535.43890	137.00000	56060.93985	-62.73131	0.00000	-0.16679	56060.00000	-326.26391	0.00000	-0.46679
-45787.48017	32547.04389	137.00000	56080.94043	-62.78951	0.00000	-0.16673	56080.00000	-326.42684	0.00000	-0.46673
-45803.76977	32558.64887	137.00000	56100.94101	-62.84770	0.00000	-0.16667	56100.00000	-326.58975	0.00000	-0.46667
-45820.05938	32570.25383	137.00000	56120.94159	-62.90587	0.00000	-0.16662	56120.00000	-326.75264	0.00000	-0.46662
-45836.34900	32581.85877	137.00000	56140.94216	-62.96402	0.00000	-0.16656	56140.00000	-326.91551	0.00000	-0.46656
-45852.63864	32593.46370	137.00000	56160.94274	-63.02215	0.00000	-0.16650	56160.00000	-327.07836	0.00000	-0.46650
-45868.92828	32605.06861	137.00000	56180.94332	-63.08026	0.00000	-0.16644	56180.00000	-327.24119	0.00000	-0.46644
-45885.21794	32616.67351	137.00000	56200.94390	-63.13834	0.00000	-0.16639	56200.00000	-327.40400	0.00000	-0.46639
-45901.50761	32628.27839	137.00000	56220.94448	-63.19641	0.00000	-0.16633	56220.00000	-327.56679	0.00000	-0.46633
-45917.79729	32639.88325	137.00000	56240.94506	-63.25446	0.00000	-0.16627	56240.00000	-327.72956	0.00000	-0.46627
-45934.08698	32651.48809	137.00000	56260.94563	-63.31249	0.00000	-0.16622	56260.00000	-327.89231	0.00000	-0.46622
-45950.37668	32663.09292	137.00000	56280.94621	-63.37050	0.00000	-0.16616	56280.00000	-328.05504	0.00000	-0.46616
-45966.66640	32674.69774	137.00000	56300.94679	-63.42849	0.00000	-0.16610	56300.00000	-328.21775	0.00000	-0.46610
-45982.95612	32686.30253	137.00000	56320.94737	-63.48646	0.00000	-0.16604	56320.00000	-328.38044	0.00000	-0.46604
-45999.24586	32697.90731	137.00000	56340.94795	-63.54440	0.00000	-0.16599	56340.00000	-328.54311	0.00000	-0.46599
-46015.53561	32709.51208	137.00000	56360.94852	-63.60233	0.00000	-0.16593	56360.00000	-328.70576	0.00000	-0.46593
-46031.82537	32721.11682	137.00000	56380.94910	-63.66024	0.00000	-0.16587	56380.00000	-328.86839	0.00000	-0.46587
-46048.11514	32732.72155	137.00000	56400.94968	-63.71813	0.00000	-0.16581	56400.00000	-329.03100	0.00000	-0.46581
-46064.40492	32744.32627	137.00000	56420.95025	-63.77600	0.00000	-0.16576	56420.00000	-329.19359	0.00000	-0.46576
-46080.69472	32755.93097	137.00000	56440.95083	-63.83385	0.00000	-0.16570	56440.00000	-329.35616	0.00000	-0.46570
-46096.98452	32767.53565	137.00000	56460.95141	-63.89168	0.00000	-0.16564	56460.00000	-329.51871	0.00000	-0.46564
-46113.27434	32779.14031	137.00000	56480.95199	-63.94948	0.00000	-0.16559	56480.00000	-329.68124	0.00000	-0.46559
-46129.56417	32790.74496	137.00000	56500.95256	-64.00727	0.00000	-0.16553	56500.00000	-329.84375	0.00000	-0.46553
-46145.85401	32802.34960	137.00000	56520.95314	-64.06504	0.00000	-0.16547	56520.00000	-330.00624	0.00000	-0.46547
-46162.14386	32813.95421	137.00000	56540.95372	-64.12279	0.00000	-0.16541	56540.00000	-330.16871	0.00000	-0.46541
-46178.43373	32825.55881	137.00000	56560.95429	-64.18052	0.00000	-0.16536	56560.00000	-330.33116	0.00000	-0.46536
-46194.72360	32837.16340	137.00000	56580.95487	-64.23823	0.00000	-0.16530	56580.00000	-330.49359	0.00000	-0.46530
-46211.01349	32848.76796	137.00000	56600.95544	-64.29591	0.00000	-0.16524	56600.00000	-330.65600	0.00000	-0.46524
-46227.30339	32860.37251	137.00000	56620.95602	-64.35358	0.00000	-0.16518	56620.00000	-330.81839	0.00000	-0.46518
-46243.59329	32871.97705	137.00000	56640.95660	-64.41123	0.00000	-0.16513	56640.00000	-330.98076	0.00000	-0.46513
-46259.88322	32883.58157	137.00000	56660.95717	-64.46886	0.00000	-0.16507	56660.00000	-331.14311	0.00000	-0.46507
-46276.17315	32895.18607	137.00000	56680.95775	-64.52647	0.00000	-0.16501	56680.00000	-331.30544	0.00000	-0.46501
-46292.46309	32906.79055	137.00000	56700.95832	-64.58406	0.00000	-0.16496	56700.00000	-331.46775	0.00000	-0.46496
-46308.75305	32918.39502	137.00000	56720.95890	-64.64163	0.00000	-0.16490	56720.00000	-331.63004	0.00000	-0.46490
-46325.04301	32929.99948	137.00000	56740.95947	-64.69917	0.00000	-0.16484	56740.00000	-331.79231	0.00000	-0.46484
-46341.33299	32941.60391	137.00000	56760.96005	-64.75670	0.00000	-0.16478	56760.00000	-331.95456	0.00000	-0.46478
-46357.62298	32953.20833	137.00000	56780.96063	-64.81421	0.00000	-0.16473	56780.00000	-332.11679	0.00000	-0.46473
-46373.91298	32964.81273	137.00000	56800.96120	-64.87170	0.00000	-0.16467	56800.00000	-332.27900	0.00000	-0.46467
-46390.20299	32976.41712	137.00000	56820.96178	-64.92917	0.00000	-0.16461	56820.00000	-332.44119	0.00000	-0.46461
-46406.49302	32988.02149	137.00000	56840.96235	-64.98662	0.00000	-0.16455	56840.00000	-332.60336	0.00000	-0.46455
-46422.78305	32999.62585	137.00000	56860.96293	-65.04405	0.00000	-0.16450	56860.00000	-332.76551	0.00000	-0.46450
-46439.07310	33011.23018	137.00000	56880.96350	-65.10145	0.00000	-0.16444	56880.00000	-332.92764	0.00000	-0.46444
-46455.36316	33022.83451	137.00000	56900.96407	-65.15884	0.00000	-0.16438	56900.00000	-333.08975	0.00000	-0.46438
-46471.65323	33034.43881	137.00000	56920.96465	-65.21621	0.00000	-0.16432	56920.00000	-333.25184	0.00000	-0.46432
-46487.94331	33046.04310	137.00000	56940.96522	-65.27356	0.00000	-0.16427	56940.00000	-333.41391	0.00000	-0.46427
-46504.23340	33057.64737	137.00000	56960.96580	-65.33089	0.00000	-0.16421	56960.00000	-333.57596	0.00000	-0.46421
-46520.52351	33069.25163	137.00000	56980.96637	-65.38820	0.00000	-0.16415	56980.00000	-333.73799	0.00000	-0.46415
-46536.81362	33080.85587	137.00000	57000.96695	-65.44548	0.00000	-0.16410	57000.00000	-333.90000	0.00000	-0.46410
-46553.10375	33092.46009	137.00000	57020.96752	-65.50275	0.00000	-0.16404	57020.00000	-334.06199	0.00000	-0.46404
-46569.39389	33104.06430	137.00000	57040.96809	-65.56000	0.00000	-0.16398	57040.00000	-334.22396	0.00000	-0.46398
-46585.68404	33115.66849	137.00000	57060.96867	-65.61723	0.00000	-0.16392	57060.00000	-334.38591	0.00000	-0.46392
-46601.97420	33127.27266	137.00000	57080.96924	-65.67444	0.00000	-0.16387	57080.00000	-334.54784	0.00000	-0.46387
-46618.26437	33138.87682	137.00000	57100.96982	-65.73163	0.00000	-0.16381	57100.00000	-334.70975	0.00000	-0.46381
-46634.55456	33150.48096	137.00000	57120.97039	-65.78880	0.00000	-0.16375	57120.00000	-334.87164	0.00000	-0.46375
-46650.84476	33162.08509	137.00000	57140.97096	-65.84594	0.00000	-0.16369	57140.00000	-335.03351	0.00000	-0.46369
-46667.13496	33173.68919	137.00000	57160.97154	-65.90307	0.00000	-0.16364	57160.00000	-335.19536	0.00000	-0.46364
-46683.42518	33185.29329	137.00000	57180.97211	-65.96018	0.00000	-0.16358	57180.00000	-335.35719	0.00000	-0.46358
-46699.71541	33196.89736	137.00000	57200.97268	-66.01727	0.00000	-0.16352	57200.00000	-335.51900	0.00000	-0.46352
-46716.00565	33208.50142	137.00000	57220.97325	-66.07434	0.00000	-0.16347	57220.00000	-335.68079	0.00000	-0.46347
-46732.29591	33220.10546	137.00000	57240.97383	-66.13139	0.00000	-0.16341	57240.00000	-335.84256	0.00000	-0.46341
-46748.58617	33231.70949	137.00000	57260.97440	-66.18842	0.00000	-0.16335	57260.00000	-336.00431	0.00000	-0.46335
-46764.87645	33243.31350	137.00000	57280.97497	-66.24542	0.00000	-0.16329	57280.00000	-336.16604	0.00000	-0.46329
-46781.16674	33254.91749	137.00000	57300.97555	-66.30241	0.00000	-0.16324	57300.00000	-336.32775	0.00000	-0.46324
-46797.45704	33266.52147	137.00000	57320.97612	-66.35938	0.00000	-0.16318	57320.00000	-336.48944	0.00000	-0.46318
-46813.74735	33278.12543	137.00000	57340.97669	-66.41633	0.00000	-0.16312	57340.00000	-336.65111	0.00000	-0.46312
-46830.03767	33289.72938	137.00000	57360.97726	-66.47326	0.00000	-0.16306	57360.00000	-336.81276	0.00000	-0.46306
-46846.32800	33301.33331	137.00000	57380.97783	-66.53017	0.00000	-0.16301	57380.00000	-336.97439	0.00000	-0.46301
-46862.61835	33312.93722	137.00000	57400.97841	-66.58705	0.00000	-0.16295	57400.00000	-337.13600	0.00000	-0.46295
-46878.90870	33324.54111	137.00000	57420.97898	-66.64392	0.00000	-0.16289	57420.00000	-337.29759	0.00000	-0.46289
-46895.19907	33336.14499	137.00000	57440.97955	-66.70077	0.00000	-0.16284	57440.00000	-337.45916	0.00000	-0.46284
-46911.48945	33347.74886	137.00000	57460.98012	-66.75760	0.00000	-0.16278	57460.00000	-337.62071	0.00000	-0.46278
-46927.77984	33359.35270	137.00000	57480.98069	-66.81441	0.00000	-0.16272	57480.00000	-337.78224	0.00000	-0.46272
-46944.07025	33370.95653	137.00000	57500.98127	-66.87120	0.00000	-0.16266	57500.00000	-337.94375	0.00000	-0.46266
-46960.36066	33382.56035	137.00000	57520.98184	-66.92797	0.00000	-0.16261	57520.00000	-338.10524	0.00000	-0.46261
-46976.65109	33394.16414	137.00000	57540.98241	-66.98471	0.00000	-0.16255	57540.00000	-338.26671	0.00000	-0.46255
-46992.94152	33405.76792	137.00000	57560.98298	-67.04144	0.00000	-0.16249	57560.00000	-338.42816	0.00000	-0.46249
-47009.23197	33417.37169	137.00000	57580.98355	-67.09815	0.00000	-0.16243	57580.00000	-338.58959	0.00000	-0.46243
-47025.52243	33428.97544	137.00000	57600.98412	-67.15484	0.00000	-0.16238	57600.00000	-338.75100	0.00000	-0.46238
-47041.81290	33440.57917	137.00000	57620.98469	-67.21151	0.00000	-0.16232	57620.00000	-338.91239	0.00000	-0.46232
-47058.10339	33452.18288	137.00000	57640.98526	-67.26816	0.00000	-0.16226	57640.00000	-339.07376	0.00000	-0.46226
-47074.39388	33463.78658	137.00000	57660.98583	-67.32479	0.00000	-0.16221	57660.00000	-339.23511	0.00000	-0.46221
-47090.68439	33475.39026	137.00000	57680.98640	-67.38139	0.00000	-0.16215	57680.00000	-339.39644	0.00000	-0.46215
-47106.97490	33486.99393	137.00000	57700.98697	-67.43798	0.00000	-0.16209	57700.00000	-339.55775	0.00000	-0.46209
-47123.26543	33498.59758	137.00000	57720.98755	-67.49455	0.00000	-0.16203	57720.00000	-339.71904	0.00000	-0.46203
-47139.55597	33510.20121	137.00000	57740.98812	-67.55110	0.00000	-0.16198	57740.00000	-339.88031	0.00000	-0.46198
-47155.84652	33521.80483	137.00000	57760.98869	-67.60763	0.00000	-0.16192	57760.00000	-340.04156	0.00000	-0.46192
-47172.13709	33533.40843	137.00000	57780.98926	-67.66414	0.00000	-0.16186	57780.00000	-340.20279	0.00000	-0.46186
-47188.42766	33545.01202	137.00000	57800.98983	-67.72062	0.00000	-0.16180	57800.00000	-340.36400	0.00000	-0.46180
-47204.71825	33556.61558	137.00000	57820.99040	-67.77709	0.00000	-0.16175	57820.00000	-340.52519	0.00000	-0.46175
-47221.00884	33568.21913	137.00000	57840.99097	-67.83354	0.00000	-0.16169	57840.00000	-340.68636	0.00000	-0.46169
-47237.29945	33579.82267	137.00000	57860.99153	-67.88997	0.00000	-0.16163	57860.00000	-340.84751	0.00000	-0.46163
-47253.59007	33591.42619	137.00000	57880.99210	-67.94638	0.00000	-0.16157	57880.00000	-341.00864	0.00000	-0.46157
-47269.88071	33603.02969	137.00000	57900.99267	-68.00277	0.00000	-0.16152	57900.00000	-341.16975	0.00000	-0.46152
-47286.17135	33614.63318	137.00000	57920.99324	-68.05914	0.00000	-0.16146	57920.00000	-341.33084	0.00000	-0.46146
-47302.46200	33626.23665	137.00000	57940.99381	-68.11548	0.00000	-0.16140	57940.00000	-341.49191	0.00000	-0.46140
-47318.75267	33637.84010	137.00000	57960.99438	-68.17181	0.00000	-0.16135	57960.00000	-341.65296	0.00000	-0.46135
-47335.04335	33649.44354	137.00000	57980.99495	-68.22812	0.00000	-0.16129	57980.00000	-341.81399	0.00000	-0.46129
-47351.33404	33661.04696	137.00000	58000.99552	-68.28441	0.00000	-0.16123	58000.00000	-341.97500	0.00000	-0.46123
-47367.62474	33672.65036	137.00000	58020.99609	-68.34068	0.00000	-0.16117	58020.00000	-342.13599	0.00000	-0.46117
-47383.91545	33684.25375	137.00000	58040.99666	-68.39693	0.00000	-0.16112	58040.00000	-342.29696	0.00000	-0.46112
-47400.20618	33695.85712	137.00000	58060.99723	-68.45316	0.00000	-0.16106	58060.00000	-342.45791	0.00000	-0.46106
-47416.49691	33707.46047	137.00000	58080.99779	-68.50936	0.00000	-0.16100	58080.00000	-342.61884	0.00000	-0.46100
-47432.78766	33719.06381	137.00000	58100.99836	-68.56555	0.00000	-0.16094	58100.00000	-342.77975	0.00000	-0.46094
-47449.07842	33730.66713	137.00000	58120.99893	-68.62172	0.00000	-0.16089	58120.00000	-342.94064	0.00000	-0.46089
-47465.36918	33742.27044	137.00000	58140.99950	-68.67787	0.00000	-0.16083	58140.00000	-343.10151	0.00000	-0.46083
-47481.65997	33753.87373	137.00000	58161.00007	-68.73400	0.00000	-0.16077	58160.00000	-343.26236	0.00000	-0.46077
-47497.95076	33765.47700	137.00000	58181.00063	-68.79011	0.00000	-0.16072	58180.00000	-343.42319	0.00000	-0.46072
-47514.24156	33777.08026	137.00000	58201.00120	-68.84620	0.00000	-0.16066	58200.00000	-343.58400	0.00000	-0.46066
-47530.53238	33788.68350	137.00000	58221.00177	-68.90226	0.00000	-0.16060	58220.00000	-343.74479	0.00000	-0.46060
-47546.82321	33800.28672	137.00000	58241.00234	-68.95831	0.00000	-0.16054	58240.00000	-343.90556	0.00000	-0.46054
-47563.11404	33811.88993	137.00000	58261.00291	-69.01434	0.00000	-0.16049	58260.00000	-344.06631	0.00000	-0.46049
-47579.40489	33823.49312	137.00000	58281.00347	-69.07035	0.00000	-0.16043	58280.00000	-344.22704	0.00000	-0.46043
-47595.69575	33835.09630	137.00000	58301.00404	-69.12634	0.00000	-0.16037	58300.00000	-344.38775	0.00000	-0.46037
-47611.98663	33846.69945	137.00000	58321.00461	-69.18231	0.00000	-0.16031	58320.00000	-344.54844	0.00000	-0.46031
-47628.27751	33858.30260	137.00000	58341.00517	-69.23825	0.00000	-0.16026	58340.00000	-344.70911	0.00000	-0.46026
-47644.56841	33869.90572	137.00000	58361.00574	-69.29418	0.00000	-0.16020	58360.00000	-344.86976	0.00000	-0.46020
-47660.85932	33881.50883	137.00000	58381.00631	-69.35009	0.00000	-0.16014	58380.00000	-345.03039	0.00000	-0.46014
-47677.15023	33893.11192	137.00000	58401.00687	-69.40598	0.00000	-0.16009	58400.00000	-345.19100	0.00000	-0.46009
-47693.44116	33904.71500	137.00000	58421.00744	-69.46185	0.00000	-0.16003	58420.00000	-345.35159	0.00000	-0.46003
-47709.73211	33916.31806	137.00000	58441.00801	-69.51770	0.00000	-0.15997	58440.00000	-345.51216	0.00000	-0.45997
-47726.02306	33927.92110	137.00000	58461.00857	-69.57353	0.00000	-0.15991	58460.00000	-345.67271	0.00000	-0.45991
-47742.31402	33939.52413	137.00000	58481.00914	-69.62933	0.00000	-0.15986	58480.00000	-345.83324	0.00000	-0.45986
-47758.60500	33951.12714	137.00000	58501.00971	-69.68512	0.00000	-0.15980	58500.00000	-345.99375	0.00000	-0.45980
-47774.89599	33962.73014	137.00000	58521.01027	-69.74089	0.00000	-0.15974	58520.00000	-346.15424	0.00000	-0.45974
-47791.18699	33974.33311	137.00000	58541.01084	-69.79664	0.00000	-0.15968	58540.00000	-346.31471	0.00000	-0.45968
-47807.47800	33985.93608	137.00000	58561.01141	-69.85237	0.00000	-0.15963	58560.00000	-346.47516	0.00000	-0.45963
-47823.76902	33997.53902	137.00000	58581.01197	-69.90808	0.00000	-0.15957	58580.00000	-346.63559	0.00000	-0.45957
-47840.06005	34009.14195	137.00000	58601.01254	-69.96377	0.00000	-0.15951	58600.00000	-346.79600	0.00000	-0.45951
-47856.35110	34020.74486	137.00000	58621.01310	-70.01943	0.00000	-0.15945	58620.00000	-346.95639	0.00000	-0.45945
-47872.64215	34032.34776	137.00000	58641.01367	-70.07508	0.00000	-0.15940	58640.00000	-347.11676	0.00000	-0.45940
-47888.93322	34043.95064	137.00000	58661.01423	-70.13071	0.00000	-0.15934	58660.00000	-347.27711	0.00000	-0.45934
-47905.22430	34055.55350	137.00000	58681.01480	-70.18632	0.00000	-0.15928	58680.00000	-347.43744	0.00000	-0.45928
-47921.51539	34067.15635	137.00000	58701.01536	-70.24191	0.00000	-0.15923	58700.00000	-347.59775	0.00000	-0.45923
-47937.80649	34078.75918	137.00000	58721.01593	-70.29748	0.00000	-0.15917	58720.00000	-347.75804	0.00000	-0.45917
-47954.09761	34090.36199	137.00000	58741.01649	-70.35303	0.00000	-0.15911	58740.00000	-347.91831	0.00000	-0.45911
-47970.38873	34101.96479	137.00000	58761.01706	-70.40855	0.00000	-0.15905	58760.00000	-348.07856	0.00000	-0.45905
-47986.67987	34113.56757	137.00000	58781.01762	-70.46406	0.00000	-0.15900	58780.00000	-348.23879	0.00000	-0.45900
-48002.97102	34125.17034	137.00000	58801.01819	-70.51955	0.00000	-0.15894	58800.00000	-348.39900	0.00000	-0.45894
-48019.26218	34136.77309	137.00000	58821.01875	-70.57502	0.00000	-0.15888	58820.00000	-348.55919	0.00000	-0.45888
-48035.55335	34148.37582	137.00000	58841.01932	-70.63047	0.00000	-0.15882	58840.00000	-348.71936	0.00000	-0.45882
-48051.84453	34159.97854	137.00000	58861.01988	-70.68590	0.00000	-0.15877	58860.00000	-348.87951	0.00000	-0.45877
-48068.13573	34171.58123	137.00000	58881.02045	-70.74131	0.00000	-0.15871	58880.00000	-349.03964	0.00000	-0.45871
-48084.42693	34183.18392	137.00000	58901.02101	-70.79669	0.00000	-0.15865	58900.00000	-349.19975	0.00000	-0.45865
-48100.71815	34194.78658	137.00000	58921.02157	-70.85206	0.00000	-0.15860	58920.00000	-349.35984	0.00000	-0.45860
-48117.00938	34206.38924	137.00000	58941.02214	-70.90741	0.00000	-0.15854	58940.00000	-349.51991	0.00000	-0.45854
-48133.30062	34217.99187	137.00000	58961.02270	-70.96274	0.00000	-0.15848	58960.00000	-349.67996	0.00000	-0.45848
-48149.59187	34229.59449	137.00000	58981.02327	-71.01805	0.00000	-0.15842	58980.00000	-349.83999	0.00000	-0.45842
-48165.88313	34241.19709	137.00000	59001.02383	-71.07334	0.00000	-0.15837	59000.00000	-350.00000	0.00000	-0.45837
-48182.17441	34252.79967	137.00000	59021.02439	-71.12860	0.00000	-0.15831	59020.00000	-350.15999	0.00000	-0.45831
-48198.46569	34264.40224	137.00000	59041.02496	-71.18385	0.00000	-0.15825	59040.00000	-350.31996	0.00000	-0.45825
-48214.75699	34276.00479	137.00000	59061.02552	-71.23908	0.00000	-0.15819	59060.00000	-350.47991	0.00000	-0.45819
-48231.04830	34287.60733	137.00000	59081.02608	-71.29429	0.00000	-0.15814	59080.00000	-350.63984	0.00000	-0.45814
-48247.33962	34299.20985	137.00000	59101.02665	-71.34948	0.00000	-0.15808	59100.00000	-350.79975	0.00000	-0.45808
-48263.63095	34310.81235	137.00000	59121.02721	-71.40465	0.00000	-0.15802	59120.00000	-350.95964	0.00000	-0.45802
-48279.92229	34322.41484	137.00000	59141.02777	-71.45980	0.00000	-0.15797	59140.00000	-351.11951	0.00000	-0.45797
-48296.21365	34334.01731	137.00000	59161.02834	-71.51492	0.00000	-0.15791	59160.00000	-351.27936	0.00000	-0.45791
-48312.50501	34345.61976	137.00000	59181.02890	-71.57003	0.00000	-0.15785	59180.00000	-351.43919	0.00000	-0.45785
-48328.79639	34357.22220	137.00000	59201.02946	-71.62512	0.00000	-0.15779	59200.00000	-351.59900	0.00000	-0.45779
-48345.08778	34368.82462	137.00000	59221.03002	-71.68019	0.00000	-0.15774	59220.00000	-351.75879	0.00000	-0.45774
-48361.37918	34380.42702	137.00000	59241.03059	-71.73524	0.00000	-0.15768	59240.00000	-351.91856	0.00000	-0.45768
-48377.67059	34392.02941	137.00000	59261.03115	-71.79027	0.00000	-0.15762	59260.00000	-352.07831	0.00000	-0.45762
-48393.96202	34403.63179	137.00000	59281.03171	-71.84528	0.00000	-0.15756	59280.00000	-352.23804	0.00000	-0.45756
-48410.25345	34415.23414	137.00000	59301.03227	-71.90026	0.00000	-0.15751	59300.00000	-352.39775	0.00000	-0.45751
-48426.54490	34426.83648	137.00000	59321.03283	-71.95523	0.00000	-0.15745	59320.00000	-352.55744	0.00000	-0.45745
-48442.83636	34438.43880	137.00000	59341.03340	-72.01018	0.00000	-0.15739	59340.00000	-352.71711	0.00000	-0.45739
-48459.12783	34450.04111	137.00000	59361.03396	-72.06511	0.00000	-0.15733	59360.00000	-352.87676	0.00000	-0.45733
-48475.41931	34461.64340	137.00000	59381.03452	-72.12002	0.00000	-0.15728	59380.00000	-353.03639	0.00000	-0.45728
-48491.71080	34473.24567	137.00000	59401.03508	-72.17491	0.00000	-0.15722	59400.00000	-353.19600	0.00000	-0.45722
-48508.00230	34484.84793	137.00000	59421.03564	-72.22978	0.00000	-0.15716	59420.00000	-353.35559	0.00000	-0.45716
-48524.29382	34496.45017	137.00000	59441.03620	-72.28462	0.00000	-0.15711	59440.00000	-353.51516	0.00000	-0.45711
-48540.58534	34508.05239	137.00000	59461.03677	-72.33945	0.00000	-0.15705	59460.00000	-353.67471	0.00000	-0.45705
-48556.87688	34519.65460	137.00000	59481.03733	-72.39426	0.00000	-0.15699	59480.00000	-353.83424	0.00000	-0.45699
-48573.16843	34531.25679	137.00000	59501.03789	-72.44905	0.00000	-0.15693	59500.00000	-353.99375	0.00000	-0.45693
-48589.45999	34542.85897	137.00000	59521.03845	-72.50382	0.00000	-0.15688	59520.00000	-354.15324	0.00000	-0.45688
-48605.75157	34554.46113	137.00000	59541.03901	-72.55857	0.00000	-0.15682	59540.00000	-354.31271	0.00000	-0.45682
-48622.04315	34566.06327	137.00000	59561.03957	-72.61330	0.00000	-0.15676	59560.00000	-354.47216	0.00000	-0.45676
-48638.33475	34577.66540	137.00000	59581.04013	-72.66800	0.00000	-0.15670	59580.00000	-354.63159	0.00000	-0.45670
-48654.62635	34589.26751	137.00000	59601.04069	-72.72269	0.00000	-0.15665	59600.00000	-354.79100	0.00000	-0.45665
-48670.91797	34600.86960	137.00000	59621.04125	-72.77736	0.00000	-0.15659	59620.00000	-354.95039	0.00000	-0.45659
-48687.20960	34612.47168	137.00000	59641.04181	-72.83201	0.00000	-0.15653	59640.00000	-355.10976	0.00000	-0.45653
-48703.50124	34624.07374	137.00000	59661.04237	-72.88664	0.00000	-0.15648	59660.00000	-355.26911	0.00000	-0.45648
-48719.79290	34635.67578	137.00000	59681.04293	-72.94125	0.00000	-0.15642	59680.00000	-355.42844	0.00000	-0.45642
-48736.08456	34647.27781	137.00000	59701.04349	-72.99583	0.00000	-0.15636	59700.00000	-355.58775	0.00000	-0.45636
-48752.37624	34658.87982	137.00000	59721.04405	-73.05040	0.00000	-0.15630	59720.00000	-355.74704	0.00000	-0.45630
-48768.66792	34670.48182	137.00000	59741.04461	-73.10495	0.00000	-0.15625	59740.00000	-355.90631	0.00000	-0.45625
-48784.95962	34682.08380	137.00000	59761.04517	-73.15948	0.00000	-0.15619	59760.00000	-356.06556	0.00000	-0.45619
-48801.25133	34693.68576	137.00000	59781.04573	-73.21399	0.00000	-0.15613	59780.00000	-356.22479	0.00000	-0.45613
-48817.54306	34705.28770	137.00000	59801.04629	-73.26848	0.00000	-0.15607	59800.00000	-356.38400	0.00000	-0.45607
-48833.83479	34716.88963	137.00000	59821.04685	-73.32295	0.00000	-0.15602	59820.00000	-356.54319	0.00000	-0.45602
-48850.12653	34728.49155	137.00000	59841.04741	-73.37739	0.00000	-0.15596	59840.00000	-356.70236	0.00000	-0.45596
-48866.41829	34740.09344	137.00000	59861.04797	-73.43182	0.00000	-0.15590	59860.00000	-356.86151	0.00000	-0.45590
-48882.71006	34751.69532	137.00000	59881.04853	-73.48623	0.00000	-0.15585	59880.00000	-357.02064	0.00000	-0.45585
-48899.00184	34763.29719	137.00000	59901.04909	-73.54062	0.00000	-0.15579	59900.00000	-357.17975	0.00000	-0.45579
-48915.29363	34774.89904	137.00000	59921.04964	-73.59499	0.00000	-0.15573	59920.00000	-357.33884	0.00000	-0.45573
-48931.58543	34786.50087	137.00000	59941.05020	-73.64934	0.00000	-0.15567	59940.00000	-357.49791	0.00000	-0.45567
-48947.87724	34798.10268	137.00000	59961.05076	-73.70367	0.00000	-0.15562	59960.00000	-357.65696	0.00000	-0.45562
-48964.16907	34809.70448	137.00000	59981.05132	-73.75797	0.00000	-0.15556	59980.00000	-357.81599	0.00000	-0.45556
-48980.46090	34821.30626	137.00000	60001.05188	-73.81226	0.00000	-0.15550	60000.00000	-357.97500	0.00000	-0.45550
-48996.75275	34832.90803	137.00000	60021.05244	-73.86653	0.00000	-0.15544	60020.00000	-358.13399	0.00000	-0.45544
-49013.04461	34844.50978	137.00000	60041.05300	-73.92078	0.00000	-0.15539	60040.00000	-358.29296	0.00000	-0.45539
-49029.33648	34856.11151	137.00000	60061.05355	-73.97501	0.00000	-0.15533	60060.00000	-358.45191	0.00000	-0.45533
-49045.62836	34867.71323	137.00000	60081.05411	-74.02922	0.00000	-0.15527	60080.00000	-358.61084	0.00000	-0.45527
-49061.92026	34879.31493	137.00000	60101.05467	-74.08341	0.00000	-0.15521	60100.00000	-358.76975	0.00000	-0.45521
-49078.21216	34890.91661	137.00000	60121.05523	-74.13757	0.00000	-0.15516	60120.00000	-358.92864	0.00000	-0.45516
-49094.50408	34902.51828	137.00000	60141.05578	-74.19172	0.00000	-0.15510	60140.00000	-359.08751	0.00000	-0.45510
-49110.79601	34914.11993	137.00000	60161.05634	-74.24585	0.00000	-0.15504	60160.00000	-359.24636	0.00000	-0.45504
-49127.08795	34925.72156	137.00000	60181.05690	-74.29996	0.00000	-0.15499	60180.00000	-359.40519	0.00000	-0.45499
-49143.37990	34937.32318	137.00000	60201.05746	-74.35405	0.00000	-0.15493	60200.00000	-359.56400	0.00000	-0.45493
-49159.67186	34948.92478	137.00000	60221.05801	-74.40812	0.00000	-0.15487	60220.00000	-359.72279	0.00000	-0.45487
-49175.96384	34960.52637	137.00000	60241.05857	-74.46217	0.00000	-0.15481	60240.00000	-359.88156	0.00000	-0.45481
-49192.25582	34972.12794	137.00000	60261.05913	-74.51619	0.00000	-0.15476	60260.00000	-360.04031	0.00000	-0.45476
-49208.54782	34983.72949	137.00000	60281.05969	-74.57020	0.00000	-0.15470	60280.00000	-360.19904	0.00000	-0.45470
-49224.83983	34995.33103	137.00000	60301.06024	-74.62419	0.00000	-0.15464	60300.00000	-360.35775	0.00000	-0.45464
-49241.13185	35006.93255	137.00000	60321.06080	-74.67816	0.00000	-0.15458	60320.00000	-360.51644	0.00000	-0.45458
-49257.42388	35018.53405	137.00000	60341.06136	-74.73211	0.00000	-0.15453	60340.00000	-360.67511	0.00000	-0.45453
-49273.71592	35030.13554	137.00000	60361.06191	-74.78604	0.00000	-0.15447	60360.00000	-360.83376	0.00000	-0.45447
-49290.00798	35041.73701	137.00000	60381.06247	-74.83995	0.00000	-0.15441	60380.00000	-360.99239	0.00000	-0.45441
-49306.30004	35053.33846	137.00000	60401.06303	-74.89383	0.00000	-0.15436	60400.00000	-361.15100	0.00000	-0.45436
-49322.59212	35064.93990	137.00000	60421.06358	-74.94770	0.00000	-0.15430	60420.00000	-361.30959	0.00000	-0.45430
-49338.88421	35076.54132	137.00000	60441.06414	-75.00155	0.00000	-0.15424	60440.00000	-361.46816	0.00000	-0.45424
-49355.17631	35088.14273	137.00000	60461.06469	-75.05538	0.00000	-0.15418	60460.00000	-361.62671	0.00000	-0.45418
-49371.46842	35099.74412	137.00000	60481.06525	-75.10919	0.00000	-0.15413	60480.00000	-361.78524	0.00000	-0.45413
-49387.76054	35111.34549	137.00000	60501.06581	-75.16298	0.00000	-0.15407	60500.00000	-361.94375	0.00000	-0.45407
-49404.05268	35122.94685	137.00000	60521.06636	-75.21675	0.00000	-0.15401	60520.00000	-362.10224	0.00000	-0.45401
-49420.34483	35134.54819	137.00000	60541.06692	-75.27049	0.00000	-0.15395	60540.00000	-362.26071	0.00000	-0.45395
-49436.63698	35146.14951	137.00000	60561.06747	-75.32422	0.00000	-0.15390	60560.00000	-362.41916	0.00000	-0.45390
-49452.92915	35157.75082	137.00000	60581.06803	-75.37793	0.00000	-0.15384	60580.00000	-362.57759	0.00000	-0.45384
-49469.22133	35169.35211	137.00000	60601.06858	-75.43162	0.00000	-0.15378	60600.00000	-362.73600	0.00000	-0.45378
-49485.51353	35180.95338	137.00000	60621.06914	-75.48529	0.00000	-0.15373	60620.00000	-362.89439	0.00000	-0.45373
-49501.80573	35192.55464	137.00000	60641.06969	-75.53894	0.00000	-0.15367	60640.00000	-363.05276	0.00000	-0.45367
-49518.09794	35204.15588	137.00000	60661.07025	-75.59257	0.00000	-0.15361	60660.00000	-363.21111	0.00000	-0.45361
-49534.39017	35215.75711	137.00000	60681.07080	-75.64617	0.00000	-0.15355	60680.00000	-363.36944	0.00000	-0.45355
-49550.68241	35227.35831	137.00000	60701.07136	-75.69976	0.00000	-0.15350	60700.00000	-363.52775	0.00000	-0.45350
-49566.97466	35238.95951	137.00000	60721.07191	-75.75333	0.00000	-0.15344	60720.00000	-363.68604	0.00000	-0.45344
-49583.26692	35250.56068	137.00000	60741.07247	-75.80688	0.00000	-0.15338	60740.00000	-363.84431	0.00000	-0.45338
-49599.55919	35262.16184	137.00000	60761.07302	-75.86041	0.00000	-0.15332	60760.00000	-364.00256	0.00000	-0.45332
-49615.85147	35273.76298	137.00000	60781.07358	-75.91392	0.00000	-0.15327	60780.00000	-364.16079	0.00000	-0.45327
-49632.14377	35285.36411	137.00000	60801.07413	-75.96741	0.00000	-0.15321	60800.00000	-364.31900	0.00000	-0.45321
-49648.43608	35296.96522	137.00000	60821.07468	-76.02087	0.00000	-0.15315	60820.00000	-364.47719	0.00000	-0.45315
-49664.72840	35308.56632	137.00000	60841.07524	-76.07432	0.00000	-0.15310	60840.00000	-364.63536	0.00000	-0.45310
-49681.02073	35320.16739	137.00000	60861.07579	-76.12775	0.00000	-0.15304	60860.00000	-364.79351	0.00000	-0.45304
-49697.31307	35331.76845	137.00000	60881.07635	-76.18116	0.00000	-0.15298	60880.00000	-364.95164	0.00000	-0.45298
-49713.60542	35343.36950	137.00000	60901.07690	-76.23455	0.00000	-0.15292	60900.00000	-365.10975	0.00000	-0.45292
-49729.89778	35354.97053	137.00000	60921.07745	-76.28792	0.00000	-0.15287	60920.00000	-365.26784	0.00000	-0.45287
-49746.19016	35366.57154	137.00000	60941.07801	-76.34126	0.00000	-0.15281	60940.00000	-365.42591	0.00000	-0.45281
-49762.48255	35378.17254	137.00000	60961.07856	-76.39459	0.00000	-0.15275	60960.00000	-365.58396	0.00000	-0.45275
-49778.77494	35389.77352	137.00000	60981.07911	-76.44790	0.00000	-0.15269	60980.00000	-365.74199	0.00000	-0.45269
-49795.06735	35401.37448	137.00000	61001.07967	-76.50119	0.00000	-0.15264	61000.00000	-365.90000	0.00000	-0.45264
-49811.35978	35412.97542	137.00000	61021.08022	-76.55446	0.00000	-0.15258	61020.00000	-366.05799	0.00000	-0.45258
-49827.65221	35424.57635	137.00000	61041.08077	-76.60771	0.00000	-0.15252	61040.00000	-366.21596	0.00000	-0.45252
-49843.94465	35436.17727	137.00000	61061.08133	-76.66094	0.00000	-0.15246	61060.00000	-366.37391	0.00000	-0.45246
-49860.23711	35447.77817	137.00000	61081.08188	-76.71414	0.00000	-0.15241	61080.00000	-366.53184	0.00000	-0.45241
-49876.52958	35459.37905	137.00000	61101.08243	-76.76733	0.00000	-0.15235	61100.00000	-366.68975	0.00000	-0.45235
-49892.82206	35470.97991	137.00000	61121.08298	-76.82050	0.00000	-0.15229	61120.00000	-366.84764	0.00000	-0.45229
-49909.11455	35482.58076	137.00000	61141.08354	-76.87365	0.00000	-0.15224	61140.00000	-367.00551	0.00000	-0.45224
-49925.40705	35494.18159	137.00000	61161.08409	-76.92678	0.00000	-0.15218	61160.00000	-367.16336	0.00000	-0.45218
-49941.69956	35505.78241	137.00000	61181.08464	-76.97989	0.00000	-0.15212	61180.00000	-367.32119	0.00000	-0.45212
-49957.99209	35517.38321	137.00000	61201.08519	-77.03298	0.00000	-0.15206	61200.00000	-367.47900	0.00000	-0.45206
-49974.28462	35528.98399	137.00000	61221.08574	-77.08604	0.00000	-0.15201	61220.00000	-367.63679	0.00000	-0.45201
-49990.57717	35540.58476	137.00000	61241.08630	-77.13909	0.00000	-0.15195	61240.00000	-367.79456	0.00000	-0.45195
-50006.86973	35552.18551	137.00000	61261.08685	-77.19212	0.00000	-0.15189	61260.00000	-367.95231	0.00000	-0.45189
-50023.16230	35563.78624	137.00000	61281.08740	-77.24513	0.00000	-0.15183	61280.00000	-368.11004	0.00000	-0.45183
-50039.45488	35575.38696	137.00000	61301.08795	-77.29812	0.00000	-0.15178	61300.00000	-368.26775	0.00000	-0.45178
-50055.74748	35586.98766	137.00000	61321.08850	-77.35109	0.00000	-0.15172	61320.00000	-368.42544	0.00000	-0.45172
-50072.04008	35598.58834	137.00000	61341.08905	-77.40404	0.00000	-0.15166	61340.00000	-368.58311	0.00000	-0.45166
-50088.33270	35610.18901	137.00000	61361.08961	-77.45696	0.00000	-0.15161	61360.00000	-368.74076	0.00000	-0.45161
-50104.62533	35621.78966	137.00000	61381.09016	-77.50987	0.00000	-0.15155	61380.00000	-368.89839	0.00000	-0.45155
-50120.91797	35633.39030	137.00000	61401.09071	-77.56276	0.00000	-0.15149	61400.00000	-369.05600	0.00000	-0.45149
-50137.21062	35644.99092	137.00000	61421.09126	-77.61563	0.00000	-0.15143	61420.00000	-369.21359	0.00000	-0.45143
-50153.50328	35656.59152	137.00000	61441.09181	-77.66848	0.00000	-0.15138	61440.00000	-369.37116	0.00000	-0.45138
-50169.79595	35668.19210	137.00000	61461.09236	-77.72131	0.00000	-0.15132	61460.00000	-369.52871	0.00000	-0.45132
-50186.08864	35679.79267	137.00000	61481.09291	-77.77412	0.00000	-0.15126	61480.00000	-369.68624	0.00000	-0.45126
-50202.38133	35691.39323	137.00000	61501.09346	-77.82690	0.00000	-0.15120	61500.00000	-369.84375	0.00000	-0.45120
-50218.67404	35702.99376	137.00000	61521.09401	-77.87967	0.00000	-0.15115	61520.00000	-370.00124	0.00000	-0.45115
-50234.96676	35714.59428	137.00000	61541.09456	-77.93242	0.00000	-0.15109	61540.00000	-370.15871	0.00000	-0.45109
-50251.25949	35726.19479	137.00000	61561.09511	-77.98515	0.00000	-0.15103	61560.00000	-370.31616	0.00000	-0.45103
-50267.55224	35737.79528	137.00000	61581.09566	-78.03786	0.00000	-0.15098	61580.00000	-370.47359	0.00000	-0.45098
-50283.84499	35749.39575	137.00000	61601.09621	-78.09055	0.00000	-0.15092	61600.00000	-370.63100	0.00000	-0.45092
-50300.13776	35760.99620	137.00000	61621.09676	-78.14322	0.00000	-0.15086	61620.00000	-370.78839	0.00000	-0.45086
-50316.43053	35772.59664	137.00000	61641.09731	-78.19586	0.00000	-0.15080	61640.00000	-370.94576	0.00000	-0.45080
-50332.72332	35784.19706	137.00000	61661.09786	-78.24849	0.00000	-0.15075	61660.00000	-371.10311	0.00000	-0.45075
-50349.01612	35795.79747	137.00000	61681.09841	-78.30110	0.00000	-0.15069	61680.00000	-371.26044	0.00000	-0.45069
-50365.30893	35807.39786	137.00000	61701.09896	-78.35369	0.00000	-0.15063	61700.00000	-371.41775	0.00000	-0.45063
-50381.60176	35818.99823	137.00000	61721.09951	-78.40626	0.00000	-0.15057	61720.00000	-371.57504	0.00000	-0.45057
-50397.89459	35830.59859	137.00000	61741.10006	-78.45881	0.00000	-0.15052	61740.00000	-371.73231	0.00000	-0.45052
-50414.18744	35842.19893	137.00000	61761.10061	-78.51134	0.00000	-0.15046	61760.00000	-371.88956	0.00000	-0.45046
-50430.48030	35853.79925	137.00000	61781.10116	-78.56384	0.00000	-0.15040	61780.00000	-372.04679	0.00000	-0.45040
-50446.77316	35865.39956	137.00000	61801.10171	-78.61633	0.00000	-0.15034	61800.00000	-372.20400	0.00000	-0.45034
-50463.06604	35876.99985	137.00000	61821.10226	-78.66880	0.00000	-0.15029	61820.00000	-372.36119	0.00000	-0.45029
-50479.35894	35888.60013	137.00000	61841.10281	-78.72125	0.00000	-0.15023	61840.00000	-372.51836	0.00000	-0.45023
-50495.65184	35900.20039	137.00000	61861.10335	-78.77368	0.00000	-0.15017	61860.00000	-372.67551	0.00000	-0.45017
-50511.94475	35911.80063	137.00000	61881.10390	-78.82609	0.00000	-0.15012	61880.00000	-372.83264	0.00000	-0.45012
-50528.23768	35923.40085	137.00000	61901.10445	-78.87848	0.00000	-0.15006	61900.00000	-372.98975	0.00000	-0.45006
-50544.53062	35935.00106	137.00000	61921.10500	-78.93084	0.00000	-0.15000	61920.00000	-373.14684	0.00000	-0.45000
-50560.82357	35946.60126	137.00000	61941.10555	-78.98319	0.00000	-0.14994	61940.00000	-373.30391	0.00000	-0.44994
-50577.11653	35958.20143	137.00000	61961.10610	-79.03552	0.00000	-0.14989	61960.00000	-373.46096	0.00000	-0.44989
-50593.40950	35969.80159	137.00000	61981.10664	-79.08783	0.00000	-0.14983	61980.00000	-373.61799	0.00000	-0.44983
-50609.70248	35981.40174	137.00000	62001.10719	-79.14012	0.00000	-0.14977	62000.00000	-373.77500	0.00000	-0.44977
-50625.99548	35993.00186	137.00000	62021.10774	-79.19239	0.00000	-0.14971	62020.00000	-373.93199	0.00000	-0.44971
-50642.28849	36004.60198	137.00000	62041.10829	-79.24464	0.00000	-0.14966	62040.00000	-374.08896	0.00000	-0.44966
-50658.58150	36016.20207	137.00000	62061.10883	-79.29686	0.00000	-0.14960	62060.00000	-374.24591	0.00000	-0.44960
-50674.87453	36027.80215	137.00000	62081.10938	-79.34907	0.00000	-0.14954	62080.00000	-374.40284	0.00000	-0.44954
-50691.16758	36039.40221	137.00000	62101.10993	-79.40126	0.00000	-0.14949	62100.00000	-374.55975	0.00000	-0.44949
-50707.46063	36051.00226	137.00000	62121.11048	-79.45343	0.00000	-0.14943	62120.00000	-374.71664	0.00000	-0.44943
-50723.75369	36062.60228	137.00000	62141.11102	-79.50558	0.00000	-0.14937	62140.00000	-374.87351	0.00000	-0.44937
-50740.04677	36074.20230	137.00000	62161.11157	-79.55771	0.00000	-0.14931	62160.00000	-375.03036	0.00000	-0.44931
-50756.33985	36085.80229	137.00000	62181.11212	-79.60982	0.00000	-0.14926	62180.00000	-375.18719	0.00000	-0.44926
-50772.63295	36097.40227	137.00000	62201.11267	-79.66190	0.00000	-0.14920	62200.00000	-375.34400	0.00000	-0.44920
-50788.92606	36109.00224	137.00000	62221.11321	-79.71397	0.00000	-0.14914	62220.00000	-375.50079	0.00000	-0.44914
-50805.21918	36120.60218	137.00000	62241.11376	-79.76602	0.00000	-0.14908	62240.00000	-375.65756	0.00000	-0.44908
-50821.51232	36132.20212	137.00000	62261.11431	-79.81805	0.00000	-0.14903	62260.00000	-375.81431	0.00000	-0.44903
-50837.80546	36143.80203	137.00000	62281.11485	-79.87006	0.00000	-0.14897	62280.00000	-375.97104	0.00000	-0.44897
-50854.09862	36155.40193	137.00000	62301.11540	-79.92205	0.00000	-0.14891	62300.00000	-376.12775	0.00000	-0.44891
-50870.39178	36167.00181	137.00000	62321.11594	-79.97402	0.00000	-0.14886	62320.00000	-376.28444	0.00000	-0.44886
-50886.68496	36178.60167	137.00000	62341.11649	-80.02596	0.00000	-0.14880	62340.00000	-376.44111	0.00000	-0.44880
-50902.97815	36190.20152	137.00000	62361.11704	-80.07789	0.00000	-0.14874	62360.00000	-376.59776	0.00000	-0.44874
-50919.27135	36201.80136	137.00000	62381.11758	-80.12980	0.00000	-0.14868	62380.00000	-376.75439	0.00000	-0.44868
-50935.56457	36213.40117	137.00000	62401.11813	-80.18169	0.00000	-0.14863	62400.00000	-376.91100	0.00000	-0.44863
-50951.85779	36225.00097	137.00000	62421.11867	-80.23356	0.00000	-0.14857	62420.00000	-377.06759	0.00000	-0.44857
-50968.15103	36236.60076	137.00000	62441.11922	-80.28541	0.00000	-0.14851	62440.00000	-377.22416	0.00000	-0.44851
-50984.44427	36248.20052	137.00000	62461.11977	-80.33724	0.00000	-0.14845	62460.00000	-377.38071	0.00000	-0.44845
-51000.73753	36259.80027	137.00000	62481.12031	-80.38904	0.00000	-0.14840	62480.00000	-377.53724	0.00000	-0.44840
-51017.03080	36271.40001	137.00000	62501.12086	-80.44083	0.00000	-0.14834	62500.00000	-377.69375	0.00000	-0.44834
-51033.32409	36282.99972	137.00000	62521.12140	-80.49260	0.00000	-0.14828	62520.00000	-377.85024	0.00000	-0.44828
-51049.61738	36294.59943	137.00000	62541.12195	-80.54435	0.00000	-0.14822	62540.00000	-378.00671	0.00000	-0.44822
-51065.91068	36306.19911	137.00000	62561.12249	-80.59608	0.00000	-0.14817	62560.00000	-378.16316	0.00000	-0.44817
-51082.20400	36317.79878	137.00000	62581.12304	-80.64779	0.00000	-0.14811	62580.00000	-378.31959	0.00000	-0.44811
-51098.49733	36329.39843	137.00000	62601.12358	-80.69948	0.00000	-0.14805	62600.00000	-378.47600	0.00000	-0.44805
-51114.79067	36340.99807	137.00000	62621.12413	-80.75114	0.00000	-0.14800	62620.00000	-378.63239	0.00000	-0.44800
-51131.08402	36352.59769	137.00000	62641.12467	-80.80279	0.00000	-0.14794	62640.00000	-378.78876	0.00000	-0.44794
-51147.37738	36364.19729	137.00000	62661.12522	-80.85442	0.00000	-0.14788	62660.00000	-378.94511	0.00000	-0.44788
-51163.67075	36375.79688	137.00000	62681.12576	-80.90603	0.00000	-0.14782	62680.00000	-379.10144	0.00000	-0.44782
-51179.96414	36387.39645	137.00000	62701.12630	-80.95762	0.00000	-0.14777	62700.00000	-379.25775	0.00000	-0.44777
-51196.25754	36398.99600	137.00000	62721.12685	-81.00919	0.00000	-0.14771	62720.00000	-379.41404	0.00000	-0.44771
-51212.55094	36410.59554	137.00000	62741.12739	-81.06074	0.00000	-0.14765	62740.00000	-379.57031	0.00000	-0.44765
-51228.84436	36422.19506	137.00000	62761.12794	-81.11226	0.00000	-0.14759	62760.00000	-379.72656	0.00000	-0.44759
-51245.13779	36433.79457	137.00000	62781.12848	-81.16377	0.00000	-0.14754	62780.00000	-379.88279	0.00000	-0.44754
-51261.43124	36445.39405	137.00000	62801.12902	-81.21526	0.00000	-0.14748	62800.00000	-380.03900	0.00000	-0.44748
-51277.72469	36456.99353	137.00000	62821.12957	-81.26673	0.00000	-0.14742	62820.00000	-380.19519	0.00000	-0.44742
-51294.01816	36468.59298	137.00000	62841.13011	-81.31818	0.00000	-0.14737	62840.00000	-380.35136	0.00000	-0.44737
-51310.31163	36480.19242	137.00000	62861.13065	-81.36961	0.00000	-0.14731	62860.00000	-380.50751	0.00000	-0.44731
-51326.60512	36491.79184	137.00000	62881.13120	-81.42102	0.00000	-0.14725	62880.00000	-380.66364	0.00000	-0.44725
-51342.89862	36503.39125	137.00000	62901.13174	-81.47240	0.00000	-0.14719	62900.00000	-380.81975	0.00000	-0.44719
-51359.19213	36514.99064	137.00000	62921.13228	-81.52377	0.00000	-0.14714	62920.00000	-380.97584	0.00000	-0.44714
-51375.48566	36526.59001	137.00000	62941.13283	-81.57512	0.00000	-0.14708	62940.00000	-381.13191	0.00000	-0.44708
-51391.77919	36538.18937	137.00000	62961.13337	-81.62645	0.00000	-0.14702	62960.00000	-381.28796	0.00000	-0.44702
-51408.07274	36549.78871	137.00000	62981.13391	-81.67776	0.00000	-0.14696	62980.00000	-381.44399	0.00000	-0.44696
-51424.36629	36561.38804	137.00000	63001.13446	-81.72905	0.00000	-0.14691	63000.00000	-381.60000	0.00000	-0.44691
-51440.65986	36572.98735	137.00000	63021.13500	-81.78032	0.00000	-0.14685	63020.00000	-381.75599	0.00000	-0.44685
-51456.95344	36584.58664	137.00000	63041.13554	-81.83156	0.00000	-0.14679	63040.00000	-381.91196	0.00000	-0.44679
-51473.24703	36596.18591	137.00000	63061.13608	-81.88279	0.00000	-0.14674	63060.00000	-382.06791	0.00000	-0.44674
-51489.54064	36607.78517	137.00000	63081.13663	-81.93400	0.00000	-0.14668	63080.00000	-382.22384	0.00000	-0.44668
-51505.83425	36619.38442	137.00000	63101.13717	-81.98519	0.00000	-0.14662	63100.00000	-382.37975	0.00000	-0.44662
-51522.12788	36630.98364	137.00000	63121.13771	-82.03636	0.00000	-0.14656	63120.00000	-382.53564	0.00000	-0.44656
-51538.42152	36642.58285	137.00000	63141.13825	-82.08751	0.00000	-0.14651	63140.00000	-382.69151	0.00000	-0.44651
-51554.71516	36654.18205	137.00000	63161.13879	-82.13864	0.00000	-0.14645	63160.00000	-382.84736	0.00000	-0.44645
-51571.00882	36665.78122	137.00000	63181.13934	-82.18975	0.00000	-0.14639	63180.00000	-383.00319	0.00000	-0.44639
-51587.30250	36677.38038	137.00000	63201.13988	-82.24083	0.00000	-0.14633	63200.00000	-383.15900	0.00000	-0.44633
-51603.59618	36688.97953	137.00000	63221.14042	-82.29190	0.00000	-0.14628	63220.00000	-383.31479	0.00000	-0.44628
-51619.88987	36700.57866	137.00000	63241.14096	-82.34295	0.00000	-0.14622	63240.00000	-383.47056	0.00000	-0.44622
-51636.18358	36712.17777	137.00000	63261.14150	-82.39398	0.00000	-0.14616	63260.00000	-383.62631	0.00000	-0.44616
-51652.47730	36723.77686	137.00000	63281.14204	-82.44499	0.00000	-0.14610	63280.00000	-383.78204	0.00000	-0.44610
-51668.77103	36735.37594	137.00000	63301.14258	-82.49598	0.00000	-0.14605	63300.00000	-383.93775	0.00000	-0.44605
-51685.06477	36746.97500	137.00000	63321.14312	-82.54695	0.00000	-0.14599	63320.00000	-384.09344	0.00000	-0.44599
-51701.35852	36758.57405	137.00000	63341.14367	-82.59789	0.00000	-0.14593	63340.00000	-384.24911	0.00000	-0.44593
-51717.65229	36770.17308	137.00000	63361.14421	-82.64882	0.00000	-0.14588	63360.00000	-384.40476	0.00000	-0.44588
-51733.94606	36781.77209	137.00000	63381.14475	-82.69973	0.00000	-0.14582	63380.00000	-384.56039	0.00000	-0.44582
-51750.23985	36793.37109	137.00000	63401.14529	-82.75062	0.00000	-0.14576	63400.00000	-384.71600	0.00000	-0.44576
-51766.53365	36804.97007	137.00000	63421.14583	-82.80149	0.00000	-0.14570	63420.00000	-384.87159	0.00000	-0.44570
-51782.82745	36816.56904	137.00000	63441.14637	-82.85234	0.00000	-0.14565	63440.00000	-385.02716	0.00000	-0.44565
-51799.12128	36828.16798	137.00000	63461.14691	-82.90317	0.00000	-0.14559	63460.00000	-385.18271	0.00000	-0.44559
-51815.41511	36839.76691	137.00000	63481.14745	-82.95397	0.00000	-0.14553	63480.00000	-385.33824	0.00000	-0.44553
-51831.70895	36851.36583	137.00000	63501.14799	-83.00476	0.00000	-0.14547	63500.00000	-385.49375	0.00000	-0.44547
-51848.00281	36862.96473	137.00000	63521.14853	-83.05553	0.00000	-0.14542	63520.00000	-385.64924	0.00000	-0.44542
-51864.29667	36874.56361	137.00000	63541.14907	-83.10628	0.00000	-0.14536	63540.00000	-385.80471	0.00000	-0.44536
-51880.59055	36886.16248	137.00000	63561.14961	-83.15701	0.00000	-0.14530	63560.00000	-385.96016	0.00000	-0.44530
-51896.88444	36897.76133	137.00000	63581.15015	-83.20772	0.00000	-0.14525	63580.00000	-386.11559	0.00000	-0.44525
-51913.17834	36909.36016	137.00000	63601.15069	-83.25841	0.00000	-0.14519	63600.00000	-386.27100	0.00000	-0.44519
-51929.47226	36920.95898	137.00000	63621.15123	-83.30907	0.00000	-0.14513	63620.00000	-386.42639	0.00000	-0.44513
-51945.76618	36932.55778	137.00000	63641.15177	-83.35972	0.00000	-0.14507	63640.00000	-386.58176	0.00000	-0.44507
-51962.06012	36944.15656	137.00000	63661.15231	-83.41035	0.00000	-0.14502	63660.00000	-386.73711	0.00000	-0.44502
-51978.35406	36955.75533	137.00000	63681.15285	-83.46096	0.00000	-0.14496	63680.00000	-386.89244	0.00000	-0.44496
-51994.64802	36967.35408	137.00000	63701.15338	-83.51155	0.00000	-0.14490	63700.00000	-387.04775	0.00000	-0.44490
-52010.94199	36978.95281	137.00000	63721.15392	-83.56212	0.00000	-0.14484	63720.00000	-387.20304	0.00000	-0.44484
-52027.23598	36990.55153	137.00000	63741.15446	-83.61267	0.00000	-0.14479	63740.00000	-387.35831	0.00000	-0.44479
-52043.52997	37002.15023	137.00000	63761.15500	-83.66319	0.00000	-0.14473	63760.00000	-387.51356	0.00000	-0.44473
-52059.82397	37013.74892	137.00000	63781.15554	-83.71370	0.00000	-0.14467	63780.00000	-387.66879	0.00000	-0.44467
-52076.11799	37025.34759	137.00000	63801.15608	-83.76419	0.00000	-0.14462	63800.00000	-387.82400	0.00000	-0.44462
-52092.41202	37036.94624	137.00000	63821.15662	-83.81466	0.00000	-0.14456	63820.00000	-387.97919	0.00000	-0.44456
-52108.70606	37048.54488	137.00000	63841.15715	-83.86511	0.00000	-0.14450	63840.00000	-388.13436	0.00000	-0.44450
-52125.00011	37060.14350	137.00000	63861.15769	-83.91554	0.00000	-0.14444	63860.00000	-388.28951	0.00000	-0.44444
-52141.29417	37071.74210	137.00000	63881.15823	-83.96595	0.00000	-0.14439	63880.00000	-388.44464	0.00000	-0.44439
-52157.58824	37083.34069	137.00000	63901.15877	-84.01633	0.00000	-0.14433	63900.00000	-388.59975	0.00000	-0.44433
-52173.88233	37094.93926	137.00000	63921.15931	-84.06670	0.00000	-0.14427	63920.00000	-388.75484	0.00000	-0.44427
-52190.17642	37106.53782	137.00000	63941.15984	-84.11705	0.00000	-0.14421	63940.00000	-388.90991	0.00000	-0.44421
-52206.47053	37118.13635	137.00000	63961.16038	-84.16738	0.00000	-0.14416	63960.00000	-389.06496	0.00000	-0.44416
-52222.76465	37129.73488	137.00000	63981.16092	-84.21769	0.00000	-0.14410	63980.00000	-389.21999	0.00000	-0.44410
-52239.05878	37141.33338	137.00000	64001.16146	-84.26798	0.00000	-0.14404	64000.00000	-389.37500	0.00000	-0.44404
-52255.35292	37152.93187	137.00000	64021.16199	-84.31825	0.00000	-0.14398	64020.00000	-389.52999	0.00000	-0.44398
-52271.64708	37164.53034	137.00000	64041.16253	-84.36849	0.00000	-0.14393	64040.00000	-389.68496	0.00000	-0.44393
-52287.94124	37176.12880	137.00000	64061.16307	-84.41872	0.00000	-0.14387	64060.00000	-389.83991	0.00000	-0.44387
-52304.23542	37187.72724	137.00000	64081.16361	-84.46893	0.00000	-0.14381	64080.00000	-389.99484	0.00000	-0.44381
-52320.52961	37199.32566	137.00000	64101.16414	-84.51912	0.00000	-0.14376	64100.00000	-390.14975	0.00000	-0.44376
-52336.82381	37210.92407	137.00000	64121.16468	-84.56929	0.00000	-0.14370	64120.00000	-390.30464	0.00000	-0.44370
-52353.11802	37222.52246	137.00000	64141.16522	-84.61944	0.00000	-0.14364	64140.00000	-390.45951	0.00000	-0.44364
-52369.41224	37234.12084	137.00000	64161.16575	-84.66957	0.00000	-0.14358	64160.00000	-390.61436	0.00000	-0.44358
-52385.70647	37245.71919	137.00000	64181.16629	-84.71967	0.00000	-0.14353	64180.00000	-390.76919	0.00000	-0.44353
-52402.00072	37257.31754	137.00000	64201.16683	-84.76976	0.00000	-0.14347	64200.00000	-390.92400	0.00000	-0.44347
-52418.29498	37268.91586	137.00000	64221.16736	-84.81983	0.00000	-0.14341	64220.00000	-391.07879	0.00000	-0.44341
-52434.58925	37280.51417	137.00000	64241.16790	-84.86988	0.00000	-0.14335	64240.00000	-391.23356	0.00000	-0.44335
-52450.88353	37292.11246	137.00000	64261.16843	-84.91991	0.00000	-0.14330	64260.00000	-391.38831	0.00000	-0.44330
-52467.17782	37303.71074	137.00000	64281.16897	-84.96992	0.00000	-0.14324	64280.00000	-391.54304	0.00000	-0.44324
-52483.47212	37315.30900	137.00000	64301.16951	-85.01991	0.00000	-0.14318	64300.00000	-391.69775	0.00000	-0.44318
-52499.76643	37326.90724	137.00000	64321.17004	-85.06987	0.00000	-0.14313	64320.00000	-391.85244	0.00000	-0.44313
-52516.06076	37338.50547	137.00000	64341.17058	-85.11982	0.00000	-0.14307	64340.00000	-392.00711	0.00000	-0.44307
-52532.35510	37350.10368	137.00000	64361.17111	-85.16975	0.00000	-0.14301	64360.00000	-392.16176	0.00000	-0.44301
-52548.64945	37361.70187	137.00000	64381.17165	-85.21966	0.00000	-0.14295	64380.00000	-392.31639	0.00000	-0.44295
-52564.94381	37373.30005	137.00000	64401.17218	-85.26955	0.00000	-0.14290	64400.00000	-392.47100	0.00000	-0.44290
-52581.23818	37384.89821	137.00000	64421.17272	-85.31942	0.00000	-0.14284	64420.00000	-392.62559	0.00000	-0.44284
-52597.53256	37396.49636	137.00000	64441.17326	-85.36927	0.00000	-0.14278	64440.00000	-392.78016	0.00000	-0.44278
-52613.82696	37408.09449	137.00000	64461.17379	-85.41910	0.00000	-0.14272	64460.00000	-392.93471	0.00000	-0.44272
-52630.12136	37419.69260	137.00000	64481.17433	-85.46890	0.00000	-0.14267	64480.00000	-393.08924	0.00000	-0.44267
-52646.41578	37431.29069	137.00000	64501.17486	-85.51869	0.00000	-0.14261	64500.00000	-393.24375	0.00000	-0.44261
-52662.71021	37442.88877	137.00000	64521.17539	-85.56846	0.00000	-0.14255	64520.00000	-393.39824	0.00000	-0.44255
-52679.00465	37454.48684	137.00000	64541.17593	-85.61821	0.00000	-0.14250	64540.00000	-393.55271	0.00000	-0.44250
-52695.29910	37466.08488	137.00000	64561.17646	-85.66794	0.00000	-0.14244	64560.00000	-393.70716	0.00000	-0.44244
-52711.59356	37477.68291	137.00000	64581.17700	-85.71765	0.00000	-0.14238	64580.00000	-393.86159	0.00000	-0.44238
-52727.88804	37489.28093	137.00000	64601.17753	-85.76734	0.00000	-0.14232	64600.00000	-394.01600	0.00000	-0.44232
-52744.18253	37500.87893	137.00000	64621.17807	-85.81700	0.00000	-0.14227	64620.00000	-394.17039	0.00000	-0.44227
-52760.47702	37512.47691	137.00000	64641.17860	-85.86665	0.00000	-0.14221	64640.00000	-394.32476	0.00000	-0.44221
-52776.77153	37524.07487	137.00000	64661.17914	-85.91628	0.00000	-0.14215	64660.00000	-394.47911	0.00000	-0.44215
-52793.06605	37535.67282	137.00000	64681.17967	-85.96589	0.00000	-0.14209	64680.00000	-394.63344	0.00000	-0.44209
-52809.36059	37547.27075	137.00000	64701.18020	-86.01548	0.00000	-0.14204	64700.00000	-394.78775	0.00000	-0.44204
-52825.65513	37558.86867	137.00000	64721.18074	-86.06505	0.00000	-0.14198	64720.00000	-394.94204	0.00000	-0.44198
-52841.94969	37570.46657	137.00000	64741.18127	-86.11460	0.00000	-0.14192	64740.00000	-395.09631	0.00000	-0.44192
-52858.24425	37582.06445	137.00000	64761.18180	-86.16412	0.00000	-0.14187	64760.00000	-395.25056	0.00000	-0.44187
-52874.53883	37593.66232	137.00000	64781.18234	-86.21363	0.00000	-0.14181	64780.00000	-395.40479	0.00000	-0.44181
-52890.83342	37605.26017	137.00000	64801.18287	-86.26312	0.00000	-0.14175	64800.00000	-395.55900	0.00000	-0.44175
-52907.12802	37616.85800	137.00000	64821.18340	-86.31259	0.00000	-0.14169	64820.00000	-395.71319	0.00000	-0.44169
-52923.42263	37628.45582	137.00000	64841.18394	-86.36204	0.00000	-0.14164	64840.00000	-395.86736	0.00000	-0.44164
-52939.71726	37640.05362	137.00000	64861.18447	-86.41147	0.00000	-0.14158	64860.00000	-396.02151	0.00000	-0.44158
-52956.01189	37651.65140	137.00000	64881.18500	-86.46088	0.00000	-0.14152	64880.00000	-396.17564	0.00000	-0.44152
-52972.30654	37663.24917	137.00000	64901.18554	-86.51026	0.00000	-0.14146	64900.00000	-396.32975	0.00000	-0.44146
-52988.60120	37674.84692	137.00000	64921.18607	-86.55963	0.00000	-0.14141	64920.00000	-396.48384	0.00000	-0.44141
-53004.89587	37686.44466	137.00000	64941.18660	-86.60898	0.00000	-0.14135	64940.00000	-396.63791	0.00000	-0.44135
-53021.19055	37698.04238	137.00000	64961.18713	-86.65831	0.00000	-0.14129	64960.00000	-396.79196	0.00000	-0.44129
-53037.48524	37709.64008	137.00000	64981.18767	-86.70762	0.00000	-0.14123	64980.00000	-396.94599	0.00000	-0.44123
-53053.77995	37721.23777	137.00000	65001.18820	-86.75691	0.00000	-0.14118	65000.00000	-397.10000	0.00000	-0.44118
-53070.07466	37732.83544	137.00000	65021.18873	-86.80618	0.00000	-0.14112	65020.00000	-397.25399	0.00000	-0.44112
-53086.36939	37744.43309	137.00000	65041.18926	-86.85542	0.00000	-0.14106	65040.00000	-397.40796	0.00000	-0.44106
-53102.66413	37756.03073	137.00000	65061.18979	-86.90465	0.00000	-0.14101	65060.00000	-397.56191	0.00000	-0.44101
-53118.95888	37767.62835	137.00000	65081.19033	-86.95386	0.00000	-0.14095	65080.00000	-397.71584	0.00000	-0.44095
-53135.25364	37779.22595	137.00000	65101.19086	-87.00305	0.00000	-0.14089	65100.00000	-397.86975	0.00000	-0.44089
-53151.54841	37790.82354	137.00000	65121.19139	-87.05222	0.00000	-0.14083	65120.00000	-398.02364	0.00000	-0.44083
-53167.84320	37802.42111	137.00000	65141.19192	-87.10137	0.00000	-0.14078	65140.00000	-398.17751	0.00000	-0.44078
-53184.13800	37814.01867	137.00000	65161.19245	-87.15050	0.00000	-0.14072	65160.00000	-398.33136	0.00000	-0.44072
-53200.43280	37825.61621	137.00000	65181.19298	-87.19961	0.00000	-0.14066	65180.00000	-398.48519	0.00000	-0.44066
-53216.72762	37837.21373	137.00000	65201.19351	-87.24869	0.00000	-0.14060	65200.00000	-398.63900	0.00000	-0.44060
-53233.02245	37848.81124	137.00000	65221.19405	-87.29776	0.00000	-0.14055	65220.00000	-398.79279	0.00000	-0.44055
-53249.31729	37860.40873	137.00000	65241.19458	-87.34681	0.00000	-0.14049	65240.00000	-398.94656	0.00000	-0.44049
-53265.61215	37872.00620	137.00000	65261.19511	-87.39584	0.00000	-0.14043	65260.00000	-399.10031	0.00000	-0.44043
-53281.90701	37883.60366	137.00000	65281.19564	-87.44485	0.00000	-0.14038	65280.00000	-399.25404	0.00000	-0.44038
-53298.20189	37895.20110	137.00000	65301.19617	-87.49384	0.00000	-0.14032	65300.00000	-399.40775	0.00000	-0.44032
-53314.49678	37906.79852	137.00000	65321.19670	-87.54281	0.00000	-0.14026	65320.00000	-399.56144	0.00000	-0.44026
-53330.79168	37918.39593	137.00000	65341.19723	-87.59175	0.00000	-0.14020	65340.00000	-399.71511	0.00000	-0.44020
-53347.08659	37929.99332	137.00000	65361.19776	-87.64068	0.00000	-0.14015	65360.00000	-399.86876	0.00000	-0.44015
-53363.38151	37941.59069	137.00000	65381.19829	-87.68959	0.00000	-0.14009	65380.00000	-400.02239	0.00000	-0.44009
-53379.67644	37953.18805	137.00000	65401.19882	-87.73848	0.00000	-0.14003	65400.00000	-400.17600	0.00000	-0.44003
-53395.97139	37964.78540	137.00000	65421.19935	-87.78735	0.00000	-0.13997	65420.00000	-400.32959	0.00000	-0.43997
-53412.26635	37976.38272	137.00000	65441.19988	-87.83620	0.00000	-0.13992	65440.00000	-400.48316	0.00000	-0.43992
-53428.56131	37987.98003	137.00000	65461.20041	-87.88503	0.00000	-0.13986	65460.00000	-400.63671	0.00000	-0.43986
-53444.85629	37999.57732	137.00000	65481.20094	-87.93383	0.00000	-0.13980	65480.00000	-400.79024	0.00000	-0.43980
-53461.15128	38011.17460	137.00000	65501.20147	-87.98262	0.00000	-0.13975	65500.00000	-400.94375	0.00000	-0.43975
-53477.44629	38022.77186	137.00000	65521.20200	-88.03139	0.00000	-0.13969	65520.00000	-401.09724	0.00000	-0.43969
-53493.74130	38034.36911	137.00000	65541.20253	-88.08014	0.00000	-0.13963	65540.00000	-401.25071	0.00000	-0.43963
-53510.03633	38045.96633	137.00000	65561.20306	-88.12887	0.00000	-0.13957	65560.00000	-401.40416	0.00000	-0.43957
-53526.33136	38057.56354	137.00000	65581.20359	-88.17758	0.00000	-0.13952	65580.00000	-401.55759	0.00000	-0.43952
-53542.62641	38069.16074	137.00000	65601.20412	-88.22627	0.00000	-0.13946	65600.00000	-401.71100	0.00000	-0.43946
-53558.92147	38080.75792	137.00000	65621.20464	-88.27493	0.00000	-0.13940	65620.00000	-401.86439	0.00000	-0.43940
-53575.21654	38092.35508	137.00000	65641.20517	-88.32358	0.00000	-0.13934	65640.00000	-402.01776	0.00000	-0.43934
-53591.51163	38103.95223	137.00000	65661.20570	-88.37221	0.00000	-0.13929	65660.00000	-402.17111	0.00000	-0.43929
-53607.80672	38115.54935	137.00000	65681.20623	-88.42082	0.00000	-0.13923	65680.00000	-402.32444	0.00000	-0.43923
-53624.10183	38127.14647	137.00000	65701.20676	-88.46941	0.00000	-0.13917	65700.00000	-402.47775	0.00000	-0.43917
-53640.39694	38138.74356	137.00000	65721.20729	-88.51798	0.00000	-0.13911	65720.00000	-402.63104	0.00000	-0.43911
-53656.69207	38150.34064	137.00000	65741.20782	-88.56653	0.00000	-0.13906	65740.00000	-402.78431	0.00000	-0.43906
-53672.98721	38161.93771	137.00000	65761.20834	-88.61506	0.00000	-0.13900	65760.00000	-402.93756	0.00000	-0.43900
-53689.28237	38173.53476	137.00000	65781.20887	-88.66356	0.00000	-0.13894	65780.00000	-403.09079	0.00000	-0.43894
-53705.57753	38185.13179	137.00000	65801.20940	-88.71205	0.00000	-0.13889	65800.00000	-403.24400	0.00000	-0.43889
-53721.87270	38196.72880	137.00000	65821.20993	-88.76052	0.00000	-0.13883	65820.00000	-403.39719	0.00000	-0.43883
-53738.16789	38208.32580	137.00000	65841.21046	-88.80897	0.00000	-0.13877	65840.00000	-403.55036	0.00000	-0.43877
-53754.46309	38219.92278	137.00000	65861.21098	-88.85740	0.00000	-0.13871	65860.00000	-403.70351	0.00000	-0.43871
-53770.75830	38231.51975	137.00000	65881.21151	-88.90581	0.00000	-0.13866	65880.00000	-403.85664	0.00000	-0.43866
-53787.05352	38243.11670	137.00000	65901.21204	-88.95420	0.00000	-0.13860	65900.00000	-404.00975	0.00000	-0.43860
-53803.34875	38254.71363	137.00000	65921.21257	-89.00256	0.00000	-0.13854	65920.00000	-404.16284	0.00000	-0.43854
-53819.64399	38266.31054	137.00000	65941.21309	-89.05091	0.00000	-0.13848	65940.00000	-404.31591	0.00000	-0.43848
-53835.93925	38277.90744	137.00000	65961.21362	-89.09924	0.00000	-0.13843	65960.00000	-404.46896	0.00000	-0.43843
-53852.23451	38289.50433	137.00000	65981.21415	-89.14755	0.00000	-0.13837	65980.00000	-404.62199	0.00000	-0.43837
-53868.52979	38301.10120	137.00000	66001.21468	-89.19584	0.00000	-0.13831	66000.00000	-404.77500	0.00000	-0.43831
-53884.82508	38312.69805	137.00000	66021.21520	-89.24411	0.00000	-0.13826	66020.00000	-404.92799	0.00000	-0.43826
-53901.12038	38324.29488	137.00000	66041.21573	-89.29236	0.00000	-0.13820	66040.00000	-405.08096	0.00000	-0.43820
-53917.41570	38335.89170	137.00000	66061.21626	-89.34058	0.00000	-0.13814	66060.00000	-405.23391	0.00000	-0.43814
-53933.71102	38347.48850	137.00000	66081.21678	-89.38879	0.00000	-0.13808	66080.00000	-405.38684	0.00000	-0.43808
-53950.00635	38359.08529	137.00000	66101.21731	-89.43698	0.00000	-0.13803	66100.00000	-405.53975	0.00000	-0.43803
-53966.30170	38370.68205	137.00000	66121.21784	-89.48515	0.00000	-0.13797	66120.00000	-405.69264	0.00000	-0.43797
-53982.59706	38382.27881	137.00000	66141.21836	-89.53330	0.00000	-0.13791	66140.00000	-405.84551	0.00000	-0.43791
-53998.89243	38393.87554	137.00000	66161.21889	-89.58143	0.00000	-0.13785	66160.00000	-405.99836	0.00000	-0.43785
-54015.18781	38405.47226	137.00000	66181.21941	-89.62954	0.00000	-0.13780	66180.00000	-406.15119	0.00000	-0.43780
-54031.48320	38417.06897	137.00000	66201.21994	-89.67762	0.00000	-0.13774	66200.00000	-406.30400	0.00000	-0.43774
-54047.77861	38428.66565	137.00000	66221.22047	-89.72569	0.00000	-0.13768	66220.00000	-406.45679	0.00000	-0.43768
-54064.07402	38440.26232	137.00000	66241.22099	-89.77374	0.00000	-0.13763	66240.00000	-406.60956	0.00000	-0.43763
-54080.36945	38451.85898	137.00000	66261.22152	-89.82177	0.00000	-0.13757	66260.00000	-406.76231	0.00000	-0.43757
-54096.66489	38463.45562	137.00000	66281.22204	-89.86978	0.00000	-0.13751	66280.00000	-406.91504	0.00000	-0.43751
-54112.96034	38475.05224	137.00000	66301.22257	-89.91777	0.00000	-0.13745	66300.00000	-407.06775	0.00000	-0.43745
-54129.25580	38486.64884	137.00000	66321.22309	-89.96574	0.00000	-0.13740	66320.00000	-407.22044	0.00000	-0.43740
-54145.55127	38498.24543	137.00000	66341.22362	-90.01369	0.00000	-0.13734	66340.00000	-407.37311	0.00000	-0.43734
-54161.84676	38509.84200	137.00000	66361.22414	-90.06161	0.00000	-0.13728	66360.00000	-407.52576	0.00000	-0.43728
-54178.14225	38521.43856	137.00000	66381.22467	-90.10952	0.00000	-0.13722	66380.00000	-407.67839	0.00000	-0.43722
-54194.43776	38533.03510	137.00000	66401.22519	-90.15741	0.00000	-0.13717	66400.00000	-407.83100	0.00000	-0.43717
-54210.73328	38544.63162	137.00000	66421.22572	-90.20528	0.00000	-0.13711	66420.00000	-407.98359	0.00000	-0.43711
-54227.02881	38556.22813	137.00000	66441.22624	-90.25313	0.00000	-0.13705	66440.00000	-408.13616	0.00000	-0.43705
-54243.32435	38567.82462	137.00000	66461.22677	-90.30096	0.00000	-0.13699	66460.00000	-408.28871	0.00000	-0.43699
-54259.61990	38579.42109	137.00000	66481.22729	-90.34877	0.00000	-0.13694	66480.00000	-408.44124	0.00000	-0.43694
-54275.91547	38591.01755	137.00000	66501.22782	-90.39655	0.00000	-0.13688	66500.00000	-408.59375	0.00000	-0.43688
-54292.21105	38602.61399	137.00000	66521.22834	-90.44432	0.00000	-0.13682	66520.00000	-408.74624	0.00000	-0.43682
-54308.50663	38614.21042	137.00000	66541.22887	-90.49207	0.00000	-0.13677	66540.00000	-408.89871	0.00000	-0.43677
-54324.80223	38625.80683	137.00000	66561.22939	-90.53980	0.00000	-0.13671	66560.00000	-409.05116	0.00000	-0.43671
-54341.09784	38637.40322	137.00000	66581.22991	-90.58751	0.00000	-0.13665	66580.00000	-409.20359	0.00000	-0.43665
-54357.39347	38648.99959	137.00000	66601.23044	-90.63520	0.00000	-0.13659	66600.00000	-409.35600	0.00000	-0.43659
-54373.68910	38660.59595	137.00000	66621.23096	-90.68287	0.00000	-0.13654	66620.00000	-409.50839	0.00000	-0.43654
-54389.98474	38672.19230	137.00000	66641.23148	-90.73051	0.00000	-0.13648	66640.00000	-409.66076	0.00000	-0.43648
-54406.28040	38683.78862	137.00000	66661.23201	-90.77814	0.00000	-0.13642	66660.00000	-409.81311	0.00000	-0.43642
-54422.57607	38695.38493	137.00000	66681.23253	-90.82575	0.00000	-0.13636	66680.00000	-409.96544	0.00000	-0.43636
-54438.87175	38706.98123	137.00000	66701.23305	-90.87334	0.00000	-0.13631	66700.00000	-410.11775	0.00000	-0.43631
-54455.16744	38718.57750	137.00000	66721.23358	-90.92091	0.00000	-0.13625	66720.00000	-410.27004	0.00000	-0.43625
-54471.46314	38730.17376	137.00000	66741.23410	-90.96846	0.00000	-0.13619	66740.00000	-410.42231	0.00000	-0.43619
-54487.75886	38741.77001	137.00000	66761.23462	-91.01599	0.00000	-0.13614	66760.00000	-410.57456	0.00000	-0.43614
-54504.05458	38753.36624	137.00000	66781.23515	-91.06350	0.00000	-0.13608	66780.00000	-410.72679	0.00000	-0.43608
-54520.35032	38764.96245	137.00000	66801.23567	-91.11098	0.00000	-0.13602	66800.00000	-410.87900	0.00000	-0.43602
-54536.64607	38776.55864	137.00000	66821.23619	-91.15845	0.00000	-0.13596	66820.00000	-411.03119	0.00000	-0.43596
-54552.94183	38788.15482	137.00000	66841.23672	-91.20590	0.00000	-0.13591	66840.00000	-411.18336	0.00000	-0.43591
-54569.23760	38799.75099	137.00000	66861.23724	-91.25333	0.00000	-0.13585	66860.00000	-411.33551	0.00000	-0.43585
-54585.53338	38811.34713	137.00000	66881.23776	-91.30074	0.00000	-0.13579	66880.00000	-411.48764	0.00000	-0.43579
-54601.82917	38822.94326	137.00000	66901.23828	-91.34813	0.00000	-0.13573	66900.00000	-411.63975	0.00000	-0.43573
-54618.12498	38834.53938	137.00000	66921.23880	-91.39550	0.00000	-0.13568	66920.00000	-411.79184	0.00000	-0.43568
-54634.42080	38846.13547	137.00000	66941.23933	-91.44284	0.00000	-0.13562	66940.00000	-411.94391	0.00000	-0.43562
-54650.71662	38857.73155	137.00000	66961.23985	-91.49017	0.00000	-0.13556	66960.00000	-412.09596	0.00000	-0.43556
-54667.01246	38869.32762	137.00000	66981.24037	-91.53748	0.00000	-0.13551	66980.00000	-412.24799	0.00000	-0.43551
-54683.30832	38880.92367	137.00000	67001.24089	-91.58477	0.00000	-0.13545	67000.00000	-412.40000	0.00000	-0.43545
-54699.60418	38892.51970	137.00000	67021.24141	-91.63204	0.00000	-0.13539	67020.00000	-412.55199	0.00000	-0.43539
-54715.90005	38904.11571	137.00000	67041.24194	-91.67929	0.00000	-0.13533	67040.00000	-412.70396	0.00000	-0.43533
-54732.19594	38915.71171	137.00000	67061.24246	-91.72652	0.00000	-0.13528	67060.00000	-412.85591	0.00000	-0.43528
-54748.49184	38927.30769	137.00000	67081.24298	-91.77372	0.00000	-0.13522	67080.00000	-413.00784	0.00000	-0.43522
-54764.78775	38938.90366	137.00000	67101.24350	-91.82091	0.00000	-0.13516	67100.00000	-413.15975	0.00000	-0.43516
-54781.08367	38950.49961	137.00000	67121.24402	-91.86808	0.00000	-0.13510	67120.00000	-413.31164	0.00000	-0.43510
-54797.37960	38962.09554	137.00000	67141.24454	-91.91523	0.00000	-0.13505	67140.00000	-413.46351	0.00000	-0.43505
-54813.67554	38973.69146	137.00000	67161.24506	-91.96236	0.00000	-0.13499	67160.00000	-413.61536	0.00000	-0.43499
-54829.97150	38985.28736	137.00000	67181.24558	-92.00947	0.00000	-0.13493	67180.00000	-413.76719	0.00000	-0.43493
-54846.26746	38996.88325	137.00000	67201.24610	-92.05656	0.00000	-0.13487	67200.00000	-413.91900	0.00000	-0.43487
-54862.56344	39008.47911	137.00000	67221.24662	-92.10363	0.00000	-0.13482	67220.00000	-414.07079	0.00000	-0.43482
-54878.85943	39020.07496	137.00000	67241.24715	-92.15067	0.00000	-0.13476	67240.00000	-414.22256	0.00000	-0.43476
-54895.15543	39031.67080	137.00000	67261.24767	-92.19770	0.00000	-0.13470	67260.00000	-414.37431	0.00000	-0.43470
-54911.45144	39043.26662	137.00000	67281.24819	-92.24471	0.00000	-0.13465	67280.00000	-414.52604	0.00000	-0.43465
-54927.74747	39054.86242	137.00000	67301.24871	-92.29170	0.00000	-0.13459	67300.00000	-414.67775	0.00000	-0.43459
-54944.04350	39066.45821	137.00000	67321.24923	-92.33867	0.00000	-0.13453	67320.00000	-414.82944	0.00000	-0.43453
-54960.33955	39078.05398	137.00000	67341.24975	-92.38562	0.00000	-0.13447	67340.00000	-414.98111	0.00000	-0.43447
-54976.63561	39089.64973	137.00000	67361.25027	-92.43255	0.00000	-0.13442	67360.00000	-415.13276	0.00000	-0.43442
-54992.93167	39101.24547	137.00000	67381.25079	-92.47945	0.00000	-0.13436	67380.00000	-415.28439	0.00000	-0.43436
-55009.22776	39112.84119	137.00000	67401.25131	-92.52634	0.00000	-0.13430	67400.00000	-415.43600	0.00000	-0.43430
-55025.52385	39124.43689	137.00000	67421.25182	-92.57321	0.00000	-0.13424	67420.00000	-415.58759	0.00000	-0.43424
-55041.81995	39136.03258	137.00000	67441.25234	-92.62006	0.00000	-0.13419	67440.00000	-415.73916	0.00000	-0.43419
-55058.11607	39147.62825	137.00000	67461.25286	-92.66689	0.00000	-0.13413	67460.00000	-415.89071	0.00000	-0.43413
-55074.41219	39159.22390	137.00000	67481.25338	-92.71370	0.00000	-0.13407	67480.00000	-416.04224	0.00000	-0.43407
-55090.70833	39170.81954	137.00000	67501.25390	-92.76049	0.00000	-0.13402	67500.00000	-416.19375	0.00000	-0.43402
-55107.00448	39182.41516	137.00000	67521.25442	-92.80725	0.00000	-0.13396	67520.00000	-416.34524	0.00000	-0.43396
-55123.30064	39194.01077	137.00000	67541.25494	-92.85400	0.00000	-0.13390	67540.00000	-416.49671	0.00000	-0.43390
-55139.59682	39205.60636	137.00000	67561.25546	-92.90073	0.00000	-0.13384	67560.00000	-416.64816	0.00000	-0.43384
-55155.89300	39217.20193	137.00000	67581.25598	-92.94744	0.00000	-0.13379	67580.00000	-416.79959	0.00000	-0.43379
-55172.18920	39228.79749	137.00000	67601.25650	-92.99413	0.00000	-0.13373	67600.00000	-416.95100	0.00000	-0.43373
-55188.48540	39240.39303	137.00000	67621.25701	-93.04080	0.00000	-0.13367	67620.00000	-417.10239	0.00000	-0.43367
-55204.78162	39251.98855	137.00000	67641.25753	-93.08745	0.00000	-0.13361	67640.00000	-417.25376	0.00000	-0.43361
-55221.07785	39263.58406	137.00000	67661.25805	-93.13408	0.00000	-0.13356	67660.00000	-417.40511	0.00000	-0.43356
-55237.37409	39275.17955	137.00000	67681.25857	-93.18068	0.00000	-0.13350	67680.00000	-417.55644	0.00000	-0.43350
-55253.67035	39286.77503	137.00000	67701.25909	-93.22727	0.00000	-0.13344	67700.00000	-417.70775	0.00000	-0.43344
-55269.96661	39298.37048	137.00000	67721.25961	-93.27384	0.00000	-0.13339	67720.00000	-417.85904	0.00000	-0.43339
-55286.26289	39309.96593	137.00000	67741.26012	-93.32039	0.00000	-0.13333	67740.00000	-418.01031	0.00000	-0.43333
-55302.55917	39321.56135	137.00000	67761.26064	-93.36692	0.00000	-0.13327	67760.00000	-418.16156	0.00000	-0.43327
-55318.85547	39333.15676	137.00000	67781.26116	-93.41343	0.00000	-0.13321	67780.00000	-418.31279	0.00000	-0.43321
-55335.15178	39344.75215	137.00000	67801.26168	-93.45992	0.00000	-0.13316	67800.00000	-418.46400	0.00000	-0.43316
-55351.44811	39356.34753	137.00000	67821.26219	-93.50638	0.00000	-0.13310	67820.00000	-418.61519	0.00000	-0.43310
-55367.74444	39367.94289	137.00000	67841.26271	-93.55283	0.00000	-0.13304	67840.00000	-418.76636	0.00000	-0.43304
-55384.04078	39379.53823	137.00000	67861.26323	-93.59926	0.00000	-0.13298	67860.00000	-418.91751	0.00000	-0.43298
-55400.33714	39391.13356	137.00000	67881.26375	-93.64567	0.00000	-0.13293	67880.00000	-419.06864	0.00000	-0.43293
-55416.63351	39402.72887	137.00000	67901.26426	-93.69206	0.00000	-0.13287	67900.00000	-419.21975	0.00000	-0.43287
-55432.92989	39414.32417	137.00000	67921.26478	-93.73843	0.00000	-0.13281	67920.00000	-419.37084	0.00000	-0.43281
-55449.22628	39425.91944	137.00000	67941.26530	-93.78478	0.00000	-0.13276	67940.00000	-419.52191	0.00000	-0.43276
-55465.52268	39437.51471	137.00000	67961.26581	-93.83111	0.00000	-0.13270	67960.00000	-419.67296	0.00000	-0.43270
-55481.81909	39449.10995	137.00000	67981.26633	-93.87741	0.00000	-0.13264	67980.00000	-419.82399	0.00000	-0.43264
-55498.11552	39460.70518	137.00000	68001.26685	-93.92370	0.00000	-0.13258	68000.00000	-419.97500	0.00000	-0.43258
-55514.41196	39472.30039	137.00000	68021.26736	-93.96997	0.00000	-0.13253	68020.00000	-420.12599	0.00000	-0.43253
-55530.70840	39483.89559	137.00000	68041.26788	-94.01622	0.00000	-0.13247	68040.00000	-420.27696	0.00000	-0.43247
-55547.00486	39495.49077	137.00000	68061.26840	-94.06245	0.00000	-0.13241	68060.00000	-420.42791	0.00000	-0.43241
-55563.30133	39507.08593	137.00000	68081.26891	-94.10866	0.00000	-0.13235	68080.00000	-420.57884	0.00000	-0.43235
-55579.59782	39518.68108	137.00000	68101.26943	-94.15485	0.00000	-0.13230	68100.00000	-420.72975	0.00000	-0.43230
-55595.89431	39530.27621	137.00000	68121.26994	-94.20101	0.00000	-0.13224	68120.00000	-420.88064	0.00000	-0.43224
-55612.19082	39541.87132	137.00000	68141.27046	-94.24716	0.00000	-0.13218	68140.00000	-421.03151	0.00000	-0.43218
-55628.48733	39553.46642	137.00000	68161.27098	-94.29329	0.00000	-0.13212	68160.00000	-421.18236	0.00000	-0.43212
-55644.78386	39565.06150	137.00000	68181.27149	-94.33940	0.00000	-0.13207	68180.00000	-421.33319	0.00000	-0.43207
-55661.08040	39576.65657	137.00000	68201.27201	-94.38549	0.00000	-0.13201	68200.00000	-421.48400	0.00000	-0.43201
-55677.37695	39588.25162	137.00000	68221.27252	-94.43156	0.00000	-0.13195	68220.00000	-421.63479	0.00000	-0.43195
-55693.67352	39599.84665	137.00000	68241.27304	-94.47761	0.00000	-0.13190	68240.00000	-421.78556	0.00000	-0.43190
-55709.97009	39611.44166	137.00000	68261.27355	-94.52364	0.00000	-0.13184	68260.00000	-421.93631	0.00000	-0.43184
-55726.26668	39623.03666	137.00000	68281.27407	-94.56964	0.00000	-0.13178	68280.00000	-422.08704	0.00000	-0.43178
-55742.56327	39634.63165	137.00000	68301.27458	-94.61563	0.00000	-0.13172	68300.00000	-422.23775	0.00000	-0.43172
-55758.85988	39646.22661	137.00000	68321.27510	-94.66160	0.00000	-0.13167	68320.00000	-422.38844	0.00000	-0.43167
-55775.15650	39657.82156	137.00000	68341.27561	-94.70755	0.00000	-0.13161	68340.00000	-422.53911	0.00000	-0.43161
-55791.45313	39669.41650	137.00000	68361.27613	-94.75348	0.00000	-0.13155	68360.00000	-422.68976	0.00000	-0.43155
-55807.74978	39681.01142	137.00000	68381.27664	-94.79939	0.00000	-0.13149	68380.00000	-422.84039	0.00000	-0.43149
-55824.04643	39692.60632	137.00000	68401.27716	-94.84528	0.00000	-0.13144	68400.00000	-422.99100	0.00000	-0.43144
-55840.34310	39704.20120	137.00000	68421.27767	-94.89114	0.00000	-0.13138	68420.00000	-423.14159	0.00000	-0.43138
-55856.63977	39715.79607	137.00000	68441.27818	-94.93699	0.00000	-0.13132	68440.00000	-423.29216	0.00000	-0.43132
-55872.93646	39727.39092	137.00000	68461.27870	-94.98282	0.00000	-0.13127	68460.00000	-423.44271	0.00000	-0.43127
-55889.23316	39738.98576	137.00000	68481.27921	-95.02863	0.00000	-0.13121	68480.00000	-423.59324	0.00000	-0.43121
-55905.52988	39750.58058	137.00000	68501.27973	-95.07442	0.00000	-0.13115	68500.00000	-423.74375	0.00000	-0.43115
-55921.82660	39762.17538	137.00000	68521.28024	-95.12019	0.00000	-0.13109	68520.00000	-423.89424	0.00000	-0.43109
-55938.12333	39773.77017	137.00000	68541.28075	-95.16594	0.00000	-0.13104	68540.00000	-424.04471	0.00000	-0.43104
-55954.42008	39785.36494	137.00000	68561.28127	-95.21166	0.00000	-0.13098	68560.00000	-424.19516	0.00000	-0.43098
-55970.71684	39796.95969	137.00000	68581.28178	-95.25737	0.00000	-0.13092	68580.00000	-424.34559	0.00000	-0.43092
-55987.01361	39808.55443	137.00000	68601.28229	-95.30306	0.00000	-0.13086	68600.00000	-424.49600	0.00000	-0.43086
-56003.31039	39820.14915	137.00000	68621.28281	-95.34873	0.00000	-0.13081	68620.00000	-424.64639	0.00000	-0.43081
-56019.60718	39831.74385	137.00000	68641.28332	-95.39438	0.00000	-0.13075	68640.00000	-424.79676	0.00000	-0.43075
-56035.90398	39843.33854	137.00000	68661.28383	-95.44001	0.00000	-0.13069	68660.00000	-424.94711	0.00000	-0.43069
-56052.20080	39854.93321	137.00000	68681.28435	-95.48562	0.00000	-0.13064	68680.00000	-425.09744	0.00000	-0.43064
-56068.49762	39866.52787	137.00000	68701.28486	-95.53121	0.00000	-0.13058	68700.00000	-425.24775	0.00000	-0.43058
-56084.79446	39878.12251	137.00000	68721.28537	-95.57677	0.00000	-0.13052	68720.00000	-425.39804	0.00000	-0.43052
-56101.09131	39889.71713	137.00000	68741.28588	-95.62232	0.00000	-0.13046	68740.00000	-425.54831	0.00000	-0.43046
-56117.38817	39901.31174	137.00000	68761.28640	-95.66785	0.00000	-0.13041	68760.00000	-425.69856	0.00000	-0.43041
-56133.68505	39912.90633	137.00000	68781.28691	-95.71336	0.00000	-0.13035	68780.00000	-425.84879	0.00000	-0.43035
-56149.98193	39924.50090	137.00000	68801.28742	-95.75885	0.00000	-0.13029	68800.00000	-425.99900	0.00000	-0.43029
-56166.27883	39936.09546	137.00000	68821.28793	-95.80432	0.00000	-0.13023	68820.00000	-426.14919	0.00000	-0.43023
-56182.57573	39947.69000	137.00000	68841.28845	-95.84977	0.00000	-0.13018	68840.00000	-426.29936	0.00000	-0.43018
-56198.87265	39959.28452	137.00000	68861.28896	-95.89519	0.00000	-0.13012	68860.00000	-426.44951	0.00000	-0.43012
-56215.16958	39970.87903	137.00000	68881.28947	-95.94060	0.00000	-0.13006	68880.00000	-426.59964	0.00000	-0.43006
-56231.46652	39982.47352	137.00000	68901.28998	-95.98599	0.00000	-0.13000	68900.00000	-426.74975	0.00000	-0.43000
-56247.76347	39994.06800	137.00000	68921.29049	-96.03136	0.00000	-0.12995	68920.00000	-426.89984	0.00000	-0.42995
-56264.06044	40005.66246	137.00000	68941.29101	-96.07671	0.00000	-0.12989	68940.00000	-427.04991	0.00000	-0.42989
-56280.35741	40017.25690	137.00000	68961.29152	-96.12204	0.00000	-0.12983	68960.00000	-427.19996	0.00000	-0.42983
-56296.65440	40028.85133	137.00000	68981.29203	-96.16735	0.00000	-0.12978	68980.00000	-427.34999	0.00000	-0.42978
-56312.95140	40040.44573	137.00000	69001.29254	-96.21264	0.00000	-0.12972	69000.00000	-427.50000	0.00000	-0.42972
-56329.24841	40052.04013	137.00000	69021.29305	-96.25790	0.00000	-0.12966	69020.00000	-427.64999	0.00000	-0.42966
-56345.54543	40063.63451	137.00000	69041.29356	-96.30315	0.00000	-0.12960	69040.00000	-427.79996	0.00000	-0.42960
-56361.84247	40075.22887	137.00000	69061.29407	-96.34838	0.00000	-0.12955	69060.00000	-427.94991	0.00000	-0.42955
-56378.13951	40086.82321	137.00000	69081.29458	-96.39359	0.00000	-0.12949	69080.00000	-428.09984	0.00000	-0.42949
-56394.43657	40098.41754	137.00000	69101.29509	-96.43878	0.00000	-0.12943	69100.00000	-428.24975	0.00000	-0.42943
-56410.73363	40110.01185	137.00000	69121.29561	-96.48395	0.00000	-0.12937	69120.00000	-428.39964	0.00000	-0.42937
-56427.03071	40121.60614	137.00000	69141.29612	-96.52910	0.00000	-0.12932	69140.00000	-428.54951	0.00000	-0.42932
-56443.32780	40133.20042	137.00000	69161.29663	-96.57422	0.00000	-0.12926	69160.00000	-428.69936	0.00000	-0.42926
-56459.62491	40144.79469	137.00000	69181.29714	-96.61933	0.00000	-0.12920	69180.00000	-428.84919	0.00000	-0.42920
-56475.92202	40156.38893	137.00000	69201.29765	-96.66442	0.00000	-0.12915	69200.00000	-428.99900	0.00000	-0.42915
-56492.21914	40167.98316	137.00000	69221.29816	-96.70949	0.00000	-0.12909	69220.00000	-429.14879	0.00000	-0.42909
-56508.51628	40179.57737	137.00000	69241.29867	-96.75454	0.00000	-0.12903	69240.00000	-429.29856	0.00000	-0.42903
-56524.81343	40191.17157	137.00000	69261.29918	-96.79957	0.00000	-0.12897	69260.00000	-429.44831	0.00000	-0.42897
-56541.11059	40202.76575	137.00000	69281.29969	-96.84458	0.00000	-0.12892	69280.00000	-429.59804	0.00000	-0.42892
-56557.40776	40214.35991	137.00000	69301.30020	-96.88957	0.00000	-0.12886	69300.00000	-429.74775	0.00000	-0.42886
-56573.70494	40225.95406	137.00000	69321.30071	-96.93453	0.00000	-0.12880	69320.00000	-429.89744	0.00000	-0.42880
-56590.00213	40237.54819	137.00000	69341.30122	-96.97948	0.00000	-0.12874	69340.00000	-430.04711	0.00000	-0.42874
-56606.29934	40249.14231	137.00000	69361.30172	-97.02441	0.00000	-0.12869	69360.00000	-430.19676	0.00000	-0.42869
-56622.59656	40260.73641	137.00000	69381.30223	-97.06932	0.00000	-0.12863	69380.00000	-430.34639	0.00000	-0.42863
-56638.89378	40272.33049	137.00000	69401.30274	-97.11421	0.00000	-0.12857	69400.00000	-430.49600	0.00000	-0.42857
-56655.19102	40283.92455	137.00000	69421.30325	-97.15908	0.00000	-0.12852	69420.00000	-430.64559	0.00000	-0.42852
-56671.48827	40295.51860	137.00000	69441.30376	-97.20393	0.00000	-0.12846	69440.00000	-430.79516	0.00000	-0.42846
-56687.78554	40307.11264	137.00000	69461.30427	-97.24875	0.00000	-0.12840	69460.00000	-430.94471	0.00000	-0.42840
-56704.08281	40318.70665	137.00000	69481.30478	-97.29356	0.00000	-0.12834	69480.00000	-431.09424	0.00000	-0.42834
-56720.38010	40330.30065	137.00000	69501.30529	-97.33835	0.00000	-0.12829	69500.00000	-431.24375	0.00000	-0.42829
-56736.67739	40341.89464	137.00000	69521.30580	-97.38312	0.00000	-0.12823	69520.00000	-431.39324	0.00000	-0.42823
-56752.97470	40353.48860	137.00000	69541.30630	-97.42787	0.00000	-0.12817	69540.00000	-431.54271	0.00000	-0.42817
-56769.27202	40365.08256	137.00000	69561.30681	-97.47260	0.00000	-0.12811	69560.00000	-431.69216	0.00000	-0.42811
-56785.56935	40376.67649	137.00000	69581.30732	-97.51731	0.00000	-0.12806	69580.00000	-431.84159	0.00000	-0.42806
-56801.86670	40388.27041	137.00000	69601.30783	-97.56200	0.00000	-0.12800	69600.00000	-431.99100	0.00000	-0.42800
-56818.16405	40399.86431	137.00000	69621.30834	-97.60666	0.00000	-0.12794	69620.00000	-432.14039	0.00000	-0.42794
-56834.46142	40411.45820	137.00000	69641.30885	-97.65131	0.00000	-0.12788	69640.00000	-432.28976	0.00000	-0.42788
-56850.75879	40423.05206	137.00000	69661.30935	-97.69594	0.00000	-0.12783	69660.00000	-432.43911	0.00000	-0.42783
-56867.05618	40434.64592	137.00000	69681.30986	-97.74055	0.00000	-0.12777	69680.00000	-432.58844	0.00000	-0.42777
-56883.35358	40446.23975	137.00000	69701.31037	-97.78514	0.00000	-0.12771	69700.00000	-432.73775	0.00000	-0.42771
-56899.65099	40457.83357	137.00000	69721.31088	-97.82971	0.00000	-0.12766	69720.00000	-432.88704	0.00000	-0.42766
-56915.94842	40469.42738	137.00000	69741.31138	-97.87426	0.00000	-0.12760	69740.00000	-433.03631	0.00000	-0.42760
-56932.24585	40481.02116	137.00000	69761.31189	-97.91879	0.00000	-0.12754	69760.00000	-433.18556	0.00000	-0.42754
-56948.54330	40492.61494	137.00000	69781.31240	-97.96329	0.00000	-0.12748	69780.00000	-433.33479	0.00000	-0.42748
-56964.84075	40504.20869	137.00000	69801.31291	-98.00778	0.00000	-0.12743	69800.00000	-433.48400	0.00000	-0.42743
-56981.13822	40515.80243	137.00000	69821.31341	-98.05225	0.00000	-0.12737	69820.00000	-433.63319	0.00000	-0.42737
-56997.43570	40527.39615	137.00000	69841.31392	-98.09670	0.00000	-0.12731	69840.00000	-433.78236	0.00000	-0.42731
-57013.73320	40538.98985	137.00000	69861.31443	-98.14113	0.00000	-0.12725	69860.00000	-433.93151	0.00000	-0.42725
-57030.03070	40550.58354	137.00000	69881.31493	-98.18554	0.00000	-0.12720	69880.00000	-434.08064	0.00000	-0.42720
-57046.32821	40562.17722	137.00000	69901.31544	-98.22993	0.00000	-0.12714	69900.00000	-434.22975	0.00000	-0.42714
-57062.62574	40573.77087	137.00000	69921.31595	-98.27429	0.00000	-0.12708	69920.00000	-434.37884	0.00000	-0.42708
-57078.92328	40585.36451	137.00000	69941.31645	-98.31864	0.00000	-0.12703	69940.00000	-434.52791	0.00000	-0.42703
-57095.22083	40596.95814	137.00000	69961.31696	-98.36297	0.00000	-0.12697	69960.00000	-434.67696	0.00000	-0.42697
-57111.51839	40608.55174	137.00000	69981.31746	-98.40728	0.00000	-0.12691	69980.00000	-434.82599	0.00000	-0.42691
-57127.81596	40620.14533	137.00000	70001.31797	-98.45157	0.00000	-0.12685	70000.00000	-434.97500	0.00000	-0.42685
-57144.11354	40631.73891	137.00000	70021.31848	-98.49584	0.00000	-0.12680	70020.00000	-435.12399	0.00000	-0.42680
-57160.41114	40643.33246	137.00000	70041.31898	-98.54009	0.00000	-0.12674	70040.00000	-435.27296	0.00000	-0.42674
-57176.70875	40654.92601	137.00000	70061.31949	-98.58432	0.00000	-0.12668	70060.00000	-435.42191	0.00000	-0.42668
-57193.00636	40666.51953	137.00000	70081.31999	-98.62852	0.00000	-0.12662	70080.00000	-435.57084	0.00000	-0.42662
-57209.30399	40678.11304	137.00000	70101.32050	-98.67271	0.00000	-0.12657	70100.00000	-435.71975	0.00000	-0.42657
-57225.60164	40689.70653	137.00000	70121.32100	-98.71688	0.00000	-0.12651	70120.00000	-435.86864	0.00000	-0.42651
-57241.89929	40701.30001	137.00000	70141.32151	-98.76103	0.00000	-0.12645	70140.00000	-436.01751	0.00000	-0.42645
-57258.19695	40712.89347	137.00000	70161.32202	-98.80516	0.00000	-0.12640	70160.00000	-436.16636	0.00000	-0.42640
-57274.49463	40724.48691	137.00000	70181.32252	-98.84927	0.00000	-0.12634	70180.00000	-436.31519	0.00000	-0.42634
-57290.79231	40736.08034	137.00000	70201.32303	-98.89336	0.00000	-0.12628	70200.00000	-436.46400	0.00000	-0.42628
-57307.09001	40747.67375	137.00000	70221.32353	-98.93742	0.00000	-0.12622	70220.00000	-436.61279	0.00000	-0.42622
-57323.38772	40759.26714	137.00000	70241.32404	-98.98147	0.00000	-0.12617	70240.00000	-436.76156	0.00000	-0.42617
-57339.68544	40770.86052	137.00000	70261.32454	-99.02550	0.00000	-0.12611	70260.00000	-436.91031	0.00000	-0.42611
-57355.98318	40782.45388	137.00000	70281.32504	-99.06951	0.00000	-0.12605	70280.00000	-437.05904	0.00000	-0.42605
-57372.28092	40794.04723	137.00000	70301.32555	-99.11350	0.00000	-0.12599	70300.00000	-437.20775	0.00000	-0.42599
-57388.57868	40805.64055	137.00000	70321.32605	-99.15747	0.00000	-0.12594	70320.00000	-437.35644	0.00000	-0.42594
-57404.87644	40817.23387	137.00000	70341.32656	-99.20142	0.00000	-0.12588	70340.00000	-437.50511	0.00000	-0.42588
-57421.17422	40828.82716	137.00000	70361.32706	-99.24535	0.00000	-0.12582	70360.00000	-437.65376	0.00000	-0.42582
-57437.47201	40840.42044	137.00000	70381.32757	-99.28925	0.00000	-0.12576	70380.00000	-437.80239	0.00000	-0.42576
-57453.76982	40852.01370	137.00000	70401.32807	-99.33314	0.00000	-0.12571	70400.00000	-437.95100	0.00000	-0.42571
-57470.06763	40863.60695	137.00000	70421.32857	-99.37701	0.00000	-0.12565	70420.00000	-438.09959	0.00000	-0.42565
-57486.36545	40875.20018	137.00000	70441.32908	-99.42086	0.00000	-0.12559	70440.00000	-438.24816	0.00000	-0.42559
-57502.66329	40886.79339	137.00000	70461.32958	-99.46469	0.00000	-0.12554	70460.00000	-438.39671	0.00000	-0.42554
-57518.96114	40898.38659	137.00000	70481.33008	-99.50850	0.00000	-0.12548	70480.00000	-438.54524	0.00000	-0.42548
-57535.25900	40909.97977	137.00000	70501.33059	-99.55229	0.00000	-0.12542	70500.00000	-438.69375	0.00000	-0.42542
-57551.55687	40921.57294	137.00000	70521.33109	-99.59606	0.00000	-0.12536	70520.00000	-438.84224	0.00000	-0.42536
-57567.85475	40933.16609	137.00000	70541.33159	-99.63980	0.00000	-0.12531	70540.00000	-438.99071	0.00000	-0.42531
-57584.15264	40944.75922	137.00000	70561.33210	-99.68353	0.00000	-0.12525	70560.00000	-439.13916	0.00000	-0.42525
-57600.45055	40956.35233	137.00000	70581.33260	-99.72724	0.00000	-0.12519	70580.00000	-439.28759	0.00000	-0.42519
-57616.74846	40967.94543	137.00000	70601.33310	-99.77093	0.00000	-0.12513	70600.00000	-439.43600	0.00000	-0.42513
-57633.04639	40979.53851	137.00000	70621.33361	-99.81460	0.00000	-0.12508	70620.00000	-439.58439	0.00000	-0.42508
-57649.34433	40991.13158	137.00000	70641.33411	-99.85825	0.00000	-0.12502	70640.00000	-439.73276	0.00000	-0.42502
-57665.64228	41002.72463	137.00000	70661.33461	-99.90188	0.00000	-0.12496	70660.00000	-439.88111	0.00000	-0.42496
-57681.94024	41014.31766	137.00000	70681.33511	-99.94548	0.00000	-0.12491	70680.00000	-440.02944	0.00000	-0.42491
-57698.23822	41025.91068	137.00000	70701.33562	-99.98907	0.00000	-0.12485	70700.00000	-440.17775	0.00000	-0.42485
-57714.53620	41037.50368	137.00000	70721.33612	-100.03264	0.00000	-0.12479	70720.00000	-440.32604	0.00000	-0.42479
-57730.83420	41049.09667	137.00000	70741.33662	-100.07619	0.00000	-0.12473	70740.00000	-440.47431	0.00000	-0.42473
-57747.13221	41060.68963	137.00000	70761.33712	-100.11972	0.00000	-0.12468	70760.00000	-440.62256	0.00000	-0.42468
-57763.43023	41072.28259	137.00000	70781.33763	-100.16323	0.00000	-0.12462	70780.00000	-440.77079	0.00000	-0.42462
-57779.72826	41083.87552	137.00000	70801.33813	-100.20672	0.00000	-0.12456	70800.00000	-440.91900	0.00000	-0.42456
-57796.02630	41095.46844	137.00000	70821.33863	-100.25019	0.00000	-0.12450	70820.00000	-441.06719	0.00000	-0.42450
-57812.32435	41107.06134	137.00000	70841.33913	-100.29363	0.00000	-0.12445	70840.00000	-441.21536	0.00000	-0.42445
-57828.62242	41118.65423	137.00000	70861.33963	-100.33706	0.00000	-0.12439	70860.00000	-441.36351	0.00000	-0.42439
-57844.92050	41130.24710	137.00000	70881.34013	-100.38047	0.00000	-0.12433	70880.00000	-441.51164	0.00000	-0.42433
-57861.21859	41141.83995	137.00000	70901.34063	-100.42386	0.00000	-0.12428	70900.00000	-441.65975	0.00000	-0.42428
-57877.51669	41153.43279	137.00000	70921.34114	-100.46723	0.00000	-0.12422	70920.00000	-441.80784	0.00000	-0.42422
-57893.81480	41165.02561	137.00000	70941.34164	-100.51058	0.00000	-0.12416	70940.00000	-441.95591	0.00000	-0.42416
-57910.11292	41176.61841	137.00000	70961.34214	-100.55391	0.00000	-0.12410	70960.00000	-442.10396	0.00000	-0.42410
-57926.41105	41188.21120	137.00000	70981.34264	-100.59721	0.00000	-0.12405	70980.00000	-442.25199	0.00000	-0.42405
-57942.70920	41199.80397	137.00000	71001.34314	-100.64050	0.00000	-0.12399	71000.00000	-442.40000	0.00000	-0.42399
-57959.00736	41211.39673	137.00000	71021.34364	-100.68377	0.00000	-0.12393	71020.00000	-442.54799	0.00000	-0.42393
-57975.30553	41222.98947	137.00000	71041.34414	-100.72702	0.00000	-0.12387	71040.00000	-442.69596	0.00000	-0.42387
-57991.60371	41234.58219	137.00000	71061.34464	-100.77025	0.00000	-0.12382	71060.00000	-442.84391	0.00000	-0.42382
-58007.90190	41246.17489	137.00000	71081.34514	-100.81346	0.00000	-0.12376	71080.00000	-442.99184	0.00000	-0.42376
-58024.20010	41257.76758	137.00000	71101.34564	-100.85665	0.00000	-0.12370	71100.00000	-443.13975	0.00000	-0.42370
-58040.49832	41269.36026	137.00000	71121.34614	-100.89982	0.00000	-0.12364	71120.00000	-443.28764	0.00000	-0.42364
-58056.79654	41280.95291	137.00000	71141.34664	-100.94296	0.00000	-0.12359	71140.00000	-443.43551	0.00000	-0.42359
-58073.09478	41292.54555	137.00000	71161.34714	-100.98609	0.00000	-0.12353	71160.00000	-443.58336	0.00000	-0.42353
-58089.39303	41304.13818	137.00000	71181.34764	-101.02920	0.00000	-0.12347	71180.00000	-443.73119	0.00000	-0.42347
-58105.69129	41315.73079	137.00000	71201.34814	-101.07229	0.00000	-0.12342	71200.00000	-443.87900	0.00000	-0.42342
-58121.98956	41327.32338	137.00000	71221.34864	-101.11536	0.00000	-0.12336	71220.00000	-444.02679	0.00000	-0.42336
-58138.28785	41338.91595	137.00000	71241.34914	-101.15841	0.00000	-0.12330	71240.00000	-444.17456	0.00000	-0.42330
-58154.58614	41350.50851	137.00000	71261.34964	-101.20144	0.00000	-0.12324	71260.00000	-444.32231	0.00000	-0.42324
-58170.88445	41362.10105	137.00000	71281.35014	-101.24445	0.00000	-0.12319	71280.00000	-444.47004	0.00000	-0.42319
-58187.18276	41373.69358	137.00000	71301.35064	-101.28743	0.00000	-0.12313	71300.00000	-444.61775	0.00000	-0.42313
-58203.48109	41385.28609	137.00000	71321.35114	-101.33040	0.00000	-0.12307	71320.00000	-444.76544	0.00000	-0.42307
-58219.77943	41396.87858	137.00000	71341.35164	-101.37335	0.00000	-0.12301	71340.00000	-444.91311	0.00000	-0.42301
-58236.07779	41408.47106	137.00000	71361.35214	-101.41628	0.00000	-0.12296	71360.00000	-445.06076	0.00000	-0.42296
-58252.37615	41420.06352	137.00000	71381.35264	-101.45919	0.00000	-0.12290	71380.00000	-445.20839	0.00000	-0.42290
-58268.67453	41431.65596	137.00000	71401.35313	-101.50208	0.00000	-0.12284	71400.00000	-445.35600	0.00000	-0.42284
-58284.97291	41443.24839	137.00000	71421.35363	-101.54495	0.00000	-0.12279	71420.00000	-445.50359	0.00000	-0.42279
-58301.27131	41454.84080	137.00000	71441.35413	-101.58780	0.00000	-0.12273	71440.00000	-445.65116	0.00000	-0.42273
-58317.56972	41466.43319	137.00000	71461.35463	-101.63062	0.00000	-0.12267	71460.00000	-445.79871	0.00000	-0.42267
-58333.86814	41478.02557	137.00000	71481.35513	-101.67343	0.00000	-0.12261	71480.00000	-445.94624	0.00000	-0.42261
-58350.16657	41489.61793	137.00000	71501.35563	-101.71622	0.00000	-0.12256	71500.00000	-446.09375	0.00000	-0.42256
-58366.46502	41501.21028	137.00000	71521.35612	-101.75899	0.00000	-0.12250	71520.00000	-446.24124	0.00000	-0.42250
-58382.76347	41512.80261	137.00000	71541.35662	-101.80174	0.00000	-0.12244	71540.00000	-446.38871	0.00000	-0.42244
-58399.06194	41524.39492	137.00000	71561.35712	-101.84447	0.00000	-0.12238	71560.00000	-446.53616	0.00000	-0.42238
-58415.36042	41535.98722	137.00000	71581.35762	-101.88718	0.00000	-0.12233	71580.00000	-446.68359	0.00000	-0.42233
-58431.65891	41547.57950	137.00000	71601.35812	-101.92986	0.00000	-0.12227	71600.00000	-446.83100	0.00000	-0.42227
-58447.95741	41559.17176	137.00000	71621.35861	-101.97253	0.00000	-0.12221	71620.00000	-446.97839	0.00000	-0.42221
-58464.25592	41570.76401	137.00000	71641.35911	-102.01518	0.00000	-0.12216	71640.00000	-447.12576	0.00000	-0.42216
-58480.55445	41582.35624	137.00000	71661.35961	-102.05781	0.00000	-0.12210	71660.00000	-447.27311	0.00000	-0.42210
-58496.85298	41593.94845	137.00000	71681.36011	-102.10042	0.00000	-0.12204	71680.00000	-447.42044	0.00000	-0.42204
-58513.15153	41605.54065	137.00000	71701.36060	-102.14301	0.00000	-0.12198	71700.00000	-447.56775	0.00000	-0.42198
-58529.45009	41617.13283	137.00000	71721.36110	-102.18558	0.00000	-0.12193	71720.00000	-447.71504	0.00000	-0.42193
-58545.74866	41628.72500	137.00000	71741.36160	-102.22813	0.00000	-0.12187	71740.00000	-447.86231	0.00000	-0.42187
-58562.04724	41640.31715	137.00000	71761.36209	-102.27065	0.00000	-0.12181	71760.00000	-448.00956	0.00000	-0.42181
-58578.34584	41651.90928	137.00000	71781.36259	-102.31316	0.00000	-0.12175	71780.00000	-448.15679	0.00000	-0.42175
-58594.64444	41663.50140	137.00000	71801.36309	-102.35565	0.00000	-0.12170	71800.00000	-448.30400	0.00000	-0.42170
-58610.94306	41675.09350	137.00000	71821.36358	-102.39812	0.00000	-0.12164	71820.00000	-448.45119	0.00000	-0.42164
-58627.24168	41686.68558	137.00000	71841.36408	-102.44057	0.00000	-0.12158	71840.00000	-448.59836	0.00000	-0.42158
-58643.54032	41698.27765	137.00000	71861.36458	-102.48300	0.00000	-0.12153	71860.00000	-448.74551	0.00000	-0.42153
-58659.83897	41709.86970	137.00000	71881.36507	-102.52541	0.00000	-0.12147	71880.00000	-448.89264	0.00000	-0.42147
-58676.13764	41721.46173	137.00000	71901.36557	-102.56780	0.00000	-0.12141	71900.00000	-449.03975	0.00000	-0.42141
-58692.43631	41733.05375	137.00000	71921.36606	-102.61016	0.00000	-0.12135	71920.00000	-449.18684	0.00000	-0.42135
-58708.73499	41744.64575	137.00000	71941.36656	-102.65251	0.00000	-0.12130	71940.00000	-449.33391	0.00000	-0.42130
-58725.03369	41756.23773	137.00000	71961.36706	-102.69484	0.00000	-0.12124	71960.00000	-449.48096	0.00000	-0.42124
-58741.33240	41767.82970	137.00000	71981.36755	-102.73715	0.00000	-0.12118	71980.00000	-449.62799	0.00000	-0.42118
-58757.63112	41779.42166	137.00000	72001.36805	-102.77944	0.00000	-0.12112	72000.00000	-449.77500	0.00000	-0.42112
-58773.92985	41791.01359	137.00000	72021.36854	-102.82171	0.00000	-0.12107	72020.00000	-449.92199	0.00000	-0.42107
-58790.22859	41802.60551	137.00000	72041.36904	-102.86396	0.00000	-0.12101	72040.00000	-450.06896	0.00000	-0.42101
-58806.52735	41814.19741	137.00000	72061.36953	-102.90618	0.00000	-0.12095	72060.00000	-450.21591	0.00000	-0.42095
-58822.82611	41825.78930	137.00000	72081.37003	-102.94839	0.00000	-0.12089	72080.00000	-450.36284	0.00000	-0.42089
-58839.12489	41837.38117	137.00000	72101.37052	-102.99058	0.00000	-0.12084	72100.00000	-450.50975	0.00000	-0.42084
-58855.42368	41848.97303	137.00000	72121.37102	-103.03275	0.00000	-0.12078	72120.00000	-450.65664	0.00000	-0.42078
-58871.72248	41860.56486	137.00000	72141.37151	-103.07490	0.00000	-0.12072	72140.00000	-450.80351	0.00000	-0.42072
-58888.02129	41872.15668	137.00000	72161.37201	-103.11703	0.00000	-0.12067	72160.00000	-450.95036	0.00000	-0.42067
-58904.32011	41883.74849	137.00000	72181.37250	-103.15914	0.00000	-0.12061	72180.00000	-451.09719	0.00000	-0.42061
-58920.61894	41895.34028	137.00000	72201.37300	-103.20123	0.00000	-0.12055	72200.00000	-451.24400	0.00000	-0.42055
-58936.91779	41906.93205	137.00000	72221.37349	-103.24329	0.00000	-0.12049	72220.00000	-451.39079	0.00000	-0.42049
-58953.21665	41918.52381	137.00000	72241.37399	-103.28534	0.00000	-0.12044	72240.00000	-451.53756	0.00000	-0.42044
-58969.51551	41930.11554	137.00000	72261.37448	-103.32737	0.00000	-0.12038	72260.00000	-451.68431	0.00000	-0.42038
-58985.81439	41941.70727	137.00000	72281.37497	-103.36938	0.00000	-0.12032	72280.00000	-451.83104	0.00000	-0.42032
-59002.11329	41953.29897	137.00000	72301.37547	-103.41137	0.00000	-0.12026	72300.00000	-451.97775	0.00000	-0.42026
-59018.41219	41964.89066	137.00000	72321.37596	-103.45334	0.00000	-0.12021	72320.00000	-452.12444	0.00000	-0.42021
-59034.71110	41976.48234	137.00000	72341.37646	-103.49529	0.00000	-0.12015	72340.00000	-452.27111	0.00000	-0.42015
-59051.01003	41988.07400	137.00000	72361.37695	-103.53722	0.00000	-0.12009	72360.00000	-452.41776	0.00000	-0.42009
-59067.30897	41999.66564	137.00000	72381.37744	-103.57912	0.00000	-0.12004	72380.00000	-452.56439	0.00000	-0.42004
-59083.60792	42011.25726	137.00000	72401.37794	-103.62101	0.00000	-0.11998	72400.00000	-452.71100	0.00000	-0.41998
-59099.90688	42022.84887	137.00000	72421.37843	-103.66288	0.00000	-0.11992	72420.00000	-452.85759	0.00000	-0.41992
-59116.20585	42034.44046	137.00000	72441.37892	-103.70473	0.00000	-0.11986	72440.00000	-453.00416	0.00000	-0.41986
-59132.50483	42046.03204	137.00000	72461.37942	-103.74656	0.00000	-0.11981	72460.00000	-453.15071	0.00000	-0.41981
-59148.80383	42057.62360	137.00000	72481.37991	-103.78837	0.00000	-0.11975	72480.00000	-453.29724	0.00000	-0.41975
-59165.10283	42069.21514	137.00000	72501.38040	-103.83016	0.00000	-0.11969	72500.00000	-453.44375	0.00000	-0.41969
-59181.40185	42080.80666	137.00000	72521.38090	-103.87193	0.00000	-0.11963	72520.00000	-453.59024	0.00000	-0.41963
-59197.70088	42092.39817	137.00000	72541.38139	-103.91367	0.00000	-0.11958	72540.00000	-453.73671	0.00000	-0.41958
-59213.99992	42103.98967	137.00000	72561.38188	-103.95540	0.00000	-0.11952	72560.00000	-453.88316	0.00000	-0.41952
-59230.29897	42115.58114	137.00000	72581.38237	-103.99711	0.00000	-0.11946	72580.00000	-454.02959	0.00000	-0.41946
-59246.59804	42127.17261	137.00000	72601.38287	-104.03880	0.00000	-0.11941	72600.00000	-454.17600	0.00000	-0.41941
-59262.89711	42138.76405	137.00000	72621.38336	-104.08047	0.00000	-0.11935	72620.00000	-454.32239	0.00000	-0.41935
-59279.19620	42150.35548	137.00000	72641.38385	-104.12212	0.00000	-0.11929	72640.00000	-454.46876	0.00000	-0.41929
-59295.49529	42161.94689	137.00000	72661.38434	-104.16375	0.00000	-0.11923	72660.00000	-454.61511	0.00000	-0.41923
-59311.79440	42173.53828	137.00000	72681.38483	-104.20535	0.00000	-0.11918	72680.00000	-454.76144	0.00000	-0.41918
-59328.09352	42185.12966	137.00000	72701.38533	-104.24694	0.00000	-0.11912	72700.00000	-454.90775	0.00000	-0.41912
-59344.39266	42196.72103	137.00000	72721.38582	-104.28851	0.00000	-0.11906	72720.00000	-455.05404	0.00000	-0.41906
-59360.69180	42208.31237	137.00000	72741.38631	-104.33006	0.00000	-0.11900	72740.00000	-455.20031	0.00000	-0.41900
-59376.99096	42219.90370	137.00000	72761.38680	-104.37159	0.00000	-0.11895	72760.00000	-455.34656	0.00000	-0.41895
-59393.29012	42231.49502	137.00000	72781.38729	-104.41310	0.00000	-0.11889	72780.00000	-455.49279	0.00000	-0.41889
-59409.58930	42243.08631	137.00000	72801.38778	-104.45459	0.00000	-0.11883	72800.00000	-455.63900	0.00000	-0.41883
-59425.88849	42254.67759	137.00000	72821.38828	-104.49606	0.00000	-0.11877	72820.00000	-455.78519	0.00000	-0.41877
-59442.18769	42266.26886	137.00000	72841.38877	-104.53750	0.00000	-0.11872	72840.00000	-455.93136	0.00000	-0.41872
-59458.48691	42277.86010	137.00000	72861.38926	-104.57893	0.00000	-0.11866	72860.00000	-456.07751	0.00000	-0.41866
-59474.78613	42289.45134	137.00000	72881.38975	-104.62034	0.00000	-0.11860	72880.00000	-456.22364	0.00000	-0.41860
-59491.08537	42301.04255	137.00000	72901.39024	-104.66173	0.00000	-0.11855	72900.00000	-456.36975	0.00000	-0.41855
-59507.38461	42312.63375	137.00000	72921.39073	-104.70310	0.00000	-0.11849	72920.00000	-456.51584	0.00000	-0.41849
-59523.68387	42324.22493	137.00000	72941.39122	-104.74445	0.00000	-0.11843	72940.00000	-456.66191	0.00000	-0.41843
-59539.98314	42335.81610	137.00000	72961.39171	-104.78578	0.00000	-0.11837	72960.00000	-456.80796	0.00000	-0.41837
-59556.28242	42347.40725	137.00000	72981.39220	-104.82709	0.00000	-0.11832	72980.00000	-456.95399	0.00000	-0.41832
-59572.58172	42358.99838	137.00000	73001.39269	-104.86837	0.00000	-0.11826	73000.00000	-457.10000	0.00000	-0.41826
-59588.88102	42370.58950	137.00000	73021.39318	-104.90964	0.00000	-0.11820	73020.00000	-457.24599	0.00000	-0.41820
-59605.18034	42382.18060	137.00000	73041.39367	-104.95089	0.00000	-0.11814	73040.00000	-457.39196	0.00000	-0.41814
-59621.47966	42393.77168	137.00000	73061.39416	-104.99212	0.00000	-0.11809	73060.00000	-457.53791	0.00000	-0.41809
-59637.77900	42405.36275	137.00000	73081.39465	-105.03333	0.00000	-0.11803	73080.00000	-457.68384	0.00000	-0.41803
-59654.07835	42416.95380	137.00000	73101.39514	-105.07452	0.00000	-0.11797	73100.00000	-457.82975	0.00000	-0.41797
-59670.37771	42428.54484	137.00000	73121.39563	-105.11569	0.00000	-0.11792	73120.00000	-457.97564	0.00000	-0.41792
-59686.67709	42440.13585	137.00000	73141.39612	-105.15684	0.00000	-0.11786	73140.00000	-458.12151	0.00000	-0.41786
-59702.97647	42451.72686	137.00000	73161.39661	-105.19796	0.00000	-0.11780	73160.00000	-458.26736	0.00000	-0.41780
-59719.27587	42463.31784	137.00000	73181.39710	-105.23907	0.00000	-0.11774	73180.00000	-458.41319	0.00000	-0.41774
-59735.57528	42474.90881	137.00000	73201.39759	-105.28016	0.00000	-0.11769	73200.00000	-458.55900	0.00000	-0.41769
-59751.87470	42486.49976	137.00000	73221.39808	-105.32123	0.00000	-0.11763	73220.00000	-458.70479	0.00000	-0.41763
-59768.17413	42498.09070	137.00000	73241.39857	-105.36228	0.00000	-0.11757	73240.00000	-458.85056	0.00000	-0.41757
-59784.47357	42509.68162	137.00000	73261.39906	-105.40331	0.00000	-0.11751	73260.00000	-458.99631	0.00000	-0.41751
-59800.77302	42521.27252	137.00000	73281.39955	-105.44432	0.00000	-0.11746	73280.00000	-459.14204	0.00000	-0.41746
-59817.07249	42532.86341	137.00000	73301.40004	-105.48531	0.00000	-0.11740	73300.00000	-459.28775	0.00000	-0.41740
-59833.37196	42544.45428	137.00000	73321.40052	-105.52627	0.00000	-0.11734	73320.00000	-459.43344	0.00000	-0.41734
-59849.67145	42556.04514	137.00000	73341.40101	-105.56722	0.00000	-0.11729	73340.00000	-459.57911	0.00000	-0.41729
-59865.97095	42567.63598	137.00000	73361.40150	-105.60815	0.00000	-0.11723	73360.00000	-459.72476	0.00000	-0.41723
-59882.27046	42579.22680	137.00000	73381.40199	-105.64906	0.00000	-0.11717	73380.00000	-459.87039	0.00000	-0.41717
-59898.56998	42590.81760	137.00000	73401.40248	-105.68995	0.00000	-0.11711	73400.00000	-460.01600	0.00000	-0.41711
-59914.86952	42602.40839	137.00000	73421.40297	-105.73082	0.00000	-0.11706	73420.00000	-460.16159	0.00000	-0.41706
-59931.16906	42613.99916	137.00000	73441.40345	-105.77167	0.00000	-0.11700	73440.00000	-460.30716	0.00000	-0.41700
-59947.46862	42625.58992	137.00000	73461.40394	-105.81250	0.00000	-0.11694	73460.00000	-460.45271	0.00000	-0.41694
-59963.76819	42637.18066	137.00000	73481.40443	-105.85330	0.00000	-0.11688	73480.00000	-460.59824	0.00000	-0.41688
-59980.06777	42648.77138	137.00000	73501.40492	-105.89409	0.00000	-0.11683	73500.00000	-460.74375	0.00000	-0.41683
-59996.36736	42660.36209	137.00000	73521.40541	-105.93486	0.00000	-0.11677	73520.00000	-460.88924	0.00000	-0.41677
-60012.66696	42671.95278	137.00000	73541.40589	-105.97561	0.00000	-0.11671	73540.00000	-461.03471	0.00000	-0.41671
-60028.96658	42683.54346	137.00000	73561.40638	-106.01634	0.00000	-0.11665	73560.00000	-461.18016	0.00000	-0.41665
-60045.26620	42695.13411	137.00000	73581.40687	-106.05705	0.00000	-0.11660	73580.00000	-461.32559	0.00000	-0.41660
-60061.56584	42706.72476	137.00000	73601.40735	-106.09774	0.00000	-0.11654	73600.00000	-461.47100	0.00000	-0.41654
-60077.86549	42718.31538	137.00000	73621.40784	-106.13841	0.00000	-0.11648	73620.00000	-461.61639	0.00000	-0.41648
-60094.16515	42729.90599	137.00000	73641.40833	-106.17905	0.00000	-0.11643	73640.00000	-461.76176	0.00000	-0.41643
-60110.46482	42741.49658	137.00000	73661.40882	-106.21968	0.00000	-0.11637	73660.00000	-461.90711	0.00000	-0.41637
-60126.76450	42753.08716	137.00000	73681.40930	-106.26029	0.00000	-0.11631	73680.00000	-462.05244	0.00000	-0.41631
-60143.06420	42764.67772	137.00000	73701.40979	-106.30088	0.00000	-0.11625	73700.00000	-462.19775	0.00000	-0.41625
-60159.36390	42776.26826	137.00000	73721.41028	-106.34145	0.00000	-0.11620	73720.00000	-462.34304	0.00000	-0.41620
-60175.66362	42787.85879	137.00000	73741.41076	-106.38200	0.00000	-0.11614	73740.00000	-462.48831	0.00000	-0.41614
-60191.96335	42799.44930	137.00000	73761.41125	-106.42253	0.00000	-0.11608	73760.00000	-462.63356	0.00000	-0.41608
-60208.26309	42811.03979	137.00000	73781.41174	-106.46303	0.00000	-0.11602	73780.00000	-462.77879	0.00000	-0.41602
-60224.56284	42822.63027	137.00000	73801.41222	-106.50352	0.00000	-0.11597	73800.00000	-462.92400	0.00000	-0.41597
-60240.86260	42834.22073	137.00000	73821.41271	-106.54399	0.00000	-0.11591	73820.00000	-463.06919	0.00000	-0.41591
-60257.16238	42845.81118	137.00000	73841.41319	-106.58444	0.00000	-0.11585	73840.00000	-463.21436	0.00000	-0.41585
-60273.46217	42857.40161	137.00000	73861.41368	-106.62487	0.00000	-0.11580	73860.00000	-463.35951	0.00000	-0.41580
-60289.76196	42868.99202	137.00000	73881.41416	-106.66528	0.00000	-0.11574	73880.00000	-463.50464	0.00000	-0.41574
-60306.06177	42880.58241	137.00000	73901.41465	-106.70567	0.00000	-0.11568	73900.00000	-463.64975	0.00000	-0.41568
-60322.36159	42892.17279	137.00000	73921.41514	-106.74604	0.00000	-0.11562	73920.00000	-463.79484	0.00000	-0.41562
-60338.66143	42903.76316	137.00000	73941.41562	-106.78638	0.00000	-0.11557	73940.00000	-463.93991	0.00000	-0.41557
-60354.96127	42915.35350	137.00000	73961.41611	-106.82671	0.00000	-0.11551	73960.00000	-464.08496	0.00000	-0.41551
-60371.26112	42926.94383	137.00000	73981.41659	-106.86702	0.00000	-0.11545	73980.00000	-464.22999	0.00000	-0.41545
-60387.56099	42938.53415	137.00000	74001.41708	-106.90731	0.00000	-0.11539	74000.00000	-464.37500	0.00000	-0.41539
-60403.86087	42950.12445	137.00000	74021.41756	-106.94758	0.00000	-0.11534	74020.00000	-464.51999	0.00000	-0.41534
-60420.16076	42961.71473	137.00000	74041.41805	-106.98783	0.00000	-0.11528	74040.00000	-464.66496	0.00000	-0.41528
-60436.46066	42973.30499	137.00000	74061.41853	-107.02806	0.00000	-0.11522	74060.00000	-464.80991	0.00000	-0.41522
-60452.76057	42984.89524	137.00000	74081.41902	-107.06827	0.00000	-0.11517	74080.00000	-464.95484	0.00000	-0.41517
-60469.06050	42996.48547	137.00000	74101.41950	-107.10845	0.00000	-0.11511	74100.00000	-465.09975	0.00000	-0.41511
-60485.36043	43008.07569	137.00000	74121.41999	-107.14862	0.00000	-0.11505	74120.00000	-465.24464	0.00000	-0.41505
-60501.66038	43019.66589	137.00000	74141.42047	-107.18877	0.00000	-0.11499	74140.00000	-465.38951	0.00000	-0.41499
-60517.96034	43031.25607	137.00000	74161.42095	-107.22890	0.00000	-0.11494	74160.00000	-465.53436	0.00000	-0.41494
-60534.26031	43042.84624	137.00000	74181.42144	-107.26901	0.00000	-0.11488	74180.00000	-465.67919	0.00000	-0.41488
-60550.56029	43054.43639	137.00000	74201.42192	-107.30910	0.00000	-0.11482	74200.00000	-465.82400	0.00000	-0.41482
-60566.86028	43066.02652	137.00000	74221.42241	-107.34917	0.00000	-0.11476	74220.00000	-465.96879	0.00000	-0.41476
-60583.16028	43077.61664	137.00000	74241.42289	-107.38922	0.00000	-0.11471	74240.00000	-466.11356	0.00000	-0.41471
-60599.46030	43089.20674	137.00000	74261.42337	-107.42924	0.00000	-0.11465	74260.00000	-466.25831	0.00000	-0.41465
-60615.76033	43100.79682	137.00000	74281.42386	-107.46925	0.00000	-0.11459	74280.00000	-466.40304	0.00000	-0.41459
-60632.06037	43112.38689	137.00000	74301.42434	-107.50924	0.00000	-0.11453	74300.00000	-466.54775	0.00000	-0.41453
-60648.36042	43123.97694	137.00000	74321.42482	-107.54921	0.00000	-0.11448	74320.00000	-466.69244	0.00000	-0.41448
-60664.66048	43135.56698	137.00000	74341.42531	-107.58916	0.00000	-0.11442	74340.00000	-466.83711	0.00000	-0.41442
-60680.96055	43147.15700	137.00000	74361.42579	-107.62909	0.00000	-0.11436	74360.00000	-466.98176	0.00000	-0.41436
-60697.26064	43158.74700	137.00000	74381.42627	-107.66900	0.00000	-0.11431	74380.00000	-467.12639	0.00000	-0.41431
-60713.56073	43170.33699	137.00000	74401.42676	-107.70889	0.00000	-0.11425	74400.00000	-467.27100	0.00000	-0.41425
-60729.86084	43181.92696	137.00000	74421.42724	-107.74875	0.00000	-0.11419	74420.00000	-467.41559	0.00000	-0.41419
-60746.16096	43193.51691	137.00000	74441.42772	-107.78860	0.00000	-0.11413	74440.00000	-467.56016	0.00000	-0.41413
-60762.46109	43205.10685	137.00000	74461.42821	-107.82843	0.00000	-0.11408	74460.00000	-467.70471	0.00000	-0.41408
-60778.76123	43216.69677	137.00000	74481.42869	-107.86824	0.00000	-0.11402	74480.00000	-467.84924	0.00000	-0.41402
-60795.06138	43228.28667	137.00000	74501.42917	-107.90803	0.00000	-0.11396	74500.00000	-467.99375	0.00000	-0.41396
-60811.36155	43239.87656	137.00000	74521.42965	-107.94780	0.00000	-0.11390	74520.00000	-468.13824	0.00000	-0.41390
-60827.66172	43251.46643	137.00000	74541.43014	-107.98755	0.00000	-0.11385	74540.00000	-468.28271	0.00000	-0.41385
-60843.96191	43263.05629	137.00000	74561.43062	-108.02728	0.00000	-0.11379	74560.00000	-468.42716	0.00000	-0.41379
-60860.26211	43274.64613	137.00000	74581.43110	-108.06698	0.00000	-0.11373	74580.00000	-468.57159	0.00000	-0.41373
-60876.56232	43286.23595	137.00000	74601.43158	-108.10667	0.00000	-0.11368	74600.00000	-468.71600	0.00000	-0.41368
-60892.86254	43297.82576	137.00000	74621.43206	-108.14634	0.00000	-0.11362	74620.00000	-468.86039	0.00000	-0.41362
-60909.16278	43309.41554	137.00000	74641.43255	-108.18599	0.00000	-0.11356	74640.00000	-469.00476	0.00000	-0.41356
-60925.46302	43321.00532	137.00000	74661.43303	-108.22562	0.00000	-0.11350	74660.00000	-469.14911	0.00000	-0.41350
-60941.76328	43332.59508	137.00000	74681.43351	-108.26523	0.00000	-0.11345	74680.00000	-469.29344	0.00000	-0.41345
-60958.06355	43344.18482	137.00000	74701.43399	-108.30482	0.00000	-0.11339	74700.00000	-469.43775	0.00000	-0.41339
-60974.36383	43355.77454	137.00000	74721.43447	-108.34439	0.00000	-0.11333	74720.00000	-469.58204	0.00000	-0.41333
-60990.66412	43367.36425	137.00000	74741.43495	-108.38393	0.00000	-0.11327	74740.00000	-469.72631	0.00000	-0.41327
-61006.96442	43378.95394	137.00000	74761.43543	-108.42346	0.00000	-0.11322	74760.00000	-469.87056	0.00000	-0.41322
-61023.26473	43390.54361	137.00000	74781.43591	-108.46297	0.00000	-0.11316	74780.00000	-470.01479	0.00000	-0.41316
-61039.56506	43402.13327	137.00000	74801.43640	-108.50246	0.00000	-0.11310	74800.00000	-470.15900	0.00000	-0.41310
-61055.86540	43413.72292	137.00000	74821.43688	-108.54193	0.00000	-0.11305	74820.00000	-470.30319	0.00000	-0.41305
-61072.16575	43425.31254	137.00000	74841.43736	-108.58138	0.00000	-0.11299	74840.00000	-470.44736	0.00000	-0.41299
-61088.46611	43436.90215	137.00000	74861.43784	-108.62081	0.00000	-0.11293	74860.00000	-470.59151	0.00000	-0.41293
-61104.76648	43448.49174	137.00000	74881.43832	-108.66022	0.00000	-0.11287	74880.00000	-470.73564	0.00000	-0.41287
-61121.06686	43460.08132	137.00000	74901.43880	-108.69960	0.00000	-0.11282	74900.00000	-470.87975	0.00000	-0.41282
-61137.36725	43471.67088	137.00000	74921.43928	-108.73897	0.00000	-0.11276	74920.00000	-471.02384	0.00000	-0.41276
-61153.66766	43483.26042	137.00000	74941.43976	-108.77832	0.00000	-0.11270	74940.00000	-471.16791	0.00000	-0.41270
-61169.96808	43494.84995	137.00000	74961.44024	-108.81765	0.00000	-0.11264	74960.00000	-471.31196	0.00000	-0.41264
-61186.26851	43506.43946	137.00000	74981.44072	-108.85696	0.00000	-0.11259	74980.00000	-471.45599	0.00000	-0.41259
-61202.56895	43518.02896	137.00000	75001.44120	-108.89625	0.00000	-0.11253	75000.00000	-471.60000	0.00000	-0.41253
-61218.86940	43529.61844	137.00000	75021.44168	-108.93552	0.00000	-0.11247	75020.00000	-471.74399	0.00000	-0.41247
-61235.16986	43541.20790	137.00000	75041.44216	-108.97477	0.00000	-0.11242	75040.00000	-471.88796	0.00000	-0.41242
-61251.47033	43552.79734	137.00000	75061.44264	-109.01399	0.00000	-0.11236	75060.00000	-472.03191	0.00000	-0.41236
-61267.77082	43564.38677	137.00000	75081.44312	-109.05320	0.00000	-0.11230	75080.00000	-472.17584	0.00000	-0.41230
-61284.07132	43575.97619	137.00000	75101.44360	-109.09239	0.00000	-0.11224	75100.00000	-472.31975	0.00000	-0.41224
-61300.37183	43587.56558	137.00000	75121.44408	-109.13156	0.00000	-0.11219	75120.00000	-472.46364	0.00000	-0.41219
-61316.67235	43599.15496	137.00000	75141.44456	-109.17071	0.00000	-0.11213	75140.00000	-472.60751	0.00000	-0.41213
-61332.97288	43610.74433	137.00000	75161.44503	-109.20984	0.00000	-0.11207	75160.00000	-472.75136	0.00000	-0.41207
-61349.27342	43622.33367	137.00000	75181.44551	-109.24895	0.00000	-0.11201	75180.00000	-472.89519	0.00000	-0.41201
-61365.57398	43633.92301	137.00000	75201.44599	-109.28804	0.00000	-0.11196	75200.00000	-473.03900	0.00000	-0.41196
-61381.87454	43645.51232	137.00000	75221.44647	-109.32710	0.00000	-0.11190	75220.00000	-473.18279	0.00000	-0.41190
-61398.17512	43657.10162	137.00000	75241.44695	-109.36615	0.00000	-0.11184	75240.00000	-473.32656	0.00000	-0.41184
-61414.47571	43668.69090	137.00000	75261.44743	-109.40518	0.00000	-0.11178	75260.00000	-473.47031	0.00000	-0.41178
-61430.77631	43680.28017	137.00000	75281.44791	-109.44419	0.00000	-0.11173	75280.00000	-473.61404	0.00000	-0.41173
-61447.07692	43691.86941	137.00000	75301.44838	-109.48318	0.00000	-0.11167	75300.00000	-473.75775	0.00000	-0.41167
-61463.37755	43703.45865	137.00000	75321.44886	-109.52215	0.00000	-0.11161	75320.00000	-473.90144	0.00000	-0.41161
-61479.67818	43715.04786	137.00000	75341.44934	-109.56110	0.00000	-0.11156	75340.00000	-474.04511	0.00000	-0.41156
-61495.97883	43726.63706	137.00000	75361.44982	-109.60003	0.00000	-0.11150	75360.00000	-474.18876	0.00000	-0.41150
-61512.27949	43738.22625	137.00000	75381.45030	-109.63893	0.00000	-0.11144	75380.00000	-474.33239	0.00000	-0.41144
-61528.58016	43749.81541	137.00000	75401.45077	-109.67782	0.00000	-0.11138	75400.00000	-474.47600	0.00000	-0.41138
-61544.88084	43761.40456	137.00000	75421.45125	-109.71669	0.00000	-0.11133	75420.00000	-474.61959	0.00000	-0.41133
-61561.18153	43772.99370	137.00000	75441.45173	-109.75554	0.00000	-0.11127	75440.00000	-474.76316	0.00000	-0.41127
-61577.48223	43784.58282	137.00000	75461.45221	-109.79437	0.00000	-0.11121	75460.00000	-474.90671	0.00000	-0.41121
-61593.78295	43796.17192	137.00000	75481.45268	-109.83318	0.00000	-0.11115	75480.00000	-475.05024	0.00000	-0.41115
-61610.08368	43807.76100	137.00000	75501.45316	-109.87197	0.00000	-0.11110	75500.00000	-475.19375	0.00000	-0.41110
-61626.38442	43819.35007	137.00000	75521.45364	-109.91074	0.00000	-0.11104	75520.00000	-475.33724	0.00000	-0.41104
-61642.68517	43830.93913	137.00000	75541.45412	-109.94948	0.00000	-0.11098	75540.00000	-475.48071	0.00000	-0.41098
-61658.98593	43842.52816	137.00000	75561.45459	-109.98821	0.00000	-0.11093	75560.00000	-475.62416	0.00000	-0.41093
-61675.28670	43854.11718	137.00000	75581.45507	-110.02692	0.00000	-0.11087	75580.00000	-475.76759	0.00000	-0.41087
-61691.58748	43865.70618	137.00000	75601.45555	-110.06561	0.00000	-0.11081	75600.00000	-475.91100	0.00000	-0.41081
-61707.88828	43877.29517	137.00000	75621.45602	-110.10428	0.00000	-0.11075	75620.00000	-476.05439	0.00000	-0.41075
-61724.18909	43888.88414	137.00000	75641.45650	-110.14293	0.00000	-0.11070	75640.00000	-476.19776	0.00000	-0.41070
-61740.48991	43900.47310	137.00000	75661.45698	-110.18156	0.00000	-0.11064	75660.00000	-476.34111	0.00000	-0.41064
-61756.79074	43912.06203	137.00000	75681.45745	-110.22017	0.00000	-0.11058	75680.00000	-476.48444	0.00000	-0.41058
-61773.09158	43923.65096	137.00000	75701.45793	-110.25875	0.00000	-0.11052	75700.00000	-476.62775	0.00000	-0.41052
-61789.39243	43935.23986	137.00000	75721.45840	-110.29732	0.00000	-0.11047	75720.00000	-476.77104	0.00000	-0.41047
-61805.69330	43946.82875	137.00000	75741.45888	-110.33587	0.00000	-0.11041	75740.00000	-476.91431	0.00000	-0.41041
-61821.99417	43958.41762	137.00000	75761.45936	-110.37440	0.00000	-0.11035	75760.00000	-477.05756	0.00000	-0.41035
-61838.29506	43970.00648	137.00000	75781.45983	-110.41291	0.00000	-0.11030	75780.00000	-477.20079	0.00000	-0.41030
-61854.59596	43981.59532	137.00000	75801.46031	-110.45140	0.00000	-0.11024	75800.00000	-477.34400	0.00000	-0.41024
-61870.89687	43993.18414	137.00000	75821.46078	-110.48987	0.00000	-0.11018	75820.00000	-477.48719	0.00000	-0.41018
-61887.19779	44004.77295	137.00000	75841.46126	-110.52832	0.00000	-0.11012	75840.00000	-477.63036	0.00000	-0.41012
-61903.49872	44016.36174	137.00000	75861.46173	-110.56674	0.00000	-0.11007	75860.00000	-477.77351	0.00000	-0.41007
-61919.79967	44027.95051	137.00000	75881.46221	-110.60515	0.00000	-0.11001	75880.00000	-477.91664	0.00000	-0.41001
-61936.10063	44039.53927	137.00000	75901.46269	-110.64354	0.00000	-0.10995	75900.00000	-478.05975	0.00000	-0.40995
-61952.40159	44051.12801	137.00000	75921.46316	-110.68191	0.00000	-0.10989	75920.00000	-478.20284	0.00000	-0.40989
-61968.70257	44062.71673	137.00000	75941.46364	-110.72026	0.00000	-0.10984	75940.00000	-478.34591	0.00000	-0.40984
-61985.00356	44074.30544	137.00000	75961.46411	-110.75859	0.00000	-0.10978	75960.00000	-478.48896	0.00000	-0.40978
-62001.30457	44085.89413	137.00000	75981.46458	-110.79690	0.00000	-0.10972	75980.00000	-478.63199	0.00000	-0.40972
-62017.60558	44097.48281	137.00000	76001.46506	-110.83519	0.00000	-0.10966	76000.00000	-478.77500	0.00000	-0.40966
-62033.90660	44109.07147	137.00000	76021.46553	-110.87345	0.00000	-0.10961	76020.00000	-478.91799	0.00000	-0.40961
-62050.20764	44120.66011	137.00000	76041.46601	-110.91170	0.00000	-0.10955	76040.00000	-479.06096	0.00000	-0.40955
-62066.50869	44132.24874	137.00000	76061.46648	-110.94993	0.00000	-0.10949	76060.00000	-479.20391	0.00000	-0.40949
-62082.80975	44143.83735	137.00000	76081.46696	-110.98814	0.00000	-0.10944	76080.00000	-479.34684	0.00000	-0.40944
-62099.11082	44155.42594	137.00000	76101.46743	-111.02633	0.00000	-0.10938	76100.00000	-479.48975	0.00000	-0.40938
-62115.41190	44167.01452	137.00000	76121.46791	-111.06450	0.00000	-0.10932	76120.00000	-479.63264	0.00000	-0.40932
-62131.71300	44178.60308	137.00000	76141.46838	-111.10265	0.00000	-0.10926	76140.00000	-479.77551	0.00000	-0.40926
-62148.01410	44190.19163	137.00000	76161.46885	-111.14078	0.00000	-0.10921	76160.00000	-479.91836	0.00000	-0.40921
-62164.31522	44201.78015	137.00000	76181.46933	-111.17888	0.00000	-0.10915	76180.00000	-480.06119	0.00000	-0.40915
-62180.61635	44213.36867	137.00000	76201.46980	-111.21697	0.00000	-0.10909	76200.00000	-480.20400	0.00000	-0.40909
-62196.91749	44224.95716	137.00000	76221.47027	-111.25504	0.00000	-0.10903	76220.00000	-480.34679	0.00000	-0.40903
-62213.21864	44236.54564	137.00000	76241.47075	-111.29309	0.00000	-0.10898	76240.00000	-480.48956	0.00000	-0.40898
-62229.51980	44248.13410	137.00000	76261.47122	-111.33112	0.00000	-0.10892	76260.00000	-480.63231	0.00000	-0.40892
-62245.82098	44259.72255	137.00000	76281.47169	-111.36913	0.00000	-0.10886	76280.00000	-480.77504	0.00000	-0.40886
-62262.12216	44271.31098	137.00000	76301.47217	-111.40712	0.00000	-0.10881	76300.00000	-480.91775	0.00000	-0.40881
-62278.42336	44282.89939	137.00000	76321.47264	-111.44509	0.00000	-0.10875	76320.00000	-481.06044	0.00000	-0.40875
-62294.72457	44294.48779	137.00000	76341.47311	-111.48303	0.00000	-0.10869	76340.00000	-481.20311	0.00000	-0.40869
-62311.02579	44306.07617	137.00000	76361.47359	-111.52096	0.00000	-0.10863	76360.00000	-481.34576	0.00000	-0.40863
-62327.32702	44317.66454	137.00000	76381.47406	-111.55887	0.00000	-0.10858	76380.00000	-481.48839	0.00000	-0.40858
-62343.62826	44329.25288	137.00000	76401.47453	-111.59676	0.00000	-0.10852	76400.00000	-481.63100	0.00000	-0.40852
-62359.92952	44340.84121	137.00000	76421.47500	-111.63463	0.00000	-0.10846	76420.00000	-481.77359	0.00000	-0.40846
-62376.23078	44352.42953	137.00000	76441.47547	-111.67248	0.00000	-0.10840	76440.00000	-481.91616	0.00000	-0.40840
-62392.53206	44364.01783	137.00000	76461.47595	-111.71031	0.00000	-0.10835	76460.00000	-482.05871	0.00000	-0.40835
-62408.83335	44375.60611	137.00000	76481.47642	-111.74812	0.00000	-0.10829	76480.00000	-482.20124	0.00000	-0.40829
-62425.13465	44387.19438	137.00000	76501.47689	-111.78591	0.00000	-0.10823	76500.00000	-482.34375	0.00000	-0.40823
-62441.43596	44398.78263	137.00000	76521.47736	-111.82367	0.00000	-0.10818	76520.00000	-482.48624	0.00000	-0.40818
-62457.73729	44410.37086	137.00000	76541.47784	-111.86142	0.00000	-0.10812	76540.00000	-482.62871	0.00000	-0.40812
-62474.03862	44421.95908	137.00000	76561.47831	-111.89915	0.00000	-0.10806	76560.00000	-482.77116	0.00000	-0.40806
-62490.33997	44433.54728	137.00000	76581.47878	-111.93686	0.00000	-0.10800	76580.00000	-482.91359	0.00000	-0.40800
-62506.64132	44445.13546	137.00000	76601.47925	-111.97455	0.00000	-0.10795	76600.00000	-483.05600	0.00000	-0.40795
-62522.94269	44456.72363	137.00000	76621.47972	-112.01222	0.00000	-0.10789	76620.00000	-483.19839	0.00000	-0.40789
-62539.24407	44468.31178	137.00000	76641.48019	-112.04987	0.00000	-0.10783	76640.00000	-483.34076	0.00000	-0.40783
-62555.54547	44479.89992	137.00000	76661.48066	-112.08750	0.00000	-0.10777	76660.00000	-483.48311	0.00000	-0.40777
-62571.84687	44491.48803	137.00000	76681.48113	-112.12510	0.00000	-0.10772	76680.00000	-483.62544	0.00000	-0.40772
-62588.14829	44503.07614	137.00000	76701.48161	-112.16269	0.00000	-0.10766	76700.00000	-483.76775	0.00000	-0.40766
-62604.44971	44514.66422	137.00000	76721.48208	-112.20026	0.00000	-0.10760	76720.00000	-483.91004	0.00000	-0.40760
-62620.75115	44526.25229	137.00000	76741.48255	-112.23781	0.00000	-0.10754	76740.00000	-484.05231	0.00000	-0.40754
-62637.05260	44537.84035	137.00000	76761.48302	-112.27534	0.00000	-0.10749	76760.00000	-484.19456	0.00000	-0.40749
-62653.35406	44549.42838	137.00000	76781.48349	-112.31285	0.00000	-0.10743	76780.00000	-484.33679	0.00000	-0.40743
-62669.65553	44561.01640	137.00000	76801.48396	-112.35034	0.00000	-0.10737	76800.00000	-484.47900	0.00000	-0.40737
-62685.95702	44572.60441	137.00000	76821.48443	-112.38781	0.00000	-0.10732	76820.00000	-484.62119	0.00000	-0.40732
-62702.25851	44584.19239	137.00000	76841.48490	-112.42525	0.00000	-0.10726	76840.00000	-484.76336	0.00000	-0.40726
-62718.56002	44595.78037	137.00000	76861.48537	-112.46268	0.00000	-0.10720	76860.00000	-484.90551	0.00000	-0.40720
-62734.86154	44607.36832	137.00000	76881.48584	-112.50009	0.00000	-0.10714	76880.00000	-485.04764	0.00000	-0.40714
-62751.16307	44618.95626	137.00000	76901.48631	-112.53748	0.00000	-0.10709	76900.00000	-485.18975	0.00000	-0.40709
-62767.46461	44630.54418	137.00000	76921.48678	-112.57485	0.00000	-0.10703	76920.00000	-485.33184	0.00000	-0.40703
-62783.76616	44642.13209	137.00000	76941.48725	-112.61220	0.00000	-0.10697	76940.00000	-485.47391	0.00000	-0.40697
-62800.06773	44653.71998	137.00000	76961.48772	-112.64953	0.00000	-0.10691	76960.00000	-485.61596	0.00000	-0.40691
-62816.36930	44665.30785	137.00000	76981.48819	-112.68684	0.00000	-0.10686	76980.00000	-485.75799	0.00000	-0.40686
-62832.67089	44676.89571	137.00000	77001.48866	-112.72412	0.00000	-0.10680	77000.00000	-485.90000	0.00000	-0.40680
-62848.97249	44688.48355	137.00000	77021.48913	-112.76139	0.00000	-0.10674	77020.00000	-486.04199	0.00000	-0.40674
-62865.27410	44700.07137	137.00000	77041.48960	-112.79864	0.00000	-0.10669	77040.00000	-486.18396	0.00000	-0.40669
-62881.57572	44711.65918	137.00000	77061.49007	-112.83587	0.00000	-0.10663	77060.00000	-486.32591	0.00000	-0.40663
-62897.87735	44723.24697	137.00000	77081.49053	-112.87308	0.00000	-0.10657	77080.00000	-486.46784	0.00000	-0.40657
-62914.17900	44734.83474	137.00000	77101.49100	-112.91027	0.00000	-0.10651	77100.00000	-486.60975	0.00000	-0.40651
-62930.48066	44746.42250	137.00000	77121.49147	-112.94744	0.00000	-0.10646	77120.00000	-486.75164	0.00000	-0.40646
-62946.78232	44758.01024	137.00000	77141.49194	-112.98459	0.00000	-0.10640	77140.00000	-486.89351	0.00000	-0.40640
-62963.08400	44769.59797	137.00000	77161.49241	-113.02171	0.00000	-0.10634	77160.00000	-487.03536	0.00000	-0.40634
-62979.38569	44781.18568	137.00000	77181.49288	-113.05882	0.00000	-0.10628	77180.00000	-487.17719	0.00000	-0.40628
-62995.68739	44792.77337	137.00000	77201.49335	-113.09591	0.00000	-0.10623	77200.00000	-487.31900	0.00000	-0.40623
-63011.98911	44804.36105	137.00000	77221.49381	-113.13298	0.00000	-0.10617	77220.00000	-487.46079	0.00000	-0.40617
-63028.29083	44815.94871	137.00000	77241.49428	-113.17003	0.00000	-0.10611	77240.00000	-487.60256	0.00000	-0.40611
-63044.59257	44827.53635	137.00000	77261.49475	-113.20706	0.00000	-0.10606	77260.00000	-487.74431	0.00000	-0.40606
-63060.89432	44839.12398	137.00000	77281.49522	-113.24407	0.00000	-0.10600	77280.00000	-487.88604	0.00000	-0.40600
-63077.19608	44850.71159	137.00000	77301.49569	-113.28106	0.00000	-0.10594	77300.00000	-488.02775	0.00000	-0.40594
-63093.49785	44862.29918	137.00000	77321.49615	-113.31802	0.00000	-0.10588	77320.00000	-488.16944	0.00000	-0.40588
-63109.79963	44873.88676	137.00000	77341.49662	-113.35497	0.00000	-0.10583	77340.00000	-488.31111	0.00000	-0.40583
-63126.10142	44885.47432	137.00000	77361.49709	-113.39190	0.00000	-0.10577	77360.00000	-488.45276	0.00000	-0.40577
-63142.40323	44897.06187	137.00000	77381.49756	-113.42881	0.00000	-0.10571	77380.00000	-488.59439	0.00000	-0.40571
-63158.70505	44908.64939	137.00000	77401.49802	-113.46570	0.00000	-0.10565	77400.00000	-488.73600	0.00000	-0.40565
-63175.00687	44920.23691	137.00000	77421.49849	-113.50257	0.00000	-0.10560	77420.00000	-488.87759	0.00000	-0.40560
-63191.30871	44931.82440	137.00000	77441.49896	-113.53942	0.00000	-0.10554	77440.00000	-489.01916	0.00000	-0.40554
-63207.61057	44943.41188	137.00000	77461.49943	-113.57625	0.00000	-0.10548	77460.00000	-489.16071	0.00000	-0.40548
-63223.91243	44954.99935	137.00000	77481.49989	-113.61306	0.00000	-0.10542	77480.00000	-489.30224	0.00000	-0.40542
-63240.21430	44966.58679	137.00000	77501.50036	-113.64984	0.00000	-0.10537	77500.00000	-489.44375	0.00000	-0.40537
-63256.51619	44978.17422	137.00000	77521.50083	-113.68661	0.00000	-0.10531	77520.00000	-489.58524	0.00000	-0.40531
-63272.81808	44989.76164	137.00000	77541.50129	-113.72336	0.00000	-0.10525	77540.00000	-489.72671	0.00000	-0.40525
-63289.11999	45001.34904	137.00000	77561.50176	-113.76009	0.00000	-0.10520	77560.00000	-489.86816	0.00000	-0.40520
-63305.42191	45012.93642	137.00000	77581.50223	-113.79680	0.00000	-0.10514	77580.00000	-490.00959	0.00000	-0.40514
-63321.72384	45024.52378	137.00000	77601.50269	-113.83349	0.00000	-0.10508	77600.00000	-490.15100	0.00000	-0.40508
-63338.02579	45036.11113	137.00000	77621.50316	-113.87016	0.00000	-0.10502	77620.00000	-490.29239	0.00000	-0.40502
-63354.32774	45047.69846	137.00000	77641.50362	-113.90681	0.00000	-0.10497	77640.00000	-490.43376	0.00000	-0.40497
-63370.62971	45059.28578	137.00000	77661.50409	-113.94343	0.00000	-0.10491	77660.00000	-490.57511	0.00000	-0.40491
-63386.93168	45070.87308	137.00000	77681.50456	-113.98004	0.00000	-0.10485	77680.00000	-490.71644	0.00000	-0.40485
-63403.23367	45082.46036	137.00000	77701.50502	-114.01663	0.00000	-0.10479	77700.00000	-490.85775	0.00000	-0.40479
-63419.53567	45094.04763	137.00000	77721.50549	-114.05320	0.00000	-0.10474	77720.00000	-490.99904	0.00000	-0.40474
-63435.83769	45105.63488	137.00000	77741.50595	-114.08975	0.00000	-0.10468	77740.00000	-491.14031	0.00000	-0.40468
-63452.13971	45117.22211	137.00000	77761.50642	-114.12628	0.00000	-0.10462	77760.00000	-491.28156	0.00000	-0.40462
-63468.44174	45128.80933	137.00000	77781.50688	-114.16279	0.00000	-0.10457	77780.00000	-491.42279	0.00000	-0.40457
-63484.74379	45140.39653	137.00000	77801.50735	-114.19928	0.00000	-0.10451	77800.00000	-491.56400	0.00000	-0.40451
-63501.04585	45151.98372	137.00000	77821.50781	-114.23574	0.00000	-0.10445	77820.00000	-491.70519	0.00000	-0.40445
-63517.34792	45163.57088	137.00000	77841.50828	-114.27219	0.00000	-0.10439	77840.00000	-491.84636	0.00000	-0.40439
-63533.65000	45175.15804	137.00000	77861.50874	-114.30862	0.00000	-0.10434	77860.00000	-491.98751	0.00000	-0.40434
-63549.95209	45186.74517	137.00000	77881.50921	-114.34503	0.00000	-0.10428	77880.00000	-492.12864	0.00000	-0.40428
-63566.25419	45198.33229	137.00000	77901.50967	-114.38142	0.00000	-0.10422	77900.00000	-492.26975	0.00000	-0.40422
-63582.55631	45209.91939	137.00000	77921.51014	-114.41779	0.00000	-0.10416	77920.00000	-492.41084	0.00000	-0.40416
-63598.85843	45221.50648	137.00000	77941.51060	-114.45414	0.00000	-0.10411	77940.00000	-492.55191	0.00000	-0.40411
-63615.16057	45233.09355	137.00000	77961.51107	-114.49047	0.00000	-0.10405	77960.00000	-492.69296	0.00000	-0.40405
-63631.46272	45244.68060	137.00000	77981.51153	-114.52677	0.00000	-0.10399	77980.00000	-492.83399	0.00000	-0.40399
-63647.76488	45256.26764	137.00000	78001.51199	-114.56306	0.00000	-0.10394	78000.00000	-492.97500	0.00000	-0.40394
-63664.06705	45267.85466	137.00000	78021.51246	-114.59933	0.00000	-0.10388	78020.00000	-493.11599	0.00000	-0.40388
-63680.36924	45279.44167	137.00000	78041.51292	-114.63558	0.00000	-0.10382	78040.00000	-493.25696	0.00000	-0.40382
-63696.67143	45291.02866	137.00000	78061.51339	-114.67181	0.00000	-0.10376	78060.00000	-493.39791	0.00000	-0.40376
-63712.97364	45302.61563	137.00000	78081.51385	-114.70802	0.00000	-0.10371	78080.00000	-493.53884	0.00000	-0.40371
-63729.27586	45314.20258	137.00000	78101.51431	-114.74421	0.00000	-0.10365	78100.00000	-493.67975	0.00000	-0.40365
-63745.57809	45325.78952	137.00000	78121.51478	-114.78038	0.00000	-0.10359	78120.00000	-493.82064	0.00000	-0.40359
-63761.88033	45337.37644	137.00000	78141.51524	-114.81653	0.00000	-0.10353	78140.00000	-493.96151	0.00000	-0.40353
-63778.18258	45348.96335	137.00000	78161.51570	-114.85265	0.00000	-0.10348	78160.00000	-494.10236	0.00000	-0.40348
-63794.48485	45360.55024	137.00000	78181.51617	-114.88876	0.00000	-0.10342	78180.00000	-494.24319	0.00000	-0.40342
-63810.78712	45372.13711	137.00000	78201.51663	-114.92485	0.00000	-0.10336	78200.00000	-494.38400	0.00000	-0.40336
-63827.08941	45383.72397	137.00000	78221.51709	-114.96092	0.00000	-0.10330	78220.00000	-494.52479	0.00000	-0.40330
-63843.39171	45395.31081	137.00000	78241.51756	-114.99697	0.00000	-0.10325	78240.00000	-494.66556	0.00000	-0.40325
-63859.69402	45406.89764	137.00000	78261.51802	-115.03300	0.00000	-0.10319	78260.00000	-494.80631	0.00000	-0.40319
-63875.99634	45418.48444	137.00000	78281.51848	-115.06901	0.00000	-0.10313	78280.00000	-494.94704	0.00000	-0.40313
-63892.29867	45430.07124	137.00000	78301.51894	-115.10500	0.00000	-0.10308	78300.00000	-495.08775	0.00000	-0.40308
-63908.60102	45441.65801	137.00000	78321.51941	-115.14096	0.00000	-0.10302	78320.00000	-495.22844	0.00000	-0.40302
-63924.90337	45453.24477	137.00000	78341.51987	-115.17691	0.00000	-0.10296	78340.00000	-495.36911	0.00000	-0.40296
-63941.20574	45464.83151	137.00000	78361.52033	-115.21284	0.00000	-0.10290	78360.00000	-495.50976	0.00000	-0.40290
-63957.50812	45476.41824	137.00000	78381.52079	-115.24875	0.00000	-0.10285	78380.00000	-495.65039	0.00000	-0.40285
-63973.81051	45488.00495	137.00000	78401.52126	-115.28464	0.00000	-0.10279	78400.00000	-495.79100	0.00000	-0.40279
-63990.11291	45499.59164	137.00000	78421.52172	-115.32051	0.00000	-0.10273	78420.00000	-495.93159	0.00000	-0.40273
-64006.41532	45511.17832	137.00000	78441.52218	-115.35636	0.00000	-0.10267	78440.00000	-496.07216	0.00000	-0.40267
-64022.71775	45522.76498	137.00000	78461.52264	-115.39219	0.00000	-0.10262	78460.00000	-496.21271	0.00000	-0.40262
-64039.02018	45534.35162	137.00000	78481.52310	-115.42799	0.00000	-0.10256	78480.00000	-496.35324	0.00000	-0.40256
-64055.32263	45545.93825	137.00000	78501.52356	-115.46378	0.00000	-0.10250	78500.00000	-496.49375	0.00000	-0.40250
-64071.62509	45557.52486	137.00000	78521.52403	-115.49955	0.00000	-0.10245	78520.00000	-496.63424	0.00000	-0.40245
-64087.92756	45569.11146	137.00000	78541.52449	-115.53530	0.00000	-0.10239	78540.00000	-496.77471	0.00000	-0.40239
-64104.23004	45580.69804	137.00000	78561.52495	-115.57103	0.00000	-0.10233	78560.00000	-496.91516	0.00000	-0.40233
-64120.53254	45592.28460	137.00000	78581.52541	-115.60674	0.00000	-0.10227	78580.00000	-497.05559	0.00000	-0.40227
-64136.83504	45603.87114	137.00000	78601.52587	-115.64243	0.00000	-0.10222	78600.00000	-497.19600	0.00000	-0.40222
-64153.13756	45615.45767	137.00000	78621.52633	-115.67810	0.00000	-0.10216	78620.00000	-497.33639	0.00000	-0.40216
-64169.44009	45627.04419	137.00000	78641.52679	-115.71375	0.00000	-0.10210	78640.00000	-497.47676	0.00000	-0.40210
-64185.74263	45638.63068	137.00000	78661.52725	-115.74937	0.00000	-0.10204	78660.00000	-497.61711	0.00000	-0.40204
-64202.04518	45650.21716	137.00000	78681.52771	-115.78498	0.00000	-0.10199	78680.00000	-497.75744	0.00000	-0.40199
-64218.34774	45661.80363	137.00000	78701.52817	-115.82057	0.00000	-0.10193	78700.00000	-497.89775	0.00000	-0.40193
-64234.65031	45673.39008	137.00000	78721.52863	-115.85614	0.00000	-0.10187	78720.00000	-498.03804	0.00000	-0.40187
-64250.95290	45684.97651	137.00000	78741.52910	-115.89169	0.00000	-0.10182	78740.00000	-498.17831	0.00000	-0.40182
-64267.25550	45696.56292	137.00000	78761.52956	-115.92722	0.00000	-0.10176	78760.00000	-498.31856	0.00000	-0.40176
-64283.55810	45708.14932	137.00000	78781.53002	-115.96273	0.00000	-0.10170	78780.00000	-498.45879	0.00000	-0.40170
-64299.86072	45719.73570	137.00000	78801.53048	-115.99822	0.00000	-0.10164	78800.00000	-498.59900	0.00000	-0.40164
-64316.16335	45731.32207	137.00000	78821.53094	-116.03368	0.00000	-0.10159	78820.00000	-498.73919	0.00000	-0.40159
-64332.46600	45742.90842	137.00000	78841.53140	-116.06913	0.00000	-0.10153	78840.00000	-498.87936	0.00000	-0.40153
-64348.76865	45754.49475	137.00000	78861.53185	-116.10456	0.00000	-0.10147	78860.00000	-499.01951	0.00000	-0.40147
-64365.07132	45766.08107	137.00000	78881.53231	-116.13997	0.00000	-0.10141	78880.00000	-499.15964	0.00000	-0.40141
-64381.37399	45777.66737	137.00000	78901.53277	-116.17536	0.00000	-0.10136	78900.00000	-499.29975	0.00000	-0.40136
-64397.67668	45789.25365	137.00000	78921.53323	-116.21073	0.00000	-0.10130	78920.00000	-499.43984	0.00000	-0.40130
-64413.97938	45800.83992	137.00000	78941.53369	-116.24608	0.00000	-0.10124	78940.00000	-499.57991	0.00000	-0.40124
-64430.28209	45812.42617	137.00000	78961.53415	-116.28141	0.00000	-0.10119	78960.00000	-499.71996	0.00000	-0.40119
-64446.58482	45824.01240	137.00000	78981.53461	-116.31671	0.00000	-0.10113	78980.00000	-499.85999	0.00000	-0.40113
-64462.88755	45835.59862	137.00000	79001.53507	-116.35200	0.00000	-0.10107	79000.00000	-500.00000	0.00000	-0.40107
-64479.19030	45847.18482	137.00000	79021.53553	-116.38727	0.00000	-0.10101	79020.00000	-500.13999	0.00000	-0.40101
-64495.49306	45858.77101	137.00000	79041.53599	-116.42252	0.00000	-0.10096	79040.00000	-500.27996	0.00000	-0.40096
-64511.79582	45870.35718	137.00000	79061.53645	-116.45775	0.00000	-0.10090	79060.00000	-500.41991	0.00000	-0.40090
-64528.09860	45881.94333	137.00000	79081.53690	-116.49296	0.00000	-0.10084	79080.00000	-500.55984	0.00000	-0.40084
-64544.40140	45893.52947	137.00000	79101.53736	-116.52815	0.00000	-0.10078	79100.00000	-500.69975	0.00000	-0.40078
-64560.70420	45905.11559	137.00000	79121.53782	-116.56332	0.00000	-0.10073	79120.00000	-500.83964	0.00000	-0.40073
-64577.00701	45916.70169	137.00000	79141.53828	-116.59847	0.00000	-0.10067	79140.00000	-500.97951	0.00000	-0.40067
-64593.30984	45928.28778	137.00000	79161.53874	-116.63359	0.00000	-0.10061	79160.00000	-501.11936	0.00000	-0.40061
-64609.61268	45939.87385	137.00000	79181.53920	-116.66870	0.00000	-0.10055	79180.00000	-501.25919	0.00000	-0.40055
-64625.91553	45951.45990	137.00000	79201.53965	-116.70379	0.00000	-0.10050	79200.00000	-501.39900	0.00000	-0.40050
-64642.21839	45963.04594	137.00000	79221.54011	-116.73886	0.00000	-0.10044	79220.00000	-501.53879	0.00000	-0.40044
-64658.52126	45974.63196	137.00000	79241.54057	-116.77391	0.00000	-0.10038	79240.00000	-501.67856	0.00000	-0.40038
-64674.82414	45986.21797	137.00000	79261.54103	-116.80894	0.00000	-0.10033	79260.00000	-501.81831	0.00000	-0.40033
-64691.12704	45997.80396	137.00000	79281.54148	-116.84395	0.00000	-0.10027	79280.00000	-501.95804	0.00000	-0.40027
-64707.42995	46009.38993	137.00000	79301.54194	-116.87894	0.00000	-0.10021	79300.00000	-502.09775	0.00000	-0.40021
-64723.73286	46020.97588	137.00000	79321.54240	-116.91390	0.00000	-0.10015	79320.00000	-502.23744	0.00000	-0.40015
-64740.03579	46032.56182	137.00000	79341.54286	-116.94885	0.00000	-0.10010	79340.00000	-502.37711	0.00000	-0.40010
-64756.33873	46044.14775	137.00000	79361.54331	-116.98378	0.00000	-0.10004	79360.00000	-502.51676	0.00000	-0.40004
-64772.64169	46055.73365	137.00000	79381.54377	-117.01869	0.00000	-0.09998	79380.00000	-502.65639	0.00000	-0.39998
-64788.94465	46067.31955	137.00000	79401.54423	-117.05358	0.00000	-0.09992	79400.00000	-502.79600	0.00000	-0.39992
-64805.24763	46078.90542	137.00000	79421.54468	-117.08845	0.00000	-0.09987	79420.00000	-502.93559	0.00000	-0.39987
-64821.55061	46090.49128	137.00000	79441.54514	-117.12330	0.00000	-0.09981	79440.00000	-503.07516	0.00000	-0.39981
-64837.85361	46102.07712	137.00000	79461.54560	-117.15813	0.00000	-0.09975	79460.00000	-503.21471	0.00000	-0.39975
-64854.15662	46113.66294	137.00000	79481.54605	-117.19293	0.00000	-0.09970	79480.00000	-503.35424	0.00000	-0.39970
-64870.45964	46125.24875	137.00000	79501.54651	-117.22772	0.00000	-0.09964	79500.00000	-503.49375	0.00000	-0.39964
-64886.76267	46136.83454	137.00000	79521.54696	-117.26249	0.00000	-0.09958	79520.00000	-503.63324	0.00000	-0.39958
-64903.06572	46148.42032	137.00000	79541.54742	-117.29724	0.00000	-0.09952	79540.00000	-503.77271	0.00000	-0.39952
-64919.36877	46160.00608	137.00000	79561.54788	-117.33197	0.00000	-0.09947	79560.00000	-503.91216	0.00000	-0.39947
-64935.67184	46171.59182	137.00000	79581.54833	-117.36668	0.00000	-0.09941	79580.00000	-504.05159	0.00000	-0.39941
-64951.97492	46183.17755	137.00000	79601.54879	-117.40137	0.00000	-0.09935	79600.00000	-504.19100	0.00000	-0.39935
-64968.27801	46194.76326	137.00000	79621.54924	-117.43604	0.00000	-0.09929	79620.00000	-504.33039	0.00000	-0.39929
-64984.58111	46206.34895	137.00000	79641.54970	-117.47069	0.00000	-0.09924	79640.00000	-504.46976	0.00000	-0.39924
-65000.88422	46217.93463	137.00000	79661.55016	-117.50531	0.00000	-0.09918	79660.00000	-504.60911	0.00000	-0.39918
-65017.18735	46229.52029	137.00000	79681.55061	-117.53992	0.00000	-0.09912	79680.00000	-504.74844	0.00000	-0.39912
-65033.49048	46241.10594	137.00000	79701.55107	-117.57451	0.00000	-0.09907	79700.00000	-504.88775	0.00000	-0.39907
-65049.79363	46252.69157	137.00000	79721.55152	-117.60908	0.00000	-0.09901	79720.00000	-505.02704	0.00000	-0.39901
-65066.09679	46264.27718	137.00000	79741.55198	-117.64363	0.00000	-0.09895	79740.00000	-505.16631	0.00000	-0.39895
-65082.39996	46275.86277	137.00000	79761.55243	-117.67816	0.00000	-0.09889	79760.00000	-505.30556	0.00000	-0.39889
-65098.70314	46287.44835	137.00000	79781.55289	-117.71267	0.00000	-0.09884	79780.00000	-505.44479	0.00000	-0.39884
-65115.00634	46299.03392	137.00000	79801.55334	-117.74716	0.00000	-0.09878	79800.00000	-505.58400	0.00000	-0.39878
-65131.30954	46310.61946	137.00000	79821.55380	-117.78162	0.00000	-0.09872	79820.00000	-505.72319	0.00000	-0.39872
-65147.61276	46322.20499	137.00000	79841.55425	-117.81607	0.00000	-0.09866	79840.00000	-505.86236	0.00000	-0.39866
-65163.91599	46333.79051	137.00000	79861.55470	-117.85050	0.00000	-0.09861	79860.00000	-506.00151	0.00000	-0.39861
-65180.21922	46345.37600	137.00000	79881.55516	-117.88491	0.00000	-0.09855	79880.00000	-506.14064	0.00000	-0.39855
-65196.52248	46356.96148	137.00000	79901.55561	-117.91930	0.00000	-0.09849	79900.00000	-506.27975	0.00000	-0.39849
-65212.82574	46368.54695	137.00000	79921.55607	-117.95367	0.00000	-0.09843	79920.00000	-506.41884	0.00000	-0.39843
-65229.12901	46380.13240	137.00000	79941.55652	-117.98802	0.00000	-0.09838	79940.00000	-506.55791	0.00000	-0.39838
-65245.43230	46391.71783	137.00000	79961.55698	-118.02235	0.00000	-0.09832	79960.00000	-506.69696	0.00000	-0.39832
-65261.73559	46403.30324	137.00000	79981.55743	-118.05666	0.00000	-0.09826	79980.00000	-506.83599	0.00000	-0.39826
-65278.03890	46414.88864	137.00000	80001.55788	-118.09094	0.00000	-0.09821	80000.00000	-506.97500	0.00000	-0.39821
-65294.34222	46426.47403	137.00000	80021.55834	-118.12521	0.00000	-0.09815	80020.00000	-507.11399	0.00000	-0.39815
-65310.64555	46438.05939	137.00000	80041.55879	-118.15946	0.00000	-0.09809	80040.00000	-507.25296	0.00000	-0.39809
-65326.94889	46449.64474	137.00000	80061.55924	-118.19369	0.00000	-0.09803	80060.00000	-507.39191	0.00000	-0.39803
-65343.25225	46461.23008	137.00000	80081.55970	-118.22790	0.00000	-0.09798	80080.00000	-507.53084	0.00000	-0.39798
-65359.55561	46472.81539	137.00000	80101.56015	-118.26209	0.00000	-0.09792	80100.00000	-507.66975	0.00000	-0.39792
-65375.85899	46484.40069	137.00000	80121.56060	-118.29626	0.00000	-0.09786	80120.00000	-507.80864	0.00000	-0.39786
-65392.16238	46495.98598	137.00000	80141.56106	-118.33041	0.00000	-0.09780	80140.00000	-507.94751	0.00000	-0.39780
-65408.46578	46507.57125	137.00000	80161.56151	-118.36453	0.00000	-0.09775	80160.00000	-508.08636	0.00000	-0.39775
-65424.76919	46519.15650	137.00000	80181.56196	-118.39864	0.00000	-0.09769	80180.00000	-508.22519	0.00000	-0.39769
-65441.07261	46530.74173	137.00000	80201.56241	-118.43273	0.00000	-0.09763	80200.00000	-508.36400	0.00000	-0.39763
-65457.37605	46542.32695	137.00000	80221.56287	-118.46680	0.00000	-0.09758	80220.00000	-508.50279	0.00000	-0.39758
-65473.67949	46553.91215	137.00000	80241.56332	-118.50085	0.00000	-0.09752	80240.00000	-508.64156	0.00000	-0.39752
-65489.98295	46565.49734	137.00000	80261.56377	-118.53488	0.00000	-0.09746	80260.00000	-508.78031	0.00000	-0.39746
-65506.28642	46577.08251	137.00000	80281.56422	-118.56889	0.00000	-0.09740	80280.00000	-508.91904	0.00000	-0.39740
-65522.58990	46588.66766	137.00000	80301.56468	-118.60288	0.00000	-0.09735	80300.00000	-509.05775	0.00000	-0.39735
-65538.89339	46600.25280	137.00000	80321.56513	-118.63685	0.00000	-0.09729	80320.00000	-509.19644	0.00000	-0.39729
-65555.19689	46611.83792	137.00000	80341.56558	-118.67079	0.00000	-0.09723	80340.00000	-509.33511	0.00000	-0.39723
-65571.50041	46623.42302	137.00000	80361.56603	-118.70472	0.00000	-0.09717	80360.00000	-509.47376	0.00000	-0.39717
-65587.80393	46635.00811	137.00000	80381.56648	-118.73863	0.00000	-0.09712	80380.00000	-509.61239	0.00000	-0.39712
-65604.10747	46646.59318	137.00000	80401.56693	-118.77252	0.00000	-0.09706	80400.00000	-509.75100	0.00000	-0.39706
-65620.41102	46658.17824	137.00000	80421.56739	-118.80639	0.00000	-0.09700	80420.00000	-509.88959	0.00000	-0.39700
-65636.71458	46669.76328	137.00000	80441.56784	-118.84024	0.00000	-0.09695	80440.00000	-510.02816	0.00000	-0.39695
-65653.01815	46681.34830	137.00000	80461.56829	-118.87407	0.00000	-0.09689	80460.00000	-510.16671	0.00000	-0.39689
-65669.32173	46692.93331	137.00000	80481.56874	-118.90788	0.00000	-0.09683	80480.00000	-510.30524	0.00000	-0.39683
-65685.62533	46704.51830	137.00000	80501.56919	-118.94166	0.00000	-0.09677	80500.00000	-510.44375	0.00000	-0.39677
-65701.92894	46716.10327	137.00000	80521.56964	-118.97543	0.00000	-0.09672	80520.00000	-510.58224	0.00000	-0.39672
-65718.23255	46727.68823	137.00000	80541.57009	-119.00918	0.00000	-0.09666	80540.00000	-510.72071	0.00000	-0.39666
-65734.53618	46739.27317	137.00000	80561.57054	-119.04291	0.00000	-0.09660	80560.00000	-510.85916	0.00000	-0.39660
-65750.83982	46750.85809	137.00000	80581.57099	-119.07662	0.00000	-0.09654	80580.00000	-510.99759	0.00000	-0.39654
-65767.14348	46762.44300	137.00000	80601.57144	-119.11031	0.00000	-0.09649	80600.00000	-511.13600	0.00000	-0.39649
-65783.44714	46774.02789	137.00000	80621.57190	-119.14398	0.00000	-0.09643	80620.00000	-511.27439	0.00000	-0.39643
-65799.75081	46785.61276	137.00000	80641.57235	-119.17763	0.00000	-0.09637	80640.00000	-511.41276	0.00000	-0.39637
-65816.05450	46797.19762	137.00000	80661.57280	-119.21126	0.00000	-0.09631	80660.00000	-511.55111	0.00000	-0.39631
-65832.35820	46808.78246	137.00000	80681.57325	-119.24486	0.00000	-0.09626	80680.00000	-511.68944	0.00000	-0.39626
-65848.66191	46820.36729	137.00000	80701.57370	-119.27845	0.00000	-0.09620	80700.00000	-511.82775	0.00000	-0.39620
-65864.96563	46831.95210	137.00000	80721.57415	-119.31202	0.00000	-0.09614	80720.00000	-511.96604	0.00000	-0.39614
-65881.26936	46843.53689	137.00000	80741.57460	-119.34557	0.00000	-0.09609	80740.00000	-512.10431	0.00000	-0.39609
-65897.57311	46855.12167	137.00000	80761.57505	-119.37910	0.00000	-0.09603	80760.00000	-512.24256	0.00000	-0.39603
-65913.87686	46866.70643	137.00000	80781.57550	-119.41261	0.00000	-0.09597	80780.00000	-512.38079	0.00000	-0.39597
-65930.18063	46878.29117	137.00000	80801.57594	-119.44610	0.00000	-0.09591	80800.00000	-512.51900	0.00000	-0.39591
-65946.48441	46889.87590	137.00000	80821.57639	-119.47957	0.00000	-0.09586	80820.00000	-512.65719	0.00000	-0.39586
-65962.78820	46901.46061	137.00000	80841.57684	-119.51301	0.00000	-0.09580	80840.00000	-512.79536	0.00000	-0.39580
-65979.09200	46913.04530	137.00000	80861.57729	-119.54644	0.00000	-0.09574	80860.00000	-512.93351	0.00000	-0.39574
-65995.39581	46924.62998	137.00000	80881.57774	-119.57985	0.00000	-0.09568	80880.00000	-513.07164	0.00000	-0.39568
-66011.69963	46936.21464	137.00000	80901.57819	-119.61324	0.00000	-0.09563	80900.00000	-513.20975	0.00000	-0.39563
-66028.00347	46947.79929	137.00000	80921.57864	-119.64661	0.00000	-0.09557	80920.00000	-513.34784	0.00000	-0.39557
-66044.30732	46959.38392	137.00000	80941.57909	-119.67996	0.00000	-0.09551	80940.00000	-513.48591	0.00000	-0.39551
-66060.61118	46970.96853	137.00000	80961.57954	-119.71329	0.00000	-0.09546	80960.00000	-513.62396	0.00000	-0.39546
-66076.91505	46982.55313	137.00000	80981.57999	-119.74660	0.00000	-0.09540	80980.00000	-513.76199	0.00000	-0.39540
-66093.21893	46994.13771	137.00000	81001.58043	-119.77989	0.00000	-0.09534	81000.00000	-513.90000	0.00000	-0.39534
-66109.52282	47005.72227	137.00000	81021.58088	-119.81315	0.00000	-0.09528	81020.00000	-514.03799	0.00000	-0.39528
-66125.82673	47017.30682	137.00000	81041.58133	-119.84640	0.00000	-0.09523	81040.00000	-514.17596	0.00000	-0.39523
-66142.13064	47028.89135	137.00000	81061.58178	-119.87963	0.00000	-0.09517	81060.00000	-514.31391	0.00000	-0.39517
-66158.43457	47040.47586	137.00000	81081.58223	-119.91284	0.00000	-0.09511	81080.00000	-514.45184	0.00000	-0.39511
-66174.73851	47052.06036	137.00000	81101.58267	-119.94603	0.00000	-0.09505	81100.00000	-514.58975	0.00000	-0.39505
-66191.04246	47063.64484	137.00000	81121.58312	-119.97920	0.00000	-0.09500	81120.00000	-514.72764	0.00000	-0.39500
-66207.34642	47075.22931	137.00000	81141.58357	-120.01235	0.00000	-0.09494	81140.00000	-514.86551	0.00000	-0.39494
-66223.65039	47086.81376	137.00000	81161.58402	-120.04548	0.00000	-0.09488	81160.00000	-515.00336	0.00000	-0.39488
-66239.95438	47098.39819	137.00000	81181.58447	-120.07858	0.00000	-0.09483	81180.00000	-515.14119	0.00000	-0.39483
-66256.25837	47109.98261	137.00000	81201.58491	-120.11167	0.00000	-0.09477	81200.00000	-515.27900	0.00000	-0.39477
-66272.56238	47121.56701	137.00000	81221.58536	-120.14474	0.00000	-0.09471	81220.00000	-515.41679	0.00000	-0.39471
-66288.86640	47133.15139	137.00000	81241.58581	-120.17779	0.00000	-0.09465	81240.00000	-515.55456	0.00000	-0.39465
-66305.17043	47144.73576	137.00000	81261.58625	-120.21082	0.00000	-0.09460	81260.00000	-515.69231	0.00000	-0.39460
-66321.47447	47156.32011	137.00000	81281.58670	-120.24383	0.00000	-0.09454	81280.00000	-515.83004	0.00000	-0.39454
-66337.77853	47167.90444	137.00000	81301.58715	-120.27682	0.00000	-0.09448	81300.00000	-515.96775	0.00000	-0.39448
-66354.08259	47179.48876	137.00000	81321.58759	-120.30979	0.00000	-0.09442	81320.00000	-516.10544	0.00000	-0.39442
-66370.38667	47191.07306	137.00000	81341.58804	-120.34274	0.00000	-0.09437	81340.00000	-516.24311	0.00000	-0.39437
-66386.69076	47202.65734	137.00000	81361.58849	-120.37566	0.00000	-0.09431	81360.00000	-516.38076	0.00000	-0.39431
-66402.99486	47214.24161	137.00000	81381.58893	-120.40857	0.00000	-0.09425	81380.00000	-516.51839	0.00000	-0.39425
-66419.29897	47225.82587	137.00000	81401.58938	-120.44146	0.00000	-0.09419	81400.00000	-516.65600	0.00000	-0.39419
-66435.60309	47237.41010	137.00000	81421.58983	-120.47433	0.00000	-0.09414	81420.00000	-516.79359	0.00000	-0.39414
-66451.90723	47248.99432	137.00000	81441.59027	-120.50718	0.00000	-0.09408	81440.00000	-516.93116	0.00000	-0.39408
-66468.21137	47260.57852	137.00000	81461.59072	-120.54001	0.00000	-0.09402	81460.00000	-517.06871	0.00000	-0.39402
-66484.51553	47272.16271	137.00000	81481.59117	-120.57282	0.00000	-0.09397	81480.00000	-517.20624	0.00000	-0.39397
-66500.81970	47283.74688	137.00000	81501.59161	-120.60561	0.00000	-0.09391	81500.00000	-517.34375	0.00000	-0.39391
-66517.12388	47295.33103	137.00000	81521.59206	-120.63837	0.00000	-0.09385	81520.00000	-517.48124	0.00000	-0.39385
-66533.42807	47306.91517	137.00000	81541.59250	-120.67112	0.00000	-0.09379	81540.00000	-517.61871	0.00000	-0.39379
-66549.73227	47318.49929	137.00000	81561.59295	-120.70385	0.00000	-0.09374	81560.00000	-517.75616	0.00000	-0.39374
-66566.03648	47330.08340	137.00000	81581.59339	-120.73656	0.00000	-0.09368	81580.00000	-517.89359	0.00000	-0.39368
-66582.34071	47341.66749	137.00000	81601.59384	-120.76925	0.00000	-0.09362	81600.00000	-518.03100	0.00000	-0.39362
-66598.64495	47353.25156	137.00000	81621.59428	-120.80192	0.00000	-0.09356	81620.00000	-518.16839	0.00000	-0.39356
-66614.94920	47364.83561	137.00000	81641.59473	-120.83457	0.00000	-0.09351	81640.00000	-518.30576	0.00000	-0.39351
-66631.25346	47376.41965	137.00000	81661.59517	-120.86720	0.00000	-0.09345	81660.00000	-518.44311	0.00000	-0.39345
-66647.55773	47388.00368	137.00000	81681.59562	-120.89981	0.00000	-0.09339	81680.00000	-518.58044	0.00000	-0.39339
-66663.86201	47399.58768	137.00000	81701.59606	-120.93239	0.00000	-0.09334	81700.00000	-518.71775	0.00000	-0.39334
-66680.16631	47411.17167	137.00000	81721.59651	-120.96496	0.00000	-0.09328	81720.00000	-518.85504	0.00000	-0.39328
-66696.47061	47422.75565	137.00000	81741.59695	-120.99751	0.00000	-0.09322	81740.00000	-518.99231	0.00000	-0.39322
-66712.77493	47434.33960	137.00000	81761.59740	-121.03004	0.00000	-0.09316	81760.00000	-519.12956	0.00000	-0.39316
-66729.07926	47445.92355	137.00000	81781.59784	-121.06255	0.00000	-0.09311	81780.00000	-519.26679	0.00000	-0.39311
-66745.38360	47457.50747	137.00000	81801.59829	-121.09504	0.00000	-0.09305	81800.00000	-519.40400	0.00000	-0.39305
-66761.68795	47469.09138	137.00000	81821.59873	-121.12751	0.00000	-0.09299	81820.00000	-519.54119	0.00000	-0.39299
-66777.99231	47480.67527	137.00000	81841.59917	-121.15996	0.00000	-0.09293	81840.00000	-519.67836	0.00000	-0.39293
-66794.29669	47492.25915	137.00000	81861.59962	-121.19239	0.00000	-0.09288	81860.00000	-519.81551	0.00000	-0.39288
-66810.60108	47503.84300	137.00000	81881.60006	-121.22479	0.00000	-0.09282	81880.00000	-519.95264	0.00000	-0.39282
-66826.90547	47515.42685	137.00000	81901.60051	-121.25718	0.00000	-0.09276	81900.00000	-520.08975	0.00000	-0.39276
-66843.20988	47527.01067	137.00000	81921.60095	-121.28955	0.00000	-0.09271	81920.00000	-520.22684	0.00000	-0.39271
-66859.51430	47538.59448	137.00000	81941.60139	-121.32190	0.00000	-0.09265	81940.00000	-520.36391	0.00000	-0.39265
-66875.81874	47550.17828	137.00000	81961.60184	-121.35423	0.00000	-0.09259	81960.00000	-520.50096	0.00000	-0.39259
-66892.12318	47561.76205	137.00000	81981.60228	-121.38654	0.00000	-0.09253	81980.00000	-520.63799	0.00000	-0.39253
-66908.42763	47573.34581	137.00000	82001.60272	-121.41883	0.00000	-0.09248	82000.00000	-520.77500	0.00000	-0.39248
-66924.73210	47584.92956	137.00000	82021.60317	-121.45110	0.00000	-0.09242	82020.00000	-520.91199	0.00000	-0.39242
-66941.03658	47596.51329	137.00000	82041.60361	-121.48334	0.00000	-0.09236	82040.00000	-521.04896	0.00000	-0.39236
-66957.34107	47608.09700	137.00000	82061.60405	-121.51557	0.00000	-0.09230	82060.00000	-521.18591	0.00000	-0.39230
-66973.64557	47619.68069	137.00000	82081.60450	-121.54778	0.00000	-0.09225	82080.00000	-521.32284	0.00000	-0.39225
-66989.95008	47631.26437	137.00000	82101.60494	-121.57997	0.00000	-0.09219	82100.00000	-521.45975	0.00000	-0.39219
-67006.25461	47642.84803	137.00000	82121.60538	-121.61214	0.00000	-0.09213	82120.00000	-521.59664	0.00000	-0.39213
-67022.55914	47654.43168	137.00000	82141.60582	-121.64429	0.00000	-0.09208	82140.00000	-521.73351	0.00000	-0.39208
-67038.86369	47666.01531	137.00000	82161.60627	-121.67642	0.00000	-0.09202	82160.00000	-521.87036	0.00000	-0.39202
-67055.16825	47677.59892	137.00000	82181.60671	-121.70853	0.00000	-0.09196	82180.00000	-522.00719	0.00000	-0.39196
-67071.47282	47689.18252	137.00000	82201.60715	-121.74062	0.00000	-0.09190	82200.00000	-522.14400	0.00000	-0.39190
-67087.77740	47700.76610	137.00000	82221.60759	-121.77268	0.00000	-0.09185	82220.00000	-522.28079	0.00000	-0.39185
-67104.08199	47712.34967	137.00000	82241.60803	-121.80473	0.00000	-0.09179	82240.00000	-522.41756	0.00000	-0.39179
-67120.38660	47723.93321	137.00000	82261.60848	-121.83676	0.00000	-0.09173	82260.00000	-522.55431	0.00000	-0.39173
-67136.69121	47735.51674	137.00000	82281.60892	-121.86877	0.00000	-0.09167	82280.00000	-522.69104	0.00000	-0.39167
-67152.99584	47747.10026	137.00000	82301.60936	-121.90076	0.00000	-0.09162	82300.00000	-522.82775	0.00000	-0.39162
-67169.30048	47758.68376	137.00000	82321.60980	-121.93273	0.00000	-0.09156	82320.00000	-522.96444	0.00000	-0.39156
-67185.60513	47770.26724	137.00000	82341.61024	-121.96468	0.00000	-0.09150	82340.00000	-523.10111	0.00000	-0.39150
-67201.90979	47781.85071	137.00000	82361.61068	-121.99661	0.00000	-0.09144	82360.00000	-523.23776	0.00000	-0.39144
-67218.21446	47793.43416	137.00000	82381.61112	-122.02852	0.00000	-0.09139	82380.00000	-523.37439	0.00000	-0.39139
-67234.51915	47805.01759	137.00000	82401.61157	-122.06040	0.00000	-0.09133	82400.00000	-523.51100	0.00000	-0.39133
-67250.82384	47816.60101	137.00000	82421.61201	-122.09227	0.00000	-0.09127	82420.00000	-523.64759	0.00000	-0.39127
-67267.12855	47828.18441	137.00000	82441.61245	-122.12412	0.00000	-0.09122	82440.00000	-523.78416	0.00000	-0.39122
-67283.43327	47839.76779	137.00000	82461.61289	-122.15595	0.00000	-0.09116	82460.00000	-523.92071	0.00000	-0.39116
-67299.73800	47851.35116	137.00000	82481.61333	-122.18776	0.00000	-0.09110	82480.00000	-524.05724	0.00000	-0.39110
-67316.04274	47862.93451	137.00000	82501.61377	-122.21955	0.00000	-0.09104	82500.00000	-524.19375	0.00000	-0.39104
-67332.34750	47874.51784	137.00000	82521.61421	-122.25132	0.00000	-0.09099	82520.00000	-524.33024	0.00000	-0.39099
-67348.65226	47886.10116	137.00000	82541.61465	-122.28307	0.00000	-0.09093	82540.00000	-524.46671	0.00000	-0.39093
-67364.95704	47897.68446	137.00000	82561.61509	-122.31479	0.00000	-0.09087	82560.00000	-524.60316	0.00000	-0.39087
-67381.26182	47909.26775	137.00000	82581.61553	-122.34650	0.00000	-0.09081	82580.00000	-524.73959	0.00000	-0.39081
-67397.56662	47920.85102	137.00000	82601.61597	-122.37819	0.00000	-0.09076	82600.00000	-524.87600	0.00000	-0.39076
-67413.87143	47932.43427	137.00000	82621.61641	-122.40986	0.00000	-0.09070	82620.00000	-525.01239	0.00000	-0.39070
-67430.17626	47944.01751	137.00000	82641.61685	-122.44151	0.00000	-0.09064	82640.00000	-525.14876	0.00000	-0.39064
-67446.48109	47955.60073	137.00000	82661.61729	-122.47314	0.00000	-0.09059	82660.00000	-525.28511	0.00000	-0.39059
-67462.78594	47967.18393	137.00000	82681.61773	-122.50475	0.00000	-0.09053	82680.00000	-525.42144	0.00000	-0.39053
-67479.09079	47978.76712	137.00000	82701.61817	-122.53634	0.00000	-0.09047	82700.00000	-525.55775	0.00000	-0.39047
-67495.39566	47990.35029	137.00000	82721.61861	-122.56791	0.00000	-0.09041	82720.00000	-525.69404	0.00000	-0.39041
-67511.70054	48001.93344	137.00000	82741.61905	-122.59945	0.00000	-0.09036	82740.00000	-525.83031	0.00000	-0.39036
-67528.00543	48013.51658	137.00000	82761.61949	-122.63098	0.00000	-0.09030	82760.00000	-525.96656	0.00000	-0.39030
-67544.31033	48025.09970	137.00000	82781.61993	-122.66249	0.00000	-0.09024	82780.00000	-526.10279	0.00000	-0.39024
-67560.61525	48036.68281	137.00000	82801.62037	-122.69398	0.00000	-0.09018	82800.00000	-526.23900	0.00000	-0.39018
-67576.92017	48048.26590	137.00000	82821.62081	-122.72545	0.00000	-0.09013	82820.00000	-526.37519	0.00000	-0.39013
-67593.22511	48059.84897	137.00000	82841.62124	-122.75690	0.00000	-0.09007	82840.00000	-526.51136	0.00000	-0.39007
-67609.53006	48071.43203	137.00000	82861.62168	-122.78833	0.00000	-0.09001	82860.00000	-526.64751	0.00000	-0.39001
-67625.83502	48083.01507	137.00000	82881.62212	-122.81974	0.00000	-0.08996	82880.00000	-526.78364	0.00000	-0.38996
-67642.13999	48094.59809	137.00000	82901.62256	-122.85113	0.00000	-0.08990	82900.00000	-526.91975	0.00000	-0.38990
-67658.44497	48106.18110	137.00000	82921.62300	-122.88249	0.00000	-0.08984	82920.00000	-527.05584	0.00000	-0.38984
-67674.74997	48117.76409	137.00000	82941.62344	-122.91384	0.00000	-0.08978	82940.00000	-527.19191	0.00000	-0.38978
-67691.05497	48129.34706	137.00000	82961.62387	-122.94517	0.00000	-0.08973	82960.00000	-527.32796	0.00000	-0.38973
-67707.35999	48140.93002	137.00000	82981.62431	-122.97648	0.00000	-0.08967	82980.00000	-527.46399	0.00000	-0.38967
-67723.66502	48152.51296	137.00000	83001.62475	-123.00777	0.00000	-0.08961	83000.00000	-527.60000	0.00000	-0.38961
-67739.97006	48164.09589	137.00000	83021.62519	-123.03904	0.00000	-0.08955	83020.00000	-527.73599	0.00000	-0.38955
-67756.27511	48175.67880	137.00000	83041.62563	-123.07029	0.00000	-0.08950	83040.00000	-527.87196	0.00000	-0.38950
-67772.58017	48187.26169	137.00000	83061.62606	-123.10152	0.00000	-0.08944	83060.00000	-528.00791	0.00000	-0.38944
-67788.88525	48198.84457	137.00000	83081.62650	-123.13273	0.00000	-0.08938	83080.00000	-528.14384	0.00000	-0.38938
-67805.19034	48210.42743	137.00000	83101.62694	-123.16391	0.00000	-0.08932	83100.00000	-528.27975	0.00000	-0.38932
-67821.49543	48222.01027	137.00000	83121.62738	-123.19508	0.00000	-0.08927	83120.00000	-528.41564	0.00000	-0.38927
-67837.80054	48233.59310	137.00000	83141.62781	-123.22623	0.00000	-0.08921	83140.00000	-528.55151	0.00000	-0.38921
-67854.10566	48245.17591	137.00000	83161.62825	-123.25736	0.00000	-0.08915	83160.00000	-528.68736	0.00000	-0.38915
-67870.41079	48256.75870	137.00000	83181.62869	-123.28847	0.00000	-0.08910	83180.00000	-528.82319	0.00000	-0.38910
-67886.71594	48268.34148	137.00000	83201.62913	-123.31956	0.00000	-0.08904	83200.00000	-528.95900	0.00000	-0.38904
-67903.02109	48279.92424	137.00000	83221.62956	-123.35063	0.00000	-0.08898	83220.00000	-529.09479	0.00000	-0.38898
-67919.32626	48291.50698	137.00000	83241.63000	-123.38168	0.00000	-0.08892	83240.00000	-529.23056	0.00000	-0.38892
-67935.63144	48303.08971	137.00000	83261.63044	-123.41270	0.00000	-0.08887	83260.00000	-529.36631	0.00000	-0.38887
-67951.93663	48314.67243	137.00000	83281.63087	-123.44371	0.00000	-0.08881	83280.00000	-529.50204	0.00000	-0.38881
-67968.24183	48326.25512	137.00000	83301.63131	-123.47470	0.00000	-0.08875	83300.00000	-529.63775	0.00000	-0.38875
-67984.54704	48337.83780	137.00000	83321.63174	-123.50567	0.00000	-0.08869	83320.00000	-529.77344	0.00000	-0.38869
-68000.85226	48349.42046	137.00000	83341.63218	-123.53662	0.00000	-0.08864	83340.00000	-529.90911	0.00000	-0.38864
-68017.15750	48361.00311	137.00000	83361.63262	-123.56755	0.00000	-0.08858	83360.00000	-530.04476	0.00000	-0.38858
-68033.46275	48372.58574	137.00000	83381.63305	-123.59846	0.00000	-0.08852	83380.00000	-530.18039	0.00000	-0.38852
-68049.76800	48384.16835	137.00000	83401.63349	-123.62935	0.00000	-0.08847	83400.00000	-530.31600	0.00000	-0.38847
-68066.07327	48395.75095	137.00000	83421.63392	-123.66022	0.00000	-0.08841	83420.00000	-530.45159	0.00000	-0.38841
-68082.37855	48407.33353	137.00000	83441.63436	-123.69106	0.00000	-0.08835	83440.00000	-530.58716	0.00000	-0.38835
-68098.68385	48418.91610	137.00000	83461.63480	-123.72189	0.00000	-0.08829	83460.00000	-530.72271	0.00000	-0.38829
-68114.98915	48430.49865	137.00000	83481.63523	-123.75270	0.00000	-0.08824	83480.00000	-530.85824	0.00000	-0.38824
-68131.29447	48442.08118	137.00000	83501.63567	-123.78349	0.00000	-0.08818	83500.00000	-530.99375	0.00000	-0.38818
-68147.59979	48453.66369	137.00000	83521.63610	-123.81426	0.00000	-0.08812	83520.00000	-531.12924	0.00000	-0.38812
-68163.90513	48465.24619	137.00000	83541.63654	-123.84501	0.00000	-0.08806	83540.00000	-531.26471	0.00000	-0.38806
-68180.21048	48476.82868	137.00000	83561.63697	-123.87574	0.00000	-0.08801	83560.00000	-531.40016	0.00000	-0.38801
-68196.51584	48488.41114	137.00000	83581.63741	-123.90645	0.00000	-0.08795	83580.00000	-531.53559	0.00000	-0.38795
-68212.82122	48499.99359	137.00000	83601.63784	-123.93714	0.00000	-0.08789	83600.00000	-531.67100	0.00000	-0.38789
-68229.12660	48511.57603	137.00000	83621.63828	-123.96780	0.00000	-0.08784	83620.00000	-531.80639	0.00000	-0.38784
-68245.43200	48523.15844	137.00000	83641.63871	-123.99845	0.00000	-0.08778	83640.00000	-531.94176	0.00000	-0.38778
-68261.73740	48534.74085	137.00000	83661.63915	-124.02908	0.00000	-0.08772	83660.00000	-532.07711	0.00000	-0.38772
-68278.04282	48546.32323	137.00000	83681.63958	-124.05969	0.00000	-0.08766	83680.00000	-532.21244	0.00000	-0.38766
-68294.34825	48557.90560	137.00000	83701.64001	-124.09028	0.00000	-0.08761	83700.00000	-532.34775	0.00000	-0.38761
-68310.65369	48569.48795	137.00000	83721.64045	-124.12085	0.00000	-0.08755	83720.00000	-532.48304	0.00000	-0.38755
-68326.95915	48581.07029	137.00000	83741.64088	-124.15140	0.00000	-0.08749	83740.00000	-532.61831	0.00000	-0.38749
-68343.26461	48592.65260	137.00000	83761.64132	-124.18193	0.00000	-0.08743	83760.00000	-532.75356	0.00000	-0.38743
-68359.57009	48604.23491	137.00000	83781.64175	-124.21244	0.00000	-0.08738	83780.00000	-532.88879	0.00000	-0.38738
-68375.87558	48615.81719	137.00000	83801.64218	-124.24292	0.00000	-0.08732	83800.00000	-533.02400	0.00000	-0.38732
-68392.18108	48627.39946	137.00000	83821.64262	-124.27339	0.00000	-0.08726	83820.00000	-533.15919	0.00000	-0.38726
-68408.48659	48638.98172	137.00000	83841.64305	-124.30384	0.00000	-0.08720	83840.00000	-533.29436	0.00000	-0.38720
-68424.79211	48650.56395	137.00000	83861.64349	-124.33427	0.00000	-0.08715	83860.00000	-533.42951	0.00000	-0.38715
-68441.09764	48662.14617	137.00000	83881.64392	-124.36468	0.00000	-0.08709	83880.00000	-533.56464	0.00000	-0.38709
-68457.40319	48673.72838	137.00000	83901.64435	-124.39507	0.00000	-0.08703	83900.00000	-533.69975	0.00000	-0.38703
-68473.70874	48685.31057	137.00000	83921.64479	-124.42544	0.00000	-0.08698	83920.00000	-533.83484	0.00000	-0.38698
-68490.01431	48696.89274	137.00000	83941.64522	-124.45579	0.00000	-0.08692	83940.00000	-533.96991	0.00000	-0.38692
-68506.31989	48708.47489	137.00000	83961.64565	-124.48612	0.00000	-0.08686	83960.00000	-534.10496	0.00000	-0.38686
-68522.62548	48720.05703	137.00000	83981.64608	-124.51642	0.00000	-0.08680	83980.00000	-534.23999	0.00000	-0.38680
-68538.93108	48731.63915	137.00000	84001.64652	-124.54671	0.00000	-0.08675	84000.00000	-534.37500	0.00000	-0.38675
-68555.23670	48743.22126	137.00000	84021.64695	-124.57698	0.00000	-0.08669	84020.00000	-534.50999	0.00000	-0.38669
-68571.54232	48754.80335	137.00000	84041.64738	-124.60723	0.00000	-0.08663	84040.00000	-534.64496	0.00000	-0.38663
-68587.84796	48766.38542	137.00000	84061.64781	-124.63746	0.00000	-0.08657	84060.00000	-534.77991	0.00000	-0.38657
-68604.15361	48777.96748	137.00000	84081.64825	-124.66767	0.00000	-0.08652	84080.00000	-534.91484	0.00000	-0.38652
-68620.45927	48789.54952	137.00000	84101.64868	-124.69786	0.00000	-0.08646	84100.00000	-535.04975	0.00000	-0.38646
-68636.76494	48801.13155	137.00000	84121.64911	-124.72803	0.00000	-0.08640	84120.00000	-535.18464	0.00000	-0.38640
-68653.07062	48812.71355	137.00000	84141.64954	-124.75818	0.00000	-0.08635	84140.00000	-535.31951	0.00000	-0.38635
-68669.37631	48824.29554	137.00000	84161.64998	-124.78830	0.00000	-0.08629	84160.00000	-535.45436	0.00000	-0.38629
-68685.68202	48835.87752	137.00000	84181.65041	-124.81841	0.00000	-0.08623	84180.00000	-535.58919	0.00000	-0.38623
-68701.98774	48847.45948	137.00000	84201.65084	-124.84850	0.00000	-0.08617	84200.00000	-535.72400	0.00000	-0.38617
-68718.29347	48859.04142	137.00000	84221.65127	-124.87857	0.00000	-0.08612	84220.00000	-535.85879	0.00000	-0.38612
-68734.59921	48870.62335	137.00000	84241.65170	-124.90862	0.00000	-0.08606	84240.00000	-535.99356	0.00000	-0.38606
-68750.90496	48882.20526	137.00000	84261.65213	-124.93865	0.00000	-0.08600	84260.00000	-536.12831	0.00000	-0.38600
-68767.21072	48893.78715	137.00000	84281.65256	-124.96866	0.00000	-0.08594	84280.00000	-536.26304	0.00000	-0.38594
-68783.51649	48905.36903	137.00000	84301.65300	-124.99865	0.00000	-0.08589	84300.00000	-536.39775	0.00000	-0.38589
-68799.82228	48916.95089	137.00000	84321.65343	-125.02862	0.00000	-0.08583	84320.00000	-536.53244	0.00000	-0.38583
-68816.12808	48928.53273	137.00000	84341.65386	-125.05856	0.00000	-0.08577	84340.00000	-536.66711	0.00000	-0.38577
-68832.43389	48940.11456	137.00000	84361.65429	-125.08849	0.00000	-0.08572	84360.00000	-536.80176	0.00000	-0.38572
-68848.73971	48951.69637	137.00000	84381.65472	-125.11840	0.00000	-0.08566	84380.00000	-536.93639	0.00000	-0.38566
-68865.04554	48963.27816	137.00000	84401.65515	-125.14829	0.00000	-0.08560	84400.00000	-537.07100	0.00000	-0.38560
-68881.35138	48974.85994	137.00000	84421.65558	-125.17816	0.00000	-0.08554	84420.00000	-537.20559	0.00000	-0.38554
-68897.65724	48986.44170	137.00000	84441.65601	-125.20801	0.00000	-0.08549	84440.00000	-537.34016	0.00000	-0.38549
-68913.96310	48998.02345	137.00000	84461.65644	-125.23784	0.00000	-0.08543	84460.00000	-537.47471	0.00000	-0.38543
-68930.26898	49009.60518	137.00000	84481.65687	-125.26765	0.00000	-0.08537	84480.00000	-537.60924	0.00000	-0.38537
-68946.57487	49021.18689	137.00000	84501.65730	-125.29743	0.00000	-0.08531	84500.00000	-537.74375	0.00000	-0.38531
-68962.88077	49032.76859	137.00000	84521.65773	-125.32720	0.00000	-0.08526	84520.00000	-537.87824	0.00000	-0.38526
-68979.18668	49044.35027	137.00000	84541.65816	-125.35695	0.00000	-0.08520	84540.00000	-538.01271	0.00000	-0.38520
-68995.49261	49055.93193	137.00000	84561.65859	-125.38668	0.00000	-0.08514	84560.00000	-538.14716	0.00000	-0.38514
-69011.79854	49067.51358	137.00000	84581.65902	-125.41639	0.00000	-0.08508	84580.00000	-538.28159	0.00000	-0.38508
-69028.10449	49079.09521	137.00000	84601.65945	-125.44608	0.00000	-0.08503	84600.00000	-538.41600	0.00000	-0.38503
-69044.41045	49090.67682	137.00000	84621.65988	-125.47575	0.00000	-0.08497	84620.00000	-538.55039	0.00000	-0.38497
-69060.71641	49102.25842	137.00000	84641.66031	-125.50540	0.00000	-0.08491	84640.00000	-538.68476	0.00000	-0.38491
-69077.02240	49113.84000	137.00000	84661.66074	-125.53503	0.00000	-0.08486	84660.00000	-538.81911	0.00000	-0.38486
-69093.32839	49125.42157	137.00000	84681.66117	-125.56463	0.00000	-0.08480	84680.00000	-538.95344	0.00000	-0.38480
-69109.63439	49137.00312	137.00000	84701.66160	-125.59422	0.00000	-0.08474	84700.00000	-539.08775	0.00000	-0.38474
-69125.94041	49148.58465	137.00000	84721.66203	-125.62379	0.00000	-0.08468	84720.00000	-539.22204	0.00000	-0.38468
-69142.24643	49160.16617	137.00000	84741.66246	-125.65334	0.00000	-0.08463	84740.00000	-539.35631	0.00000	-0.38463
-69158.55247	49171.74767	137.00000	84761.66288	-125.68287	0.00000	-0.08457	84760.00000	-539.49056	0.00000	-0.38457
-69174.85852	49183.32915	137.00000	84781.66331	-125.71238	0.00000	-0.08451	84780.00000	-539.62479	0.00000	-0.38451
-69191.16458	49194.91062	137.00000	84801.66374	-125.74187	0.00000	-0.08445	84800.00000	-539.75900	0.00000	-0.38445
-69207.47066	49206.49207	137.00000	84821.66417	-125.77134	0.00000	-0.08440	84820.00000	-539.89319	0.00000	-0.38440
-69223.77674	49218.07350	137.00000	84841.66460	-125.80079	0.00000	-0.08434	84840.00000	-540.02736	0.00000	-0.38434
-69240.08284	49229.65492	137.00000	84861.66503	-125.83021	0.00000	-0.08428	84860.00000	-540.16151	0.00000	-0.38428
-69256.38894	49241.23632	137.00000	84881.66545	-125.85962	0.00000	-0.08423	84880.00000	-540.29564	0.00000	-0.38423
-69272.69506	49252.81771	137.00000	84901.66588	-125.88901	0.00000	-0.08417	84900.00000	-540.42975	0.00000	-0.38417
-69289.00119	49264.39908	137.00000	84921.66631	-125.91838	0.00000	-0.08411	84920.00000	-540.56384	0.00000	-0.38411
-69305.30733	49275.98043	137.00000	84941.66674	-125.94773	0.00000	-0.08405	84940.00000	-540.69791	0.00000	-0.38405
-69321.61349	49287.56177	137.00000	84961.66717	-125.97706	0.00000	-0.08400	84960.00000	-540.83196	0.00000	-0.38400
-69337.91965	49299.14309	137.00000	84981.66759	-126.00637	0.00000	-0.08394	84980.00000	-540.96599	0.00000	-0.38394
-69354.22583	49310.72439	137.00000	85001.66802	-126.03566	0.00000	-0.08388	85000.00000	-541.10000	0.00000	-0.38388
-69370.53201	49322.30568	137.00000	85021.66845	-126.06493	0.00000	-0.08382	85020.00000	-541.23399	0.00000	-0.38382
-69386.83821	49333.88695	137.00000	85041.66888	-126.09417	0.00000	-0.08377	85040.00000	-541.36796	0.00000	-0.38377
-69403.14442	49345.46820	137.00000	85061.66930	-126.12340	0.00000	-0.08371	85060.00000	-541.50191	0.00000	-0.38371
-69419.45064	49357.04944	137.00000	85081.66973	-126.15261	0.00000	-0.08365	85080.00000	-541.63584	0.00000	-0.38365
-69435.75688	49368.63066	137.00000	85101.67016	-126.18180	0.00000	-0.08360	85100.00000	-541.76975	0.00000	-0.38360
-69452.06312	49380.21186	137.00000	85121.67058	-126.21097	0.00000	-0.08354	85120.00000	-541.90364	0.00000	-0.38354
-69468.36938	49391.79305	137.00000	85141.67101	-126.24012	0.00000	-0.08348	85140.00000	-542.03751	0.00000	-0.38348
-69484.67565	49403.37423	137.00000	85161.67144	-126.26925	0.00000	-0.08342	85160.00000	-542.17136	0.00000	-0.38342
-69500.98193	49414.95538	137.00000	85181.67186	-126.29836	0.00000	-0.08337	85180.00000	-542.30519	0.00000	-0.38337
-69517.28822	49426.53652	137.00000	85201.67229	-126.32745	0.00000	-0.08331	85200.00000	-542.43900	0.00000	-0.38331
-69533.59452	49438.11764	137.00000	85221.67272	-126.35651	0.00000	-0.08325	85220.00000	-542.57279	0.00000	-0.38325
-69549.90083	49449.69875	137.00000	85241.67314	-126.38556	0.00000	-0.08319	85240.00000	-542.70656	0.00000	-0.38319
-69566.20716	49461.27984	137.00000	85261.67357	-126.41459	0.00000	-0.08314	85260.00000	-542.84031	0.00000	-0.38314
-69582.51349	49472.86091	137.00000	85281.67400	-126.44360	0.00000	-0.08308	85280.00000	-542.97404	0.00000	-0.38308
-69598.81984	49484.44197	137.00000	85301.67442	-126.47259	0.00000	-0.08302	85300.00000	-543.10775	0.00000	-0.38302
-69615.12620	49496.02301	137.00000	85321.67485	-126.50156	0.00000	-0.08296	85320.00000	-543.24144	0.00000	-0.38296
-69631.43257	49507.60404	137.00000	85341.67527	-126.53051	0.00000	-0.08291	85340.00000	-543.37511	0.00000	-0.38291
-69647.73895	49519.18505	137.00000	85361.67570	-126.55944	0.00000	-0.08285	85360.00000	-543.50876	0.00000	-0.38285
-69664.04535	49530.76604	137.00000	85381.67612	-126.58835	0.00000	-0.08279	85380.00000	-543.64239	0.00000	-0.38279
-69680.35175	49542.34701	137.00000	85401.67655	-126.61723	0.00000	-0.08274	85400.00000	-543.77600	0.00000	-0.38274
-69696.65817	49553.92797	137.00000	85421.67697	-126.64610	0.00000	-0.08268	85420.00000	-543.90959	0.00000	-0.38268
-69712.96460	49565.50892	137.00000	85441.67740	-126.67495	0.00000	-0.08262	85440.00000	-544.04316	0.00000	-0.38262
-69729.27104	49577.08984	137.00000	85461.67783	-126.70378	0.00000	-0.08256	85460.00000	-544.17671	0.00000	-0.38256
-69745.57749	49588.67075	137.00000	85481.67825	-126.73259	0.00000	-0.08251	85480.00000	-544.31024	0.00000	-0.38251
-69761.88395	49600.25165	137.00000	85501.67867	-126.76138	0.00000	-0.08245	85500.00000	-544.44375	0.00000	-0.38245
-69778.19043	49611.83252	137.00000	85521.67910	-126.79015	0.00000	-0.08239	85520.00000	-544.57724	0.00000	-0.38239
-69794.49691	49623.41338	137.00000	85541.67952	-126.81890	0.00000	-0.08233	85540.00000	-544.71071	0.00000	-0.38233
-69810.80341	49634.99423	137.00000	85561.67995	-126.84763	0.00000	-0.08228	85560.00000	-544.84416	0.00000	-0.38228
-69827.10992	49646.57506	137.00000	85581.68037	-126.87633	0.00000	-0.08222	85580.00000	-544.97759	0.00000	-0.38222
-69843.41644	49658.15587	137.00000	85601.68080	-126.90502	0.00000	-0.08216	85600.00000	-545.11100	0.00000	-0.38216
-69859.72297	49669.73666	137.00000	85621.68122	-126.93369	0.00000	-0.08211	85620.00000	-545.24439	0.00000	-0.38211
-69876.02951	49681.31744	137.00000	85641.68165	-126.96234	0.00000	-0.08205	85640.00000	-545.37776	0.00000	-0.38205
-69892.33607	49692.89821	137.00000	85661.68207	-126.99097	0.00000	-0.08199	85660.00000	-545.51111	0.00000	-0.38199
-69908.64263	49704.47895	137.00000	85681.68249	-127.01958	0.00000	-0.08193	85680.00000	-545.64444	0.00000	-0.38193
-69924.94921	49716.05968	137.00000	85701.68292	-127.04817	0.00000	-0.08188	85700.00000	-545.77775	0.00000	-0.38188
-69941.25580	49727.64040	137.00000	85721.68334	-127.07674	0.00000	-0.08182	85720.00000	-545.91104	0.00000	-0.38182
-69957.56240	49739.22109	137.00000	85741.68377	-127.10529	0.00000	-0.08176	85740.00000	-546.04431	0.00000	-0.38176
-69973.86901	49750.80177	137.00000	85761.68419	-127.13381	0.00000	-0.08170	85760.00000	-546.17756	0.00000	-0.38170
-69990.17563	49762.38244	137.00000	85781.68461	-127.16232	0.00000	-0.08165	85780.00000	-546.31079	0.00000	-0.38165
-70006.48227	49773.96309	137.00000	85801.68504	-127.19081	0.00000	-0.08159	85800.00000	-546.44400	0.00000	-0.38159
-70022.78892	49785.54372	137.00000	85821.68546	-127.21928	0.00000	-0.08153	85820.00000	-546.57719	0.00000	-0.38153
-70039.09557	49797.12433	137.00000	85841.68588	-127.24773	0.00000	-0.08148	85840.00000	-546.71036	0.00000	-0.38148
-70055.40224	49808.70493	137.00000	85861.68631	-127.27616	0.00000	-0.08142	85860.00000	-546.84351	0.00000	-0.38142
-70071.70892	49820.28551	137.00000	85881.68673	-127.30457	0.00000	-0.08136	85880.00000	-546.97664	0.00000	-0.38136
-70088.01561	49831.86608	137.00000	85901.68715	-127.33296	0.00000	-0.08130	85900.00000	-547.10975	0.00000	-0.38130
-70104.32232	49843.44663	137.00000	85921.68757	-127.36133	0.00000	-0.08125	85920.00000	-547.24284	0.00000	-0.38125
-70120.62903	49855.02716	137.00000	85941.68800	-127.38968	0.00000	-0.08119	85940.00000	-547.37591	0.00000	-0.38119
-70136.93576	49866.60768	137.00000	85961.68842	-127.41800	0.00000	-0.08113	85960.00000	-547.50896	0.00000	-0.38113
-70153.24250	49878.18818	137.00000	85981.68884	-127.44631	0.00000	-0.08107	85980.00000	-547.64199	0.00000	-0.38107
-70169.54925	49889.76866	137.00000	86001.68926	-127.47460	0.00000	-0.08102	86000.00000	-547.77500	0.00000	-0.38102
-70185.85601	49901.34913	137.00000	86021.68969	-127.50287	0.00000	-0.08096	86020.00000	-547.90799	0.00000	-0.38096
-70202.16278	49912.92958	137.00000	86041.69011	-127.53112	0.00000	-0.08090	86040.00000	-548.04096	0.00000	-0.38090
-70218.46956	49924.51002	137.00000	86061.69053	-127.55935	0.00000	-0.08085	86060.00000	-548.17391	0.00000	-0.38085
-70234.77636	49936.09044	137.00000	86081.69095	-127.58756	0.00000	-0.08079	86080.00000	-548.30684	0.00000	-0.38079
-70251.08317	49947.67084	137.00000	86101.69137	-127.61575	0.00000	-0.08073	86100.00000	-548.43975	0.00000	-0.38073
-70267.38999	49959.25123	137.00000	86121.69179	-127.64392	0.00000	-0.08067	86120.00000	-548.57264	0.00000	-0.38067
-70283.69682	49970.83160	137.00000	86141.69222	-127.67206	0.00000	-0.08062	86140.00000	-548.70551	0.00000	-0.38062
-70300.00366	49982.41195	137.00000	86161.69264	-127.70019	0.00000	-0.08056	86160.00000	-548.83836	0.00000	-0.38056
-70316.31051	49993.99228	137.00000	86181.69306	-127.72830	0.00000	-0.08050	86180.00000	-548.97119	0.00000	-0.38050
-70332.61737	50005.57261	137.00000	86201.69348	-127.75639	0.00000	-0.08044	86200.00000	-549.10400	0.00000	-0.38044
-70348.92425	50017.15291	137.00000	86221.69390	-127.78446	0.00000	-0.08039	86220.00000	-549.23679	0.00000	-0.38039
-70365.23114	50028.73320	137.00000	86241.69432	-127.81251	0.00000	-0.08033	86240.00000	-549.36956	0.00000	-0.38033
-70381.53803	50040.31347	137.00000	86261.69474	-127.84054	0.00000	-0.08027	86260.00000	-549.50231	0.00000	-0.38027
-70397.84494	50051.89372	137.00000	86281.69516	-127.86855	0.00000	-0.08021	86280.00000	-549.63504	0.00000	-0.38021
-70414.15187	50063.47396	137.00000	86301.69559	-127.89654	0.00000	-0.08016	86300.00000	-549.76775	0.00000	-0.38016
-70430.45880	50075.05418	137.00000	86321.69601	-127.92450	0.00000	-0.08010	86320.00000	-549.90044	0.00000	-0.38010
-70446.76574	50086.63439	137.00000	86341.69643	-127.95245	0.00000	-0.08004	86340.00000	-550.03311	0.00000	-0.38004
-70463.07270	50098.21458	137.00000	86361.69685	-127.98038	0.00000	-0.07999	86360.00000	-550.16576	0.00000	-0.37999
-70479.37967	50109.79475	137.00000	86381.69727	-128.00829	0.00000	-0.07993	86380.00000	-550.29839	0.00000	-0.37993
-70495.68665	50121.37491	137.00000	86401.69769	-128.03618	0.00000	-0.07987	86400.00000	-550.43100	0.00000	-0.37987
-70511.99364	50132.95505	137.00000	86421.69811	-128.06405	0.00000	-0.07981	86420.00000	-550.56359	0.00000	-0.37981
-70528.30064	50144.53517	137.00000	86441.69853	-128.09190	0.00000	-0.07976	86440.00000	-550.69616	0.00000	-0.37976
-70544.60765	50156.11528	137.00000	86461.69895	-128.11973	0.00000	-0.07970	86460.00000	-550.82871	0.00000	-0.37970
-70560.91468	50167.69537	137.00000	86481.69937	-128.14754	0.00000	-0.07964	86480.00000	-550.96124	0.00000	-0.37964
-70577.22171	50179.27544	137.00000	86501.69979	-128.17532	0.00000	-0.07958	86500.00000	-551.09375	0.00000	-0.37958
-70593.52876	50190.85550	137.00000	86521.70021	-128.20309	0.00000	-0.07953	86520.00000	-551.22624	0.00000	-0.37953
-70609.83582	50202.43554	137.00000	86541.70063	-128.23084	0.00000	-0.07947	86540.00000	-551.35871	0.00000	-0.37947
-70626.14289	50214.01557	137.00000	86561.70104	-128.25857	0.00000	-0.07941	86560.00000	-551.49116	0.00000	-0.37941
-70642.44997	50225.59558	137.00000	86581.70146	-128.28628	0.00000	-0.07936	86580.00000	-551.62359	0.00000	-0.37936
-70658.75707	50237.17557	137.00000	86601.70188	-128.31397	0.00000	-0.07930	86600.00000	-551.75600	0.00000	-0.37930
-70675.06417	50248.75555	137.00000	86621.70230	-128.34164	0.00000	-0.07924	86620.00000	-551.88839	0.00000	-0.37924
-70691.37129	50260.33551	137.00000	86641.70272	-128.36929	0.00000	-0.07918	86640.00000	-552.02076	0.00000	-0.37918
-70707.67842	50271.91545	137.00000	86661.70314	-128.39692	0.00000	-0.07913	86660.00000	-552.15311	0.00000	-0.37913
-70723.98556	50283.49538	137.00000	86681.70356	-128.42452	0.00000	-0.07907	86680.00000	-552.28544	0.00000	-0.37907
-70740.29271	50295.07529	137.00000	86701.70398	-128.45211	0.00000	-0.07901	86700.00000	-552.41775	0.00000	-0.37901
-70756.59987	50306.65518	137.00000	86721.70440	-128.47968	0.00000	-0.07895	86720.00000	-552.55004	0.00000	-0.37895
-70772.90704	50318.23506	137.00000	86741.70481	-128.50723	0.00000	-0.07890	86740.00000	-552.68231	0.00000	-0.37890
-70789.21423	50329.81492	137.00000	86761.70523	-128.53476	0.00000	-0.07884	86760.00000	-552.81456	0.00000	-0.37884
-70805.52143	50341.39477	137.00000	86781.70565	-128.56227	0.00000	-0.07878	86780.00000	-552.94679	0.00000	-0.37878
-70821.82863	50352.97460	137.00000	86801.70607	-128.58976	0.00000	-0.07873	86800.00000	-553.07900	0.00000	-0.37873
-70838.13585	50364.55441	137.00000	86821.70649	-128.61723	0.00000	-0.07867	86820.00000	-553.21119	0.00000	-0.37867
-70854.44308	50376.13420	137.00000	86841.70690	-128.64468	0.00000	-0.07861	86840.00000	-553.34336	0.00000	-0.37861
-70870.75033	50387.71398	137.00000	86861.70732	-128.67210	0.00000	-0.07855	86860.00000	-553.47551	0.00000	-0.37855
-70887.05758	50399.29375	137.00000	86881.70774	-128.69951	0.00000	-0.07850	86880.00000	-553.60764	0.00000	-0.37850
-70903.36485	50410.87349	137.00000	86901.70816	-128.72690	0.00000	-0.07844	86900.00000	-553.73975	0.00000	-0.37844
-70919.67212	50422.45323	137.00000	86921.70858	-128.75427	0.00000	-0.07838	86920.00000	-553.87184	0.00000	-0.37838
-70935.97941	50434.03294	137.00000	86941.70899	-128.78162	0.00000	-0.07832	86940.00000	-554.00391	0.00000	-0.37832
-70952.28671	50445.61264	137.00000	86961.70941	-128.80895	0.00000	-0.07827	86960.00000	-554.13596	0.00000	-0.37827
-70968.59403	50457.19232	137.00000	86981.70983	-128.83626	0.00000	-0.07821	86980.00000	-554.26799	0.00000	-0.37821
-70984.90135	50468.77198	137.00000	87001.71024	-128.86355	0.00000	-0.07815	87000.00000	-554.40000	0.00000	-0.37815
-71001.20868	50480.35163	137.00000	87021.71066	-128.89082	0.00000	-0.07809	87020.00000	-554.53199	0.00000	-0.37809
-71017.51603	50491.93126	137.00000	87041.71108	-128.91806	0.00000	-0.07804	87040.00000	-554.66396	0.00000	-0.37804
-71033.82339	50503.51088	137.00000	87061.71149	-128.94529	0.00000	-0.07798	87060.00000	-554.79591	0.00000	-0.37798
-71050.13076	50515.09048	137.00000	87081.71191	-128.97250	0.00000	-0.07792	87080.00000	-554.92784	0.00000	-0.37792
-71066.43814	50526.67006	137.00000	87101.71233	-128.99969	0.00000	-0.07787	87100.00000	-555.05975	0.00000	-0.37787
-71082.74553	50538.24963	137.00000	87121.71274	-129.02686	0.00000	-0.07781	87120.00000	-555.19164	0.00000	-0.37781
-71099.05293	50549.82918	137.00000	87141.71316	-129.05401	0.00000	-0.07775	87140.00000	-555.32351	0.00000	-0.37775
-71115.36035	50561.40871	137.00000	87161.71358	-129.08114	0.00000	-0.07769	87160.00000	-555.45536	0.00000	-0.37769
-71131.66777	50572.98823	137.00000	87181.71399	-129.10825	0.00000	-0.07764	87180.00000	-555.58719	0.00000	-0.37764
-71147.97521	50584.56773	137.00000	87201.71441	-129.13534	0.00000	-0.07758	87200.00000	-555.71900	0.00000	-0.37758
-71164.28266	50596.14722	137.00000	87221.71482	-129.16241	0.00000	-0.07752	87220.00000	-555.85079	0.00000	-0.37752
-71180.59012	50607.72669	137.00000	87241.71524	-129.18945	0.00000	-0.07746	87240.00000	-555.98256	0.00000	-0.37746
-71196.89759	50619.30614	137.00000	87261.71566	-129.21648	0.00000	-0.07741	87260.00000	-556.11431	0.00000	-0.37741
-71213.20508	50630.88557	137.00000	87281.71607	-129.24349	0.00000	-0.07735	87280.00000	-556.24604	0.00000	-0.37735
-71229.51257	50642.46499	137.00000	87301.71649	-129.27048	0.00000	-0.07729	87300.00000	-556.37775	0.00000	-0.37729
-71245.82008	50654.04440	137.00000	87321.71690	-129.29745	0.00000	-0.07724	87320.00000	-556.50944	0.00000	-0.37724
-71262.12760	50665.62378	137.00000	87341.71732	-129.32440	0.00000	-0.07718	87340.00000	-556.64111	0.00000	-0.37718
-71278.43512	50677.20315	137.00000	87361.71773	-129.35133	0.00000	-0.07712	87360.00000	-556.77276	0.00000	-0.37712
-71294.74267	50688.78251	137.00000	87381.71815	-129.37824	0.00000	-0.07706	87380.00000	-556.90439	0.00000	-0.37706
-71311.05022	50700.36184	137.00000	87401.71856	-129.40513	0.00000	-0.07701	87400.00000	-557.03600	0.00000	-0.37701
-71327.35778	50711.94116	137.00000	87421.71898	-129.43199	0.00000	-0.07695	87420.00000	-557.16759	0.00000	-0.37695
-71343.66536	50723.52047	137.00000	87441.71939	-129.45884	0.00000	-0.07689	87440.00000	-557.29916	0.00000	-0.37689
-71359.97294	50735.09976	137.00000	87461.71981	-129.48567	0.00000	-0.07683	87460.00000	-557.43071	0.00000	-0.37683
-71376.28054	50746.67903	137.00000	87481.72022	-129.51248	0.00000	-0.07678	87480.00000	-557.56224	0.00000	-0.37678
-71392.58815	50758.25828	137.00000	87501.72064	-129.53927	0.00000	-0.07672	87500.00000	-557.69375	0.00000	-0.37672
-71408.89577	50769.83752	137.00000	87521.72105	-129.56604	0.00000	-0.07666	87520.00000	-557.82524	0.00000	-0.37666
-71425.20341	50781.41675	137.00000	87541.72146	-129.59279	0.00000	-0.07661	87540.00000	-557.95671	0.00000	-0.37661
-71441.51105	50792.99595	137.00000	87561.72188	-129.61952	0.00000	-0.07655	87560.00000	-558.08816	0.00000	-0.37655
-71457.81871	50804.57514	137.00000	87581.72229	-129.64623	0.00000	-0.07649	87580.00000	-558.21959	0.00000	-0.37649
-71474.12637	50816.15432	137.00000	87601.72271	-129.67291	0.00000	-0.07643	87600.00000	-558.35100	0.00000	-0.37643
-71490.43405	50827.73347	137.00000	87621.72312	-129.69958	0.00000	-0.07638	87620.00000	-558.48239	0.00000	-0.37638
-71506.74174	50839.31261	137.00000	87641.72353	-129.72623	0.00000	-0.07632	87640.00000	-558.61376	0.00000	-0.37632
-71523.04944	50850.89174	137.00000	87661.72395	-129.75286	0.00000	-0.07626	87660.00000	-558.74511	0.00000	-0.37626
-71539.35716	50862.47085	137.00000	87681.72436	-129.77947	0.00000	-0.07620	87680.00000	-558.87644	0.00000	-0.37620
-71555.66488	50874.04994	137.00000	87701.72477	-129.80606	0.00000	-0.07615	87700.00000	-559.00775	0.00000	-0.37615
-71571.97262	50885.62901	137.00000	87721.72519	-129.83263	0.00000	-0.07609	87720.00000	-559.13904	0.00000	-0.37609
-71588.28037	50897.20807	137.00000	87741.72560	-129.85918	0.00000	-0.07603	87740.00000	-559.27031	0.00000	-0.37603
-71604.58812	50908.78711	137.00000	87761.72601	-129.88571	0.00000	-0.07597	87760.00000	-559.40156	0.00000	-0.37597
-71620.89590	50920.36614	137.00000	87781.72643	-129.91221	0.00000	-0.07592	87780.00000	-559.53279	0.00000	-0.37592
-71637.20368	50931.94515	137.00000	87801.72684	-129.93870	0.00000	-0.07586	87800.00000	-559.66400	0.00000	-0.37586
-71653.51147	50943.52414	137.00000	87821.72725	-129.96517	0.00000	-0.07580	87820.00000	-559.79519	0.00000	-0.37580
-71669.81928	50955.10312	137.00000	87841.72767	-129.99162	0.00000	-0.07575	87840.00000	-559.92636	0.00000	-0.37575
-71686.12709	50966.68208	137.00000	87861.72808	-130.01805	0.00000	-0.07569	87860.00000	-560.05751	0.00000	-0.37569
-71702.43492	50978.26102	137.00000	87881.72849	-130.04446	0.00000	-0.07563	87880.00000	-560.18864	0.00000	-0.37563
-71718.74276	50989.83995	137.00000	87901.72890	-130.07085	0.00000	-0.07557	87900.00000	-560.31975	0.00000	-0.37557
-71735.05061	51001.41886	137.00000	87921.72931	-130.09722	0.00000	-0.07552	87920.00000	-560.45084	0.00000	-0.37552
-71751.35847	51012.99776	137.00000	87941.72973	-130.12357	0.00000	-0.07546	87940.00000	-560.58191	0.00000	-0.37546
-71767.66635	51024.57664	137.00000	87961.73014	-130.14990	0.00000	-0.07540	87960.00000	-560.71296	0.00000	-0.37540
-71783.97423	51036.15550	137.00000	87981.73055	-130.17620	0.00000	-0.07534	87980.00000	-560.84399	0.00000	-0.37534
-71800.28213	51047.73434	137.00000	88001.73096	-130.20249	0.00000	-0.07529	88000.00000	-560.97500	0.00000	-0.37529
-71816.59004	51059.31317	137.00000	88021.73137	-130.22876	0.00000	-0.07523	88020.00000	-561.10599	0.00000	-0.37523
-71832.89796	51070.89199	137.00000	88041.73179	-130.25501	0.00000	-0.07517	88040.00000	-561.23696	0.00000	-0.37517
-71849.20589	51082.47078	137.00000	88061.73220	-130.28124	0.00000	-0.07512	88060.00000	-561.36791	0.00000	-0.37512
-71865.51383	51094.04956	137.00000	88081.73261	-130.30745	0.00000	-0.07506	88080.00000	-561.49884	0.00000	-0.37506
-71881.82178	51105.62833	137.00000	88101.73302	-130.33364	0.00000	-0.07500	88100.00000	-561.62975	0.00000	-0.37500
-71898.12975	51117.20708	137.00000	88121.73343	-130.35981	0.00000	-0.07494	88120.00000	-561.76064	0.00000	-0.37494
-71914.43772	51128.78581	137.00000	88141.73384	-130.38596	0.00000	-0.07489	88140.00000	-561.89151	0.00000	-0.37489
-71930.74571	51140.36452	137.00000	88161.73425	-130.41208	0.00000	-0.07483	88160.00000	-562.02236	0.00000	-0.37483
-71947.05371	51151.94322	137.00000	88181.73466	-130.43819	0.00000	-0.07477	88180.00000	-562.15319	0.00000	-0.37477
-71963.36172	51163.52190	137.00000	88201.73507	-130.46428	0.00000	-0.07471	88200.00000	-562.28400	0.00000	-0.37471
-71979.66975	51175.10057	137.00000	88221.73549	-130.49035	0.00000	-0.07466	88220.00000	-562.41479	0.00000	-0.37466
-71995.97778	51186.67922	137.00000	88241.73590	-130.51640	0.00000	-0.07460	88240.00000	-562.54556	0.00000	-0.37460
-72012.28583	51198.25785	137.00000	88261.73631	-130.54243	0.00000	-0.07454	88260.00000	-562.67631	0.00000	-0.37454
-72028.59388	51209.83647	137.00000	88281.73672	-130.56844	0.00000	-0.07449	88280.00000	-562.80704	0.00000	-0.37449
-72044.90195	51221.41507	137.00000	88301.73713	-130.59443	0.00000	-0.07443	88300.00000	-562.93775	0.00000	-0.37443
-72061.21003	51232.99365	137.00000	88321.73754	-130.62040	0.00000	-0.07437	88320.00000	-563.06844	0.00000	-0.37437
-72077.51813	51244.57222	137.00000	88341.73795	-130.64634	0.00000	-0.07431	88340.00000	-563.19911	0.00000	-0.37431
-72093.82623	51256.15077	137.00000	88361.73836	-130.67227	0.00000	-0.07426	88360.00000	-563.32976	0.00000	-0.37426
-72110.13434	51267.72930	137.00000	88381.73877	-130.69818	0.00000	-0.07420	88380.00000	-563.46039	0.00000	-0.37420
-72126.44247	51279.30782	137.00000	88401.73918	-130.72407	0.00000	-0.07414	88400.00000	-563.59100	0.00000	-0.37414
-72142.75061	51290.88632	137.00000	88421.73959	-130.74994	0.00000	-0.07408	88420.00000	-563.72159	0.00000	-0.37408
-72159.05876	51302.46481	137.00000	88441.74000	-130.77579	0.00000	-0.07403	88440.00000	-563.85216	0.00000	-0.37403
-72175.36692	51314.04328	137.00000	88461.74041	-130.80162	0.00000	-0.07397	88460.00000	-563.98271	0.00000	-0.37397
-72191.67509	51325.62173	137.00000	88481.74081	-130.82743	0.00000	-0.07391	88480.00000	-564.11324	0.00000	-0.37391
-72207.98327	51337.20017	137.00000	88501.74122	-130.85322	0.00000	-0.07385	88500.00000	-564.24375	0.00000	-0.37385
-72224.29147	51348.77859	137.00000	88521.74163	-130.87899	0.00000	-0.07380	88520.00000	-564.37424	0.00000	-0.37380
-72240.59967	51360.35699	137.00000	88541.74204	-130.90473	0.00000	-0.07374	88540.00000	-564.50471	0.00000	-0.37374
-72256.90789	51371.93538	137.00000	88561.74245	-130.93046	0.00000	-0.07368	88560.00000	-564.63516	0.00000	-0.37368
-72273.21612	51383.51375	137.00000	88581.74286	-130.95617	0.00000	-0.07363	88580.00000	-564.76559	0.00000	-0.37363
-72289.52436	51395.09210	137.00000	88601.74327	-130.98186	0.00000	-0.07357	88600.00000	-564.89600	0.00000	-0.37357
-72305.83261	51406.67044	137.00000	88621.74368	-131.00753	0.00000	-0.07351	88620.00000	-565.02639	0.00000	-0.37351
-72322.14088	51418.24876	137.00000	88641.74409	-131.03318	0.00000	-0.07345	88640.00000	-565.15676	0.00000	-0.37345
-72338.44915	51429.82707	137.00000	88661.74449	-131.05881	0.00000	-0.07340	88660.00000	-565.28711	0.00000	-0.37340
-72354.75744	51441.40536	137.00000	88681.74490	-131.08442	0.00000	-0.07334	88680.00000	-565.41744	0.00000	-0.37334
-72371.06574	51452.98363	137.00000	88701.74531	-131.11001	0.00000	-0.07328	88700.00000	-565.54775	0.00000	-0.37328
-72387.37405	51464.56188	137.00000	88721.74572	-131.13557	0.00000	-0.07322	88720.00000	-565.67804	0.00000	-0.37322
-72403.68237	51476.14012	137.00000	88741.74613	-131.16112	0.00000	-0.07317	88740.00000	-565.80831	0.00000	-0.37317
-72419.99070	51487.71835	137.00000	88761.74653	-131.18665	0.00000	-0.07311	88760.00000	-565.93856	0.00000	-0.37311
-72436.29904	51499.29655	137.00000	88781.74694	-131.21216	0.00000	-0.07305	88780.00000	-566.06879	0.00000	-0.37305
-72452.60740	51510.87474	137.00000	88801.74735	-131.23765	0.00000	-0.07300	88800.00000	-566.19900	0.00000	-0.37300
-72468.91577	51522.45292	137.00000	88821.74776	-131.26312	0.00000	-0.07294	88820.00000	-566.32919	0.00000	-0.37294
-72485.22414	51534.03108	137.00000	88841.74816	-131.28857	0.00000	-0.07288	88840.00000	-566.45936	0.00000	-0.37288
-72501.53253	51545.60922	137.00000	88861.74857	-131.31400	0.00000	-0.07282	88860.00000	-566.58951	0.00000	-0.37282
-72517.84094	51557.18734	137.00000	88881.74898	-131.33941	0.00000	-0.07277	88880.00000	-566.71964	0.00000	-0.37277
-72534.14935	51568.76545	137.00000	88901.74939	-131.36480	0.00000	-0.07271	88900.00000	-566.84975	0.00000	-0.37271
-72550.45777	51580.34354	137.00000	88921.74979	-131.39016	0.00000	-0.07265	88920.00000	-566.97984	0.00000	-0.37265
-72566.76621	51591.92162	137.00000	88941.75020	-131.41551	0.00000	-0.07259	88940.00000	-567.10991	0.00000	-0.37259
-72583.07466	51603.49968	137.00000	88961.75061	-131.44084	0.00000	-0.07254	88960.00000	-567.23996	0.00000	-0.37254
-72599.38312	51615.07772	137.00000	88981.75101	-131.46615	0.00000	-0.07248	88980.00000	-567.36999	0.00000	-0.37248
-72615.69159	51626.65575	137.00000	89001.75142	-131.49144	0.00000	-0.07242	89000.00000	-567.50000	0.00000	-0.37242
-72632.00007	51638.23376	137.00000	89021.75183	-131.51671	0.00000	-0.07237	89020.00000	-567.62999	0.00000	-0.37237
-72648.30856	51649.81175	137.00000	89041.75223	-131.54196	0.00000	-0.07231	89040.00000	-567.75996	0.00000	-0.37231
-72664.61706	51661.38973	137.00000	89061.75264	-131.56719	0.00000	-0.07225	89060.00000	-567.88991	0.00000	-0.37225
-72680.92558	51672.96769	137.00000	89081.75304	-131.59240	0.00000	-0.07219	89080.00000	-568.01984	0.00000	-0.37219
-72697.23411	51684.54564	137.00000	89101.75345	-131.61758	0.00000	-0.07214	89100.00000	-568.14975	0.00000	-0.37214
-72713.54265	51696.12356	137.00000	89121.75386	-131.64275	0.00000	-0.07208	89120.00000	-568.27964	0.00000	-0.37208
-72729.85120	51707.70148	137.00000	89141.75426	-131.66790	0.00000	-0.07202	89140.00000	-568.40951	0.00000	-0.37202
-72746.15976	51719.27937	137.00000	89161.75467	-131.69303	0.00000	-0.07196	89160.00000	-568.53936	0.00000	-0.37196
-72762.46833	51730.85725	137.00000	89181.75507	-131.71814	0.00000	-0.07191	89180.00000	-568.66919	0.00000	-0.37191
-72778.77692	51742.43511	137.00000	89201.75548	-131.74323	0.00000	-0.07185	89200.00000	-568.79900	0.00000	-0.37185
-72795.08551	51754.01296	137.00000	89221.75588	-131.76830	0.00000	-0.07179	89220.00000	-568.92879	0.00000	-0.37179
-72811.39412	51765.59079	137.00000	89241.75629	-131.79335	0.00000	-0.07174	89240.00000	-569.05856	0.00000	-0.37174
-72827.70274	51777.16860	137.00000	89261.75670	-131.81838	0.00000	-0.07168	89260.00000	-569.18831	0.00000	-0.37168
-72844.01137	51788.74640	137.00000	89281.75710	-131.84339	0.00000	-0.07162	89280.00000	-569.31804	0.00000	-0.37162
-72860.32002	51800.32418	137.00000	89301.75751	-131.86837	0.00000	-0.07156	89300.00000	-569.44775	0.00000	-0.37156
-72876.62867	51811.90195	137.00000	89321.75791	-131.89334	0.00000	-0.07151	89320.00000	-569.57744	0.00000	-0.37151
-72892.93733	51823.47970	137.00000	89341.75832	-131.91829	0.00000	-0.07145	89340.00000	-569.70711	0.00000	-0.37145
-72909.24601	51835.05743	137.00000	89361.75872	-131.94322	0.00000	-0.07139	89360.00000	-569.83676	0.00000	-0.37139
-72925.55470	51846.63514	137.00000	89381.75912	-131.96813	0.00000	-0.07133	89380.00000	-569.96639	0.00000	-0.37133
-72941.86340	51858.21284	137.00000	89401.75953	-131.99302	0.00000	-0.07128	89400.00000	-570.09600	0.00000	-0.37128
-72958.17211	51869.79052	137.00000	89421.75993	-132.01789	0.00000	-0.07122	89420.00000	-570.22559	0.00000	-0.37122
-72974.48083	51881.36819	137.00000	89441.76034	-132.04274	0.00000	-0.07116	89440.00000	-570.35516	0.00000	-0.37116
-72990.78957	51892.94584	137.00000	89461.76074	-132.06757	0.00000	-0.07110	89460.00000	-570.48471	0.00000	-0.37110
-73007.09831	51904.52347	137.00000	89481.76115	-132.09237	0.00000	-0.07105	89480.00000	-570.61424	0.00000	-0.37105
-73023.40707	51916.10109	137.00000	89501.76155	-132.11716	0.00000	-0.07099	89500.00000	-570.74375	0.00000	-0.37099
-73039.71584	51927.67869	137.00000	89521.76195	-132.14193	0.00000	-0.07093	89520.00000	-570.87324	0.00000	-0.37093
-73056.02462	51939.25628	137.00000	89541.76236	-132.16668	0.00000	-0.07088	89540.00000	-571.00271	0.00000	-0.37088
-73072.33341	51950.83384	137.00000	89561.76276	-132.19141	0.00000	-0.07082	89560.00000	-571.13216	0.00000	-0.37082
-73088.64221	51962.41140	137.00000	89581.76316	-132.21612	0.00000	-0.07076	89580.00000	-571.26159	0.00000	-0.37076
-73104.95103	51973.98893	137.00000	89601.76357	-132.24081	0.00000	-0.07070	89600.00000	-571.39100	0.00000	-0.37070
-73121.25985	51985.56645	137.00000	89621.76397	-132.26548	0.00000	-0.07065	89620.00000	-571.52039	0.00000	-0.37065
-73137.56869	51997.14395	137.00000	89641.76437	-132.29013	0.00000	-0.07059	89640.00000	-571.64976	0.00000	-0.37059
-73153.87754	52008.72144	137.00000	89661.76478	-132.31476	0.00000	-0.07053	89660.00000	-571.77911	0.00000	-0.37053
-73170.18640	52020.29891	137.00000	89681.76518	-132.33936	0.00000	-0.07047	89680.00000	-571.90844	0.00000	-0.37047
-73186.49527	52031.87636	137.00000	89701.76558	-132.36395	0.00000	-0.07042	89700.00000	-572.03775	0.00000	-0.37042
-73202.80415	52043.45380	137.00000	89721.76599	-132.38852	0.00000	-0.07036	89720.00000	-572.16704	0.00000	-0.37036
-73219.11305	52055.03122	137.00000	89741.76639	-132.41307	0.00000	-0.07030	89740.00000	-572.29631	0.00000	-0.37030
-73235.42195	52066.60862	137.00000	89761.76679	-132.43760	0.00000	-0.07025	89760.00000	-572.42556	0.00000	-0.37025
-73251.73087	52078.18601	137.00000	89781.76719	-132.46211	0.00000	-0.07019	89780.00000	-572.55479	0.00000	-0.37019
-73268.03980	52089.76338	137.00000	89801.76760	-132.48660	0.00000	-0.07013	89800.00000	-572.68400	0.00000	-0.37013
-73284.34874	52101.34074	137.00000	89821.76800	-132.51107	0.00000	-0.07007	89820.00000	-572.81319	0.00000	-0.37007
-73300.65769	52112.91807	137.00000	89841.76840	-132.53552	0.00000	-0.07002	89840.00000	-572.94236	0.00000	-0.37002
-73316.96666	52124.49540	137.00000	89861.76880	-132.55994	0.00000	-0.06996	89860.00000	-573.07151	0.00000	-0.36996
-73333.27563	52136.07270	137.00000	89881.76921	-132.58435	0.00000	-0.06990	89880.00000	-573.20064	0.00000	-0.36990
-73349.58462	52147.64999	137.00000	89901.76961	-132.60874	0.00000	-0.06984	89900.00000	-573.32975	0.00000	-0.36984
-73365.89362	52159.22727	137.00000	89921.77001	-132.63311	0.00000	-0.06979	89920.00000	-573.45884	0.00000	-0.36979
-73382.20263	52170.80452	137.00000	89941.77041	-132.65746	0.00000	-0.06973	89940.00000	-573.58791	0.00000	-0.36973
-73398.51165	52182.38176	137.00000	89961.77081	-132.68179	0.00000	-0.06967	89960.00000	-573.71696	0.00000	-0.36967
-73414.82068	52193.95899	137.00000	89981.77121	-132.70610	0.00000	-0.06962	89980.00000	-573.84599	0.00000	-0.36962
-73431.12972	52205.53619	137.00000	90001.77161	-132.73039	0.00000	-0.06956	90000.00000	-573.97500	0.00000	-0.36956
-73447.43878	52217.11339	137.00000	90021.77202	-132.75466	0.00000	-0.06950	90020.00000	-574.10399	0.00000	-0.36950
-73463.74784	52228.69056	137.00000	90041.77242	-132.77891	0.00000	-0.06944	90040.00000	-574.23296	0.00000	-0.36944
-73480.05692	52240.26772	137.00000	90061.77282	-132.80313	0.00000	-0.06939	90060.00000	-574.36191	0.00000	-0.36939
-73496.36601	52251.84486	137.00000	90081.77322	-132.82734	0.00000	-0.06933	90080.00000	-574.49084	0.00000	-0.36933
-73512.67511	52263.42199	137.00000	90101.77362	-132.85153	0.00000	-0.06927	90100.00000	-574.61975	0.00000	-0.36927
-73528.98423	52274.99910	137.00000	90121.77402	-132.87570	0.00000	-0.06921	90120.00000	-574.74864	0.00000	-0.36921
-73545.29335	52286.57619	137.00000	90141.77442	-132.89985	0.00000	-0.06916	90140.00000	-574.87751	0.00000	-0.36916
-73561.60249	52298.15326	137.00000	90161.77482	-132.92398	0.00000	-0.06910	90160.00000	-575.00636	0.00000	-0.36910
-73577.91163	52309.73032	137.00000	90181.77522	-132.94809	0.00000	-0.06904	90180.00000	-575.13519	0.00000	-0.36904
-73594.22079	52321.30737	137.00000	90201.77562	-132.97218	0.00000	-0.06898	90200.00000	-575.26400	0.00000	-0.36898
-73610.52996	52332.88440	137.00000	90221.77602	-132.99625	0.00000	-0.06893	90220.00000	-575.39279	0.00000	-0.36893
-73626.83914	52344.46141	137.00000	90241.77642	-133.02029	0.00000	-0.06887	90240.00000	-575.52156	0.00000	-0.36887
-73643.14834	52356.03840	137.00000	90261.77682	-133.04432	0.00000	-0.06881	90260.00000	-575.65031	0.00000	-0.36881
-73659.45754	52367.61538	137.00000	90281.77722	-133.06833	0.00000	-0.06876	90280.00000	-575.77904	0.00000	-0.36876
-73675.76676	52379.19234	137.00000	90301.77762	-133.09232	0.00000	-0.06870	90300.00000	-575.90775	0.00000	-0.36870
-73692.07598	52390.76929	137.00000	90321.77802	-133.11629	0.00000	-0.06864	90320.00000	-576.03644	0.00000	-0.36864
-73708.38522	52402.34622	137.00000	90341.77842	-133.14024	0.00000	-0.06858	90340.00000	-576.16511	0.00000	-0.36858
-73724.69447	52413.92313	137.00000	90361.77882	-133.16417	0.00000	-0.06853	90360.00000	-576.29376	0.00000	-0.36853
-73741.00373	52425.50002	137.00000	90381.77922	-133.18808	0.00000	-0.06847	90380.00000	-576.42239	0.00000	-0.36847
-73757.31301	52437.07690	137.00000	90401.77962	-133.21197	0.00000	-0.06841	90400.00000	-576.55100	0.00000	-0.36841
-73773.62229	52448.65377	137.00000	90421.78002	-133.23584	0.00000	-0.06835	90420.00000	-576.67959	0.00000	-0.36835
-73789.93159	52460.23061	137.00000	90441.78042	-133.25968	0.00000	-0.06830	90440.00000	-576.80816	0.00000	-0.36830
-73806.24090	52471.80745	137.00000	90461.78082	-133.28351	0.00000	-0.06824	90460.00000	-576.93671	0.00000	-0.36824
-73822.55021	52483.38426	137.00000	90481.78122	-133.30732	0.00000	-0.06818	90480.00000	-577.06524	0.00000	-0.36818
-73838.85955	52494.96106	137.00000	90501.78161	-133.33111	0.00000	-0.06813	90500.00000	-577.19375	0.00000	-0.36813
-73855.16889	52506.53784	137.00000	90521.78201	-133.35488	0.00000	-0.06807	90520.00000	-577.32224	0.00000	-0.36807
-73871.47824	52518.11460	137.00000	90541.78241	-133.37863	0.00000	-0.06801	90540.00000	-577.45071	0.00000	-0.36801
-73887.78761	52529.69135	137.00000	90561.78281	-133.40236	0.00000	-0.06795	90560.00000	-577.57916	0.00000	-0.36795
-73904.09698	52541.26809	137.00000	90581.78321	-133.42607	0.00000	-0.06790	90580.00000	-577.70759	0.00000	-0.36790
-73920.40637	52552.84480	137.00000	90601.78361	-133.44976	0.00000	-0.06784	90600.00000	-577.83600	0.00000	-0.36784
-73936.71577	52564.42150	137.00000	90621.78400	-133.47343	0.00000	-0.06778	90620.00000	-577.96439	0.00000	-0.36778
-73953.02518	52575.99818	137.00000	90641.78440	-133.49707	0.00000	-0.06772	90640.00000	-578.09276	0.00000	-0.36772
-73969.33460	52587.57485	137.00000	90661.78480	-133.52070	0.00000	-0.06767	90660.00000	-578.22111	0.00000	-0.36767
-73985.64404	52599.15150	137.00000	90681.78520	-133.54431	0.00000	-0.06761	90680.00000	-578.34944	0.00000	-0.36761
-74001.95348	52610.72814	137.00000	90701.78560	-133.56790	0.00000	-0.06755	90700.00000	-578.47775	0.00000	-0.36755
-74018.26294	52622.30475	137.00000	90721.78599	-133.59147	0.00000	-0.06750	90720.00000	-578.60604	0.00000	-0.36750
-74034.57241	52633.88136	137.00000	90741.78639	-133.61502	0.00000	-0.06744	90740.00000	-578.73431	0.00000	-0.36744
-74050.88189	52645.45794	137.00000	90761.78679	-133.63855	0.00000	-0.06738	90760.00000	-578.86256	0.00000	-0.36738
-74067.19138	52657.03451	137.00000	90781.78719	-133.66206	0.00000	-0.06732	90780.00000	-578.99079	0.00000	-0.36732
-74083.50088	52668.61106	137.00000	90801.78758	-133.68555	0.00000	-0.06727	90800.00000	-579.11900	0.00000	-0.36727
-74099.81039	52680.18760	137.00000	90821.78798	-133.70901	0.00000	-0.06721	90820.00000	-579.24719	0.00000	-0.36721
-74116.11992	52691.76412	137.00000	90841.78838	-133.73246	0.00000	-0.06715	90840.00000	-579.37536	0.00000	-0.36715
-74132.42946	52703.34062	137.00000	90861.78877	-133.75589	0.00000	-0.06709	90860.00000	-579.50351	0.00000	-0.36709
-74148.73901	52714.91711	137.00000	90881.78917	-133.77930	0.00000	-0.06704	90880.00000	-579.63164	0.00000	-0.36704
-74165.04857	52726.49358	137.00000	90901.78957	-133.80269	0.00000	-0.06698	90900.00000	-579.75975	0.00000	-0.36698
-74181.35814	52738.07003	137.00000	90921.78996	-133.82606	0.00000	-0.06692	90920.00000	-579.88784	0.00000	-0.36692
-74197.66772	52749.64647	137.00000	90941.79036	-133.84941	0.00000	-0.06686	90940.00000	-580.01591	0.00000	-0.36686
-74213.97731	52761.22289	137.00000	90961.79076	-133.87274	0.00000	-0.06681	90960.00000	-580.14396	0.00000	-0.36681
-74230.28692	52772.79929	137.00000	90981.79115	-133.89605	0.00000	-0.06675	90980.00000	-580.27199	0.00000	-0.36675
-74246.59654	52784.37568	137.00000	91001.79155	-133.91934	0.00000	-0.06669	91000.00000	-580.40000	0.00000	-0.36669
-74262.90617	52795.95205	137.00000	91021.79194	-133.94260	0.00000	-0.06664	91020.00000	-580.52799	0.00000	-0.36664
-74279.21581	52807.52841	137.00000	91041.79234	-133.96585	0.00000	-0.06658	91040.00000	-580.65596	0.00000	-0.36658
-74295.52546	52819.10475	137.00000	91061.79274	-133.98908	0.00000	-0.06652	91060.00000	-580.78391	0.00000	-0.36652
-74311.83512	52830.68107	137.00000	91081.79313	-134.01229	0.00000	-0.06646	91080.00000	-580.91184	0.00000	-0.36646
-74328.14480	52842.25738	137.00000	91101.79353	-134.03548	0.00000	-0.06641	91100.00000	-581.03975	0.00000	-0.36641
-74344.45448	52853.83367	137.00000	91121.79392	-134.05865	0.00000	-0.06635	91120.00000	-581.16764	0.00000	-0.36635
-74360.76418	52865.40994	137.00000	91141.79432	-134.08180	0.00000	-0.06629	91140.00000	-581.29551	0.00000	-0.36629
-74377.07389	52876.98620	137.00000	91161.79471	-134.10493	0.00000	-0.06623	91160.00000	-581.42336	0.00000	-0.36623
-74393.38361	52888.56244	137.00000	91181.79511	-134.12804	0.00000	-0.06618	91180.00000	-581.55119	0.00000	-0.36618
-74409.69334	52900.13866	137.00000	91201.79550	-134.15113	0.00000	-0.06612	91200.00000	-581.67900	0.00000	-0.36612
-74426.00309	52911.71487	137.00000	91221.79590	-134.17419	0.00000	-0.06606	91220.00000	-581.80679	0.00000	-0.36606
-74442.31284	52923.29106	137.00000	91241.79629	-134.19724	0.00000	-0.06601	91240.00000	-581.93456	0.00000	-0.36601
-74458.62261	52934.86724	137.00000	91261.79669	-134.22027	0.00000	-0.06595	91260.00000	-582.06231	0.00000	-0.36595
-74474.93239	52946.44340	137.00000	91281.79708	-134.24328	0.00000	-0.06589	91280.00000	-582.19004	0.00000	-0.36589
-74491.24217	52958.01954	137.00000	91301.79748	-134.26627	0.00000	-0.06583	91300.00000	-582.31775	0.00000	-0.36583
-74507.55198	52969.59567	137.00000	91321.79787	-134.28924	0.00000	-0.06578	91320.00000	-582.44544	0.00000	-0.36578
-74523.86179	52981.17178	137.00000	91341.79827	-134.31219	0.00000	-0.06572	91340.00000	-582.57311	0.00000	-0.36572
-74540.17161	52992.74787	137.00000	91361.79866	-134.33512	0.00000	-0.06566	91360.00000	-582.70076	0.00000	-0.36566
-74556.48145	53004.32395	137.00000	91381.79905	-134.35803	0.00000	-0.06560	91380.00000	-582.82839	0.00000	-0.36560
-74572.79129	53015.90001	137.00000	91401.79945	-134.38091	0.00000	-0.06555	91400.00000	-582.95600	0.00000	-0.36555
-74589.10115	53027.47605	137.00000	91421.79984	-134.40378	0.00000	-0.06549	91420.00000	-583.08359	0.00000	-0.36549
-74605.41102	53039.05208	137.00000	91441.80024	-134.42663	0.00000	-0.06543	91440.00000	-583.21116	0.00000	-0.36543
-74621.72090	53050.62809	137.00000	91461.80063	-134.44946	0.00000	-0.06538	91460.00000	-583.33871	0.00000	-0.36538
-74638.03080	53062.20409	137.00000	91481.80102	-134.47227	0.00000	-0.06532	91480.00000	-583.46624	0.00000	-0.36532
-74654.34070	53073.78007	137.00000	91501.80142	-134.49506	0.00000	-0.06526	91500.00000	-583.59375	0.00000	-0.36526
-74670.65062	53085.35603	137.00000	91521.80181	-134.51783	0.00000	-0.06520	91520.00000	-583.72124	0.00000	-0.36520
-74686.96054	53096.93198	137.00000	91541.80220	-134.54058	0.00000	-0.06515	91540.00000	-583.84871	0.00000	-0.36515
-74703.27048	53108.50791	137.00000	91561.80260	-134.56331	0.00000	-0.06509	91560.00000	-583.97616	0.00000	-0.36509
-74719.58043	53120.08382	137.00000	91581.80299	-134.58602	0.00000	-0.06503	91580.00000	-584.10359	0.00000	-0.36503
-74735.89039	53131.65972	137.00000	91601.80338	-134.60870	0.00000	-0.06497	91600.00000	-584.23100	0.00000	-0.36497
-74752.20037	53143.23560	137.00000	91621.80378	-134.63137	0.00000	-0.06492	91620.00000	-584.35839	0.00000	-0.36492
-74768.51035	53154.81146	137.00000	91641.80417	-134.65402	0.00000	-0.06486	91640.00000	-584.48576	0.00000	-0.36486
-74784.82035	53166.38731	137.00000	91661.80456	-134.67665	0.00000	-0.06480	91660.00000	-584.61311	0.00000	-0.36480
-74801.13035	53177.96314	137.00000	91681.80495	-134.69926	0.00000	-0.06474	91680.00000	-584.74044	0.00000	-0.36474
-74817.44037	53189.53895	137.00000	91701.80535	-134.72185	0.00000	-0.06469	91700.00000	-584.86775	0.00000	-0.36469
-74833.75040	53201.11475	137.00000	91721.80574	-134.74442	0.00000	-0.06463	91720.00000	-584.99504	0.00000	-0.36463
-74850.06044	53212.69053	137.00000	91741.80613	-134.76697	0.00000	-0.06457	91740.00000	-585.12231	0.00000	-0.36457
-74866.37050	53224.26630	137.00000	91761.80652	-134.78950	0.00000	-0.06452	91760.00000	-585.24956	0.00000	-0.36452
-74882.68056	53235.84205	137.00000	91781.80691	-134.81201	0.00000	-0.06446	91780.00000	-585.37679	0.00000	-0.36446
-74898.99064	53247.41778	137.00000	91801.80731	-134.83449	0.00000	-0.06440	91800.00000	-585.50400	0.00000	-0.36440
-74915.30073	53258.99350	137.00000	91821.80770	-134.85696	0.00000	-0.06434	91820.00000	-585.63119	0.00000	-0.36434
-74931.61083	53270.56920	137.00000	91841.80809	-134.87941	0.00000	-0.06429	91840.00000	-585.75836	0.00000	-0.36429
-74947.92094	53282.14488	137.00000	91861.80848	-134.90184	0.00000	-0.06423	91860.00000	-585.88551	0.00000	-0.36423
-74964.23106	53293.72055	137.00000	91881.80887	-134.92425	0.00000	-0.06417	91880.00000	-586.01264	0.00000	-0.36417
-74980.54119	53305.29620	137.00000	91901.80926	-134.94664	0.00000	-0.06411	91900.00000	-586.13975	0.00000	-0.36411
-74996.85134	53316.87184	137.00000	91921.80966	-134.96901	0.00000	-0.06406	91920.00000	-586.26684	0.00000	-0.36406
-75013.16149	53328.44746	137.00000	91941.81005	-134.99136	0.00000	-0.06400	91940.00000	-586.39391	0.00000	-0.36400
-75029.47166	53340.02306	137.00000	91961.81044	-135.01369	0.00000	-0.06394	91960.00000	-586.52096	0.00000	-0.36394
-75045.78184	53351.59864	137.00000	91981.81083	-135.03600	0.00000	-0.06389	91980.00000	-586.64799	0.00000	-0.36389
-75062.09203	53363.17421	137.00000	92001.81122	-135.05828	0.00000	-0.06383	92000.00000	-586.77500	0.00000	-0.36383
-75078.40223	53374.74977	137.00000	92021.81161	-135.08055	0.00000	-0.06377	92020.00000	-586.90199	0.00000	-0.36377
-75094.71245	53386.32530	137.00000	92041.81200	-135.10280	0.00000	-0.06371	92040.00000	-587.02896	0.00000	-0.36371
-75111.02267	53397.90082	137.00000	92061.81239	-135.12503	0.00000	-0.06366	92060.00000	-587.15591	0.00000	-0.36366
-75127.33291	53409.47633	137.00000	92081.81278	-135.14724	0.00000	-0.06360	92080.00000	-587.28284	0.00000	-0.36360
-75143.64316	53421.05181	137.00000	92101.81317	-135.16943	0.00000	-0.06354	92100.00000	-587.40975	0.00000	-0.36354
-75159.95342	53432.62728	137.00000	92121.81356	-135.19160	0.00000	-0.06348	92120.00000	-587.53664	0.00000	-0.36348
-75176.26369	53444.20274	137.00000	92141.81395	-135.21375	0.00000	-0.06343	92140.00000	-587.66351	0.00000	-0.36343
-75192.57397	53455.77818	137.00000	92161.81434	-135.23588	0.00000	-0.06337	92160.00000	-587.79036	0.00000	-0.36337
-75208.88427	53467.35360	137.00000	92181.81473	-135.25798	0.00000	-0.06331	92180.00000	-587.91719	0.00000	-0.36331
-75225.19457	53478.92900	137.00000	92201.81512	-135.28007	0.00000	-0.06326	92200.00000	-588.04400	0.00000	-0.36326
-75241.50489	53490.50439	137.00000	92221.81551	-135.30214	0.00000	-0.06320	92220.00000	-588.17079	0.00000	-0.36320
-75257.81522	53502.07977	137.00000	92241.81590	-135.32419	0.00000	-0.06314	92240.00000	-588.29756	0.00000	-0.36314
-75274.12556	53513.65512	137.00000	92261.81629	-135.34622	0.00000	-0.06308	92260.00000	-588.42431	0.00000	-0.36308
-75290.43591	53525.23046	137.00000	92281.81668	-135.36823	0.00000	-0.06303	92280.00000	-588.55104	0.00000	-0.36303
-75306.74627	53536.80579	137.00000	92301.81707	-135.39022	0.00000	-0.06297	92300.00000	-588.67775	0.00000	-0.36297
-75323.05665	53548.38109	137.00000	92321.81746	-135.41219	0.00000	-0.06291	92320.00000	-588.80444	0.00000	-0.36291
-75339.36703	53559.95638	137.00000	92341.81785	-135.43414	0.00000	-0.06285	92340.00000	-588.93111	0.00000	-0.36285
-75355.67743	53571.53166	137.00000	92361.81824	-135.45607	0.00000	-0.06280	92360.00000	-589.05776	0.00000	-0.36280
-75371.98784	53583.10692	137.00000	92381.81863	-135.47797	0.00000	-0.06274	92380.00000	-589.18439	0.00000	-0.36274
-75388.29826	53594.68216	137.00000	92401.81901	-135.49986	0.00000	-0.06268	92400.00000	-589.31100	0.00000	-0.36268
-75404.60869	53606.25738	137.00000	92421.81940	-135.52173	0.00000	-0.06262	92420.00000	-589.43759	0.00000	-0.36262
-75420.91914	53617.83259	137.00000	92441.81979	-135.54358	0.00000	-0.06257	92440.00000	-589.56416	0.00000	-0.36257
-75437.22959	53629.40778	137.00000	92461.82018	-135.56541	0.00000	-0.06251	92460.00000	-589.69071	0.00000	-0.36251
-75453.54006	53640.98296	137.00000	92481.82057	-135.58722	0.00000	-0.06245	92480.00000	-589.81724	0.00000	-0.36245
-75469.85053	53652.55812	137.00000	92501.82096	-135.60901	0.00000	-0.06240	92500.00000	-589.94375	0.00000	-0.36240
-75486.16102	53664.13326	137.00000	92521.82135	-135.63078	0.00000	-0.06234	92520.00000	-590.07024	0.00000	-0.36234
-75502.47152	53675.70839	137.00000	92541.82173	-135.65253	0.00000	-0.06228	92540.00000	-590.19671	0.00000	-0.36228
-75518.78204	53687.28350	137.00000	92561.82212	-135.67426	0.00000	-0.06222	92560.00000	-590.32316	0.00000	-0.36222
-75535.09256	53698.85859	137.00000	92581.82251	-135.69596	0.00000	-0.06217	92580.00000	-590.44959	0.00000	-0.36217
-75551.40309	53710.43367	137.00000	92601.82290	-135.71765	0.00000	-0.06211	92600.00000	-590.57600	0.00000	-0.36211
-75567.71364	53722.00873	137.00000	92621.82328	-135.73932	0.00000	-0.06205	92620.00000	-590.70239	0.00000	-0.36205
-75584.02420	53733.58378	137.00000	92641.82367	-135.76097	0.00000	-0.06199	92640.00000	-590.82876	0.00000	-0.36199
-75600.33477	53745.15881	137.00000	92661.82406	-135.78260	0.00000	-0.06194	92660.00000	-590.95511	0.00000	-0.36194
-75616.64535	53756.73382	137.00000	92681.82445	-135.80421	0.00000	-0.06188	92680.00000	-591.08144	0.00000	-0.36188
-75632.95594	53768.30881	137.00000	92701.82483	-135.82580	0.00000	-0.06182	92700.00000	-591.20775	0.00000	-0.36182
-75649.26655	53779.88379	137.00000	92721.82522	-135.84737	0.00000	-0.06177	92720.00000	-591.33404	0.00000	-0.36177
-75665.57716	53791.45876	137.00000	92741.82561	-135.86892	0.00000	-0.06171	92740.00000	-591.46031	0.00000	-0.36171
-75681.88779	53803.03370	137.00000	92761.82599	-135.89045	0.00000	-0.06165	92760.00000	-591.58656	0.00000	-0.36165
-75698.19843	53814.60863	137.00000	92781.82638	-135.91195	0.00000	-0.06159	92780.00000	-591.71279	0.00000	-0.36159
-75714.50908	53826.18355	137.00000	92801.82677	-135.93344	0.00000	-0.06154	92800.00000	-591.83900	0.00000	-0.36154
-75730.81974	53837.75845	137.00000	92821.82715	-135.95491	0.00000	-0.06148	92820.00000	-591.96519	0.00000	-0.36148
-75747.13041	53849.33333	137.00000	92841.82754	-135.97636	0.00000	-0.06142	92840.00000	-592.09136	0.00000	-0.36142
-75763.44110	53860.90819	137.00000	92861.82793	-135.99779	0.00000	-0.06136	92860.00000	-592.21751	0.00000	-0.36136
-75779.75179	53872.48304	137.00000	92881.82831	-136.01920	0.00000	-0.06131	92880.00000	-592.34364	0.00000	-0.36131
-75796.06250	53884.05787	137.00000	92901.82870	-136.04059	0.00000	-0.06125	92900.00000	-592.46975	0.00000	-0.36125
-75812.37322	53895.63269	137.00000	92921.82909	-136.06196	0.00000	-0.06119	92920.00000	-592.59584	0.00000	-0.36119
-75828.68395	53907.20749	137.00000	92941.82947	-136.08331	0.00000	-0.06114	92940.00000	-592.72191	0.00000	-0.36114
-75844.99469	53918.78227	137.00000	92961.82986	-136.10464	0.00000	-0.06108	92960.00000	-592.84796	0.00000	-0.36108
-75861.30544	53930.35704	137.00000	92981.83024	-136.12594	0.00000	-0.06102	92980.00000	-592.97399	0.00000	-0.36102
-75877.61621	53941.93179	137.00000	93001.83063	-136.14723	0.00000	-0.06096	93000.00000	-593.10000	0.00000	-0.36096
-75893.92698	53953.50652	137.00000	93021.83101	-136.16850	0.00000	-0.06091	93020.00000	-593.22599	0.00000	-0.36091
-75910.23777	53965.08124	137.00000	93041.83140	-136.18975	0.00000	-0.06085	93040.00000	-593.35196	0.00000	-0.36085
-75926.54857	53976.65594	137.00000	93061.83179	-136.21098	0.00000	-0.06079	93060.00000	-593.47791	0.00000	-0.36079
-75942.85938	53988.23062	137.00000	93081.83217	-136.23219	0.00000	-0.06073	93080.00000	-593.60384	0.00000	-0.36073
-75959.17020	53999.80529	137.00000	93101.83256	-136.25338	0.00000	-0.06068	93100.00000	-593.72975	0.00000	-0.36068
-75975.48103	54011.37994	137.00000	93121.83294	-136.27455	0.00000	-0.06062	93120.00000	-593.85564	0.00000	-0.36062
-75991.79188	54022.95458	137.00000	93141.83333	-136.29570	0.00000	-0.06056	93140.00000	-593.98151	0.00000	-0.36056
-76008.10273	54034.52920	137.00000	93161.83371	-136.31683	0.00000	-0.06051	93160.00000	-594.10736	0.00000	-0.36051
-76024.41360	54046.10380	137.00000	93181.83410	-136.33793	0.00000	-0.06045	93180.00000	-594.23319	0.00000	-0.36045
-76040.72448	54057.67839	137.00000	93201.83448	-136.35902	0.00000	-0.06039	93200.00000	-594.35900	0.00000	-0.36039
-76057.03537	54069.25296	137.00000	93221.83486	-136.38009	0.00000	-0.06033	93220.00000	-594.48479	0.00000	-0.36033
-76073.34627	54080.82751	137.00000	93241.83525	-136.40114	0.00000	-0.06028	93240.00000	-594.61056	0.00000	-0.36028
-76089.65719	54092.40205	137.00000	93261.83563	-136.42217	0.00000	-0.06022	93260.00000	-594.73631	0.00000	-0.36022
-76105.96811	54103.97657	137.00000	93281.83602	-136.44318	0.00000	-0.06016	93280.00000	-594.86204	0.00000	-0.36016
-76122.27905	54115.55107	137.00000	93301.83640	-136.46417	0.00000	-0.06010	93300.00000	-594.98775	0.00000	-0.36010
-76138.59000	54127.12556	137.00000	93321.83678	-136.48514	0.00000	-0.06005	93320.00000	-595.11344	0.00000	-0.36005
-76154.90096	54138.70003	137.00000	93341.83717	-136.50609	0.00000	-0.05999	93340.00000	-595.23911	0.00000	-0.35999
-76171.21193	54150.27449	137.00000	93361.83755	-136.52702	0.00000	-0.05993	93360.00000	-595.36476	0.00000	-0.35993
-76187.52291	54161.84892	137.00000	93381.83794	-136.54792	0.00000	-0.05987	93380.00000	-595.49039	0.00000	-0.35987
-76203.83391	54173.42335	137.00000	93401.83832	-136.56881	0.00000	-0.05982	93400.00000	-595.61600	0.00000	-0.35982
-76220.14491	54184.99775	137.00000	93421.83870	-136.58968	0.00000	-0.05976	93420.00000	-595.74159	0.00000	-0.35976
-76236.45593	54196.57214	137.00000	93441.83909	-136.61053	0.00000	-0.05970	93440.00000	-595.86716	0.00000	-0.35970
-76252.76696	54208.14652	137.00000	93461.83947	-136.63136	0.00000	-0.05965	93460.00000	-595.99271	0.00000	-0.35965
-76269.07800	54219.72087	137.00000	93481.83985	-136.65217	0.00000	-0.05959	93480.00000	-596.11824	0.00000	-0.35959
-76285.38905	54231.29521	137.00000	93501.84024	-136.67296	0.00000	-0.05953	93500.00000	-596.24375	0.00000	-0.35953
-76301.70011	54242.86954	137.00000	93521.84062	-136.69373	0.00000	-0.05947	93520.00000	-596.36924	0.00000	-0.35947
-76318.01118	54254.44385	137.00000	93541.84100	-136.71448	0.00000	-0.05942	93540.00000	-596.49471	0.00000	-0.35942
-76334.32227	54266.01814	137.00000	93561.84138	-136.73521	0.00000	-0.05936	93560.00000	-596.62016	0.00000	-0.35936
-76350.63337	54277.59241	137.00000	93581.84177	-136.75591	0.00000	-0.05930	93580.00000	-596.74559	0.00000	-0.35930
-76366.94448	54289.16667	137.00000	93601.84215	-136.77660	0.00000	-0.05924	93600.00000	-596.87100	0.00000	-0.35924
-76383.25560	54300.74091	137.00000	93621.84253	-136.79727	0.00000	-0.05919	93620.00000	-596.99639	0.00000	-0.35919
-76399.56673	54312.31514	137.00000	93641.84291	-136.81792	0.00000	-0.05913	93640.00000	-597.12176	0.00000	-0.35913
-76415.87787	54323.88935	137.00000	93661.84330	-136.83855	0.00000	-0.05907	93660.00000	-597.24711	0.00000	-0.35907
-76432.18902	54335.46354	137.00000	93681.84368	-136.85916	0.00000	-0.05902	93680.00000	-597.37244	0.00000	-0.35902
-76448.50019	54347.03772	137.00000	93701.84406	-136.87975	0.00000	-0.05896	93700.00000	-597.49775	0.00000	-0.35896
-76464.81137	54358.61188	137.00000	93721.84444	-136.90032	0.00000	-0.05890	93720.00000	-597.62304	0.00000	-0.35890
-76481.12256	54370.18602	137.00000	93741.84482	-136.92087	0.00000	-0.05884	93740.00000	-597.74831	0.00000	-0.35884
-76497.43376	54381.76015	137.00000	93761.84521	-136.94140	0.00000	-0.05879	93760.00000	-597.87356	0.00000	-0.35879
-76513.74497	54393.33426	137.00000	93781.84559	-136.96190	0.00000	-0.05873	93780.00000	-597.99879	0.00000	-0.35873
-76530.05619	54404.90835	137.00000	93801.84597	-136.98239	0.00000	-0.05867	93800.00000	-598.12400	0.00000	-0.35867
-76546.36743	54416.48243	137.00000	93821.84635	-137.00286	0.00000	-0.05861	93820.00000	-598.24919	0.00000	-0.35861
-76562.67867	54428.05650	137.00000	93841.84673	-137.02331	0.00000	-0.05856	93840.00000	-598.37436	0.00000	-0.35856
-76578.98993	54439.63054	137.00000	93861.84711	-137.04374	0.00000	-0.05850	93860.00000	-598.49951	0.00000	-0.35850
-76595.30120	54451.20457	137.00000	93881.84749	-137.06415	0.00000	-0.05844	93880.00000	-598.62464	0.00000	-0.35844
-76611.61248	54462.77858	137.00000	93901.84787	-137.08454	0.00000	-0.05839	93900.00000	-598.74975	0.00000	-0.35839
-76627.92377	54474.35258	137.00000	93921.84825	-137.10491	0.00000	-0.05833	93920.00000	-598.87484	0.00000	-0.35833
-76644.23508	54485.92656	137.00000	93941.84864	-137.12526	0.00000	-0.05827	93940.00000	-598.99991	0.00000	-0.35827
-76660.54639	54497.50052	137.00000	93961.84902	-137.14559	0.00000	-0.05821	93960.00000	-599.12496	0.00000	-0.35821
-76676.85772	54509.07447	137.00000	93981.84940	-137.16589	0.00000	-0.05816	93980.00000	-599.24999	0.00000	-0.35816
-76693.16906	54520.64840	137.00000	94001.84978	-137.18618	0.00000	-0.05810	94000.00000	-599.37500	0.00000	-0.35810
-76709.48041	54532.22232	137.00000	94021.85016	-137.20645	0.00000	-0.05804	94020.00000	-599.49999	0.00000	-0.35804
-76725.79177	54543.79621	137.00000	94041.85054	-137.22670	0.00000	-0.05798	94040.00000	-599.62496	0.00000	-0.35798
-76742.10314	54555.37010	137.00000	94061.85092	-137.24693	0.00000	-0.05793	94060.00000	-599.74991	0.00000	-0.35793
-76758.41452	54566.94396	137.00000	94081.85130	-137.26714	0.00000	-0.05787	94080.00000	-599.87484	0.00000	-0.35787
-76774.72592	54578.51781	137.00000	94101.85168	-137.28733	0.00000	-0.05781	94100.00000	-599.99975	0.00000	-0.35781
-76791.03733	54590.09164	137.00000	94121.85206	-137.30750	0.00000	-0.05775	94120.00000	-600.12464	0.00000	-0.35775
-76807.34875	54601.66546	137.00000	94141.85244	-137.32765	0.00000	-0.05770	94140.00000	-600.24951	0.00000	-0.35770
-76823.66018	54613.23926	137.00000	94161.85282	-137.34778	0.00000	-0.05764	94160.00000	-600.37436	0.00000	-0.35764
-76839.97162	54624.81304	137.00000	94181.85320	-137.36788	0.00000	-0.05758	94180.00000	-600.49919	0.00000	-0.35758
-76856.28307	54636.38681	137.00000	94201.85358	-137.38797	0.00000	-0.05753	94200.00000	-600.62400	0.00000	-0.35753
-76872.59453	54647.96056	137.00000	94221.85395	-137.40804	0.00000	-0.05747	94220.00000	-600.74879	0.00000	-0.35747
-76888.90601	54659.53429	137.00000	94241.85433	-137.42809	0.00000	-0.05741	94240.00000	-600.87356	0.00000	-0.35741
-76905.21750	54671.10801	137.00000	94261.85471	-137.44812	0.00000	-0.05735	94260.00000	-600.99831	0.00000	-0.35735
-76921.52900	54682.68171	137.00000	94281.85509	-137.46813	0.00000	-0.05730	94280.00000	-601.12304	0.00000	-0.35730
-76937.84051	54694.25540	137.00000	94301.85547	-137.48812	0.00000	-0.05724	94300.00000	-601.24775	0.00000	-0.35724
-76954.15203	54705.82907	137.00000	94321.85585	-137.50809	0.00000	-0.05718	94320.00000	-601.37244	0.00000	-0.35718
-76970.46356	54717.40272	137.00000	94341.85623	-137.52804	0.00000	-0.05712	94340.00000	-601.49711	0.00000	-0.35712
-76986.77511	54728.97636	137.00000	94361.85661	-137.54797	0.00000	-0.05707	94360.00000	-601.62176	0.00000	-0.35707
-77003.08666	54740.54998	137.00000	94381.85698	-137.56787	0.00000	-0.05701	94380.00000	-601.74639	0.00000	-0.35701
-77019.39823	54752.12358	137.00000	94401.85736	-137.58776	0.00000	-0.05695	94400.00000	-601.87100	0.00000	-0.35695
-77035.70981	54763.69717	137.00000	94421.85774	-137.60763	0.00000	-0.05690	94420.00000	-601.99559	0.00000	-0.35690
-77052.02140	54775.27074	137.00000	94441.85812	-137.62748	0.00000	-0.05684	94440.00000	-602.12016	0.00000	-0.35684
-77068.33300	54786.84429	137.00000	94461.85850	-137.64731	0.00000	-0.05678	94460.00000	-602.24471	0.00000	-0.35678
-77084.64461	54798.41783	137.00000	94481.85888	-137.66712	0.00000	-0.05672	94480.00000	-602.36924	0.00000	-0.35672
-77100.95624	54809.99135	137.00000	94501.85925	-137.68691	0.00000	-0.05667	94500.00000	-602.49375	0.00000	-0.35667
-77117.26787	54821.56485	137.00000	94521.85963	-137.70668	0.00000	-0.05661	94520.00000	-602.61824	0.00000	-0.35661
-77133.57952	54833.13834	137.00000	94541.86001	-137.72643	0.00000	-0.05655	94540.00000	-602.74271	0.00000	-0.35655
-77149.89118	54844.71182	137.00000	94561.86039	-137.74616	0.00000	-0.05649	94560.00000	-602.86716	0.00000	-0.35649
-77166.20285	54856.28527	137.00000	94581.86076	-137.76587	0.00000	-0.05644	94580.00000	-602.99159	0.00000	-0.35644
-77182.51454	54867.85871	137.00000	94601.86114	-137.78555	0.00000	-0.05638	94600.00000	-603.11600	0.00000	-0.35638
-77198.82623	54879.43213	137.00000	94621.86152	-137.80522	0.00000	-0.05632	94620.00000	-603.24039	0.00000	-0.35632
-77215.13793	54891.00554	137.00000	94641.86189	-137.82487	0.00000	-0.05627	94640.00000	-603.36476	0.00000	-0.35627
-77231.44965	54902.57893	137.00000	94661.86227	-137.84450	0.00000	-0.05621	94660.00000	-603.48911	0.00000	-0.35621
-77247.76138	54914.15230	137.00000	94681.86265	-137.86411	0.00000	-0.05615	94680.00000	-603.61344	0.00000	-0.35615
-77264.07312	54925.72566	137.00000	94701.86302	-137.88370	0.00000	-0.05609	94700.00000	-603.73775	0.00000	-0.35609
-77280.38487	54937.29900	137.00000	94721.86340	-137.90327	0.00000	-0.05604	94720.00000	-603.86204	0.00000	-0.35604
-77296.69663	54948.87233	137.00000	94741.86378	-137.92282	0.00000	-0.05598	94740.00000	-603.98631	0.00000	-0.35598
-77313.00841	54960.44564	137.00000	94761.86415	-137.94235	0.00000	-0.05592	94760.00000	-604.11056	0.00000	-0.35592
-77329.32019	54972.01893	137.00000	94781.86453	-137.96186	0.00000	-0.05586	94780.00000	-604.23479	0.00000	-0.35586
-77345.63199	54983.59220	137.00000	94801.86491	-137.98134	0.00000	-0.05581	94800.00000	-604.35900	0.00000	-0.35581
-77361.94380	54995.16546	137.00000	94821.86528	-138.00081	0.00000	-0.05575	94820.00000	-604.48319	0.00000	-0.35575
-77378.25562	55006.73871	137.00000	94841.86566	-138.02026	0.00000	-0.05569	94840.00000	-604.60736	0.00000	-0.35569
-77394.56745	55018.31193	137.00000	94861.86603	-138.03969	0.00000	-0.05563	94860.00000	-604.73151	0.00000	-0.35563
-77410.87929	55029.88514	137.00000	94881.86641	-138.05910	0.00000	-0.05558	94880.00000	-604.85564	0.00000	-0.35558
-77427.19115	55041.45834	137.00000	94901.86679	-138.07849	0.00000	-0.05552	94900.00000	-604.97975	0.00000	-0.35552
-77443.50301	55053.03151	137.00000	94921.86716	-138.09786	0.00000	-0.05546	94920.00000	-605.10384	0.00000	-0.35546
-77459.81489	55064.60467	137.00000	94941.86754	-138.11721	0.00000	-0.05541	94940.00000	-605.22791	0.00000	-0.35541
-77476.12678	55076.17782	137.00000	94961.86791	-138.13654	0.00000	-0.05535	94960.00000	-605.35196	0.00000	-0.35535
-77492.43868	55087.75095	137.00000	94981.86829	-138.15585	0.00000	-0.05529	94980.00000	-605.47599	0.00000	-0.35529
-77508.75059	55099.32406	137.00000	95001.86866	-138.17513	0.00000	-0.05523	95000.00000	-605.60000	0.00000	-0.35523
-77525.06251	55110.89715	137.00000	95021.86904	-138.19440	0.00000	-0.05518	95020.00000	-605.72399	0.00000	-0.35518
-77541.37445	55122.47023	137.00000	95041.86941	-138.21365	0.00000	-0.05512	95040.00000	-605.84796	0.00000	-0.35512
-77557.68639	55134.04330	137.00000	95061.86979	-138.23288	0.00000	-0.05506	95060.00000	-605.97191	0.00000	-0.35506
-77573.99835	55145.61634	137.00000	95081.87016	-138.25209	0.00000	-0.05500	95080.00000	-606.09584	0.00000	-0.35500
-77590.31032	55157.18937	137.00000	95101.87054	-138.27128	0.00000	-0.05495	95100.00000	-606.21975	0.00000	-0.35495
-77606.62230	55168.76239	137.00000	95121.87091	-138.29045	0.00000	-0.05489	95120.00000	-606.34364	0.00000	-0.35489
-77622.93429	55180.33538	137.00000	95141.87129	-138.30960	0.00000	-0.05483	95140.00000	-606.46751	0.00000	-0.35483
-77639.24630	55191.90836	137.00000	95161.87166	-138.32873	0.00000	-0.05478	95160.00000	-606.59136	0.00000	-0.35478
-77655.55831	55203.48133	137.00000	95181.87203	-138.34784	0.00000	-0.05472	95180.00000	-606.71519	0.00000	-0.35472
-77671.87034	55215.05428	137.00000	95201.87241	-138.36692	0.00000	-0.05466	95200.00000	-606.83900	0.00000	-0.35466
-77688.18237	55226.62721	137.00000	95221.87278	-138.38599	0.00000	-0.05460	95220.00000	-606.96279	0.00000	-0.35460
-77704.49442	55238.20012	137.00000	95241.87316	-138.40504	0.00000	-0.05455	95240.00000	-607.08656	0.00000	-0.35455
-77720.80648	55249.77302	137.00000	95261.87353	-138.42407	0.00000	-0.05449	95260.00000	-607.21031	0.00000	-0.35449
-77737.11856	55261.34590	137.00000	95281.87390	-138.44308	0.00000	-0.05443	95280.00000	-607.33404	0.00000	-0.35443
-77753.43064	55272.91877	137.00000	95301.87428	-138.46207	0.00000	-0.05437	95300.00000	-607.45775	0.00000	-0.35437
-77769.74274	55284.49162	137.00000	95321.87465	-138.48104	0.00000	-0.05432	95320.00000	-607.58144	0.00000	-0.35432
-77786.05484	55296.06445	137.00000	95341.87502	-138.49999	0.00000	-0.05426	95340.00000	-607.70511	0.00000	-0.35426
-77802.36696	55307.63727	137.00000	95361.87540	-138.51892	0.00000	-0.05420	95360.00000	-607.82876	0.00000	-0.35420
-77818.67909	55319.21007	137.00000	95381.87577	-138.53783	0.00000	-0.05415	95380.00000	-607.95239	0.00000	-0.35415
-77834.99123	55330.78285	137.00000	95401.87614	-138.55672	0.00000	-0.05409	95400.00000	-608.07600	0.00000	-0.35409
-77851.30338	55342.35562	137.00000	95421.87652	-138.57558	0.00000	-0.05403	95420.00000	-608.19959	0.00000	-0.35403
-77867.61555	55353.92837	137.00000	95441.87689	-138.59443	0.00000	-0.05397	95440.00000	-608.32316	0.00000	-0.35397
-77883.92772	55365.50111	137.00000	95461.87726	-138.61326	0.00000	-0.05392	95460.00000	-608.44671	0.00000	-0.35392
-77900.23991	55377.07383	137.00000	95481.87764	-138.63207	0.00000	-0.05386	95480.00000	-608.57024	0.00000	-0.35386
-77916.55211	55388.64653	137.00000	95501.87801	-138.65086	0.00000	-0.05380	95500.00000	-608.69375	0.00000	-0.35380
-77932.86432	55400.21921	137.00000	95521.87838	-138.66963	0.00000	-0.05374	95520.00000	-608.81724	0.00000	-0.35374
-77949.17654	55411.79188	137.00000	95541.87875	-138.68838	0.00000	-0.05369	95540.00000	-608.94071	0.00000	-0.35369
-77965.48877	55423.36454	137.00000	95561.87913	-138.70711	0.00000	-0.05363	95560.00000	-609.06416	0.00000	-0.35363
-77981.80102	55434.93717	137.00000	95581.87950	-138.72582	0.00000	-0.05357	95580.00000	-609.18759	0.00000	-0.35357
-77998.11327	55446.50979	137.00000	95601.87987	-138.74451	0.00000	-0.05351	95600.00000	-609.31100	0.00000	-0.35351
-78014.42554	55458.08240	137.00000	95621.88024	-138.76317	0.00000	-0.05346	95620.00000	-609.43439	0.00000	-0.35346
-78030.73782	55469.65499	137.00000	95641.88061	-138.78182	0.00000	-0.05340	95640.00000	-609.55776	0.00000	-0.35340
-78047.05011	55481.22756	137.00000	95661.88098	-138.80045	0.00000	-0.05334	95660.00000	-609.68111	0.00000	-0.35334
-78063.36241	55492.80011	137.00000	95681.88136	-138.81906	0.00000	-0.05329	95680.00000	-609.80444	0.00000	-0.35329
-78079.67472	55504.37265	137.00000	95701.88173	-138.83765	0.00000	-0.05323	95700.00000	-609.92775	0.00000	-0.35323
-78095.98705	55515.94517	137.00000	95721.88210	-138.85622	0.00000	-0.05317	95720.00000	-610.05104	0.00000	-0.35317
-78112.29939	55527.51768	137.00000	95741.88247	-138.87477	0.00000	-0.05311	95740.00000	-610.17431	0.00000	-0.35311
-78128.61173	55539.09017	137.00000	95761.88284	-138.89330	0.00000	-0.05306	95760.00000	-610.29756	0.00000	-0.35306
-78144.92409	55550.66264	137.00000	95781.88321	-138.91181	0.00000	-0.05300	95780.00000	-610.42079	0.00000	-0.35300
-78161.23646	55562.23510	137.00000	95801.88358	-138.93030	0.00000	-0.05294	95800.00000	-610.54400	0.00000	-0.35294
-78177.54884	55573.80754	137.00000	95821.88395	-138.94876	0.00000	-0.05288	95820.00000	-610.66719	0.00000	-0.35288
-78193.86124	55585.37996	137.00000	95841.88433	-138.96721	0.00000	-0.05283	95840.00000	-610.79036	0.00000	-0.35283
-78210.17364	55596.95237	137.00000	95861.88470	-138.98564	0.00000	-0.05277	95860.00000	-610.91351	0.00000	-0.35277
-78226.48606	55608.52476	137.00000	95881.88507	-139.00405	0.00000	-0.05271	95880.00000	-611.03664	0.00000	-0.35271
-78242.79849	55620.09713	137.00000	95901.88544	-139.02244	0.00000	-0.05266	95900.00000	-611.15975	0.00000	-0.35266
-78259.11093	55631.66949	137.00000	95921.88581	-139.04081	0.00000	-0.05260	95920.00000	-611.28284	0.00000	-0.35260
-78275.42338	55643.24183	137.00000	95941.88618	-139.05916	0.00000	-0.05254	95940.00000	-611.40591	0.00000	-0.35254
-78291.73584	55654.81416	137.00000	95961.88655	-139.07749	0.00000	-0.05248	95960.00000	-611.52896	0.00000	-0.35248
-78308.04831	55666.38647	137.00000	95981.88692	-139.09580	0.00000	-0.05243	95980.00000	-611.65199	0.00000	-0.35243
-78324.36080	55677.95876	137.00000	96001.88729	-139.11409	0.00000	-0.05237	96000.00000	-611.77500	0.00000	-0.35237
-78340.67330	55689.53104	137.00000	96021.88766	-139.13236	0.00000	-0.05231	96020.00000	-611.89799	0.00000	-0.35231
-78356.98580	55701.10330	137.00000	96041.88803	-139.15060	0.00000	-0.05225	96040.00000	-612.02096	0.00000	-0.35225
-78373.29832	55712.67554	137.00000	96061.88840	-139.16883	0.00000	-0.05220	96060.00000	-612.14391	0.00000	-0.35220
-78389.61085	55724.24777	137.00000	96081.88877	-139.18704	0.00000	-0.05214	96080.00000	-612.26684	0.00000	-0.35214
-78405.92340	55735.81998	137.00000	96101.88914	-139.20523	0.00000	-0.05208	96100.00000	-612.38975	0.00000	-0.35208
-78422.23595	55747.39217	137.00000	96121.88950	-139.22340	0.00000	-0.05203	96120.00000	-612.51264	0.00000	-0.35203
-78438.54852	55758.96435	137.00000	96141.88987	-139.24155	0.00000	-0.05197	96140.00000	-612.63551	0.00000	-0.35197
-78454.86109	55770.53651	137.00000	96161.89024	-139.25968	0.00000	-0.05191	96160.00000	-612.75836	0.00000	-0.35191
-78471.17368	55782.10866	137.00000	96181.89061	-139.27779	0.00000	-0.05185	96180.00000	-612.88119	0.00000	-0.35185
-78487.48628	55793.68078	137.00000	96201.89098	-139.29588	0.00000	-0.05180	96200.00000	-613.00400	0.00000	-0.35180
-78503.79889	55805.25290	137.00000	96221.89135	-139.31395	0.00000	-0.05174	96220.00000	-613.12679	0.00000	-0.35174
-78520.11152	55816.82499	137.00000	96241.89172	-139.33199	0.00000	-0.05168	96240.00000	-613.24956	0.00000	-0.35168
-78536.42415	55828.39707	137.00000	96261.89209	-139.35002	0.00000	-0.05162	96260.00000	-613.37231	0.00000	-0.35162
-78552.73680	55839.96914	137.00000	96281.89246	-139.36803	0.00000	-0.05157	96280.00000	-613.49504	0.00000	-0.35157
-78569.04945	55851.54118	137.00000	96301.89282	-139.38602	0.00000	-0.05151	96300.00000	-613.61775	0.00000	-0.35151
-78585.36212	55863.11321	137.00000	96321.89319	-139.40399	0.00000	-0.05145	96320.00000	-613.74044	0.00000	-0.35145
-78601.67480	55874.68523	137.00000	96341.89356	-139.42194	0.00000	-0.05140	96340.00000	-613.86311	0.00000	-0.35140
-78617.98749	55886.25722	137.00000	96361.89393	-139.43987	0.00000	-0.05134	96360.00000	-613.98576	0.00000	-0.35134
-78634.30020	55897.82921	137.00000	96381.89430	-139.45778	0.00000	-0.05128	96380.00000	-614.10839	0.00000	-0.35128
-78650.61291	55909.40117	137.00000	96401.89466	-139.47567	0.00000	-0.05122	96400.00000	-614.23100	0.00000	-0.35122
-78666.92564	55920.97312	137.00000	96421.89503	-139.49354	0.00000	-0.05117	96420.00000	-614.35359	0.00000	-0.35117
-78683.23838	55932.54505	137.00000	96441.89540	-139.51139	0.00000	-0.05111	96440.00000	-614.47616	0.00000	-0.35111
-78699.55113	55944.11697	137.00000	96461.89577	-139.52921	0.00000	-0.05105	96460.00000	-614.59871	0.00000	-0.35105
-78715.86389	55955.68887	137.00000	96481.89613	-139.54702	0.00000	-0.05099	96480.00000	-614.72124	0.00000	-0.35099
-78732.17666	55967.26075	137.00000	96501.89650	-139.56481	0.00000	-0.05094	96500.00000	-614.84375	0.00000	-0.35094
-78748.48944	55978.83262	137.00000	96521.89687	-139.58258	0.00000	-0.05088	96520.00000	-614.96624	0.00000	-0.35088
-78764.80224	55990.40447	137.00000	96541.89724	-139.60033	0.00000	-0.05082	96540.00000	-615.08871	0.00000	-0.35082
-78781.11504	56001.97630	137.00000	96561.89760	-139.61806	0.00000	-0.05076	96560.00000	-615.21116	0.00000	-0.35076
-78797.42786	56013.54812	137.00000	96581.89797	-139.63577	0.00000	-0.05071	96580.00000	-615.33359	0.00000	-0.35071
-78813.74069	56025.11992	137.00000	96601.89834	-139.65346	0.00000	-0.05065	96600.00000	-615.45600	0.00000	-0.35065
-78830.05353	56036.69170	137.00000	96621.89870	-139.67113	0.00000	-0.05059	96620.00000	-615.57839	0.00000	-0.35059
-78846.36638	56048.26347	137.00000	96641.89907	-139.68878	0.00000	-0.05054	96640.00000	-615.70076	0.00000	-0.35054
-78862.67925	56059.83522	137.00000	96661.89944	-139.70640	0.00000	-0.05048	96660.00000	-615.82311	0.00000	-0.35048
-78878.99212	56071.40696	137.00000	96681.89980	-139.72401	0.00000	-0.05042	96680.00000	-615.94544	0.00000	-0.35042
-78895.30501	56082.97868	137.00000	96701.90017	-139.74160	0.00000	-0.05036	96700.00000	-616.06775	0.00000	-0.35036
-78911.61791	56094.55038	137.00000	96721.90053	-139.75917	0.00000	-0.05031	96720.00000	-616.19004	0.00000	-0.35031
-78927.93082	56106.12207	137.00000	96741.90090	-139.77672	0.00000	-0.05025	96740.00000	-616.31231	0.00000	-0.35025
-78944.24374	56117.69374	137.00000	96761.90127	-139.79425	0.00000	-0.05019	96760.00000	-616.43456	0.00000	-0.35019
-78960.55667	56129.26539	137.00000	96781.90163	-139.81176	0.00000	-0.05013	96780.00000	-616.55679	0.00000	-0.35013
-78976.86962	56140.83703	137.00000	96801.90200	-139.82925	0.00000	-0.05008	96800.00000	-616.67900	0.00000	-0.35008
-78993.18257	56152.40865	137.00000	96821.90236	-139.84672	0.00000	-0.05002	96820.00000	-616.80119	0.00000	-0.35002
-79009.49554	56163.98026	137.00000	96841.90273	-139.86417	0.00000	-0.04996	96840.00000	-616.92336	0.00000	-0.34996
-79025.80852	56175.55184	137.00000	96861.90310	-139.88159	0.00000	-0.04991	96860.00000	-617.04551	0.00000	-0.34991
-79042.12151	56187.12342	137.00000	96881.90346	-139.89900	0.00000	-0.04985	96880.00000	-617.16764	0.00000	-0.34985
-79058.43451	56198.69497	137.00000	96901.90383	-139.91639	0.00000	-0.04979	96900.00000	-617.28975	0.00000	-0.34979
-79074.74752	56210.26651	137.00000	96921.90419	-139.93376	0.00000	-0.04973	96920.00000	-617.41184	0.00000	-0.34973
-79091.06055	56221.83803	137.00000	96941.90456	-139.95111	0.00000	-0.04968	96940.00000	-617.53391	0.00000	-0.34968
-79107.37358	56233.40954	137.00000	96961.90492	-139.96844	0.00000	-0.04962	96960.00000	-617.65596	0.00000	-0.34962
-79123.68663	56244.98103	137.00000	96981.90529	-139.98575	0.00000	-0.04956	96980.00000	-617.77799	0.00000	-0.34956
-79139.99969	56256.55250	137.00000	97001.90565	-140.00304	0.00000	-0.04950	97000.00000	-617.90000	0.00000	-0.34950
-79156.31276	56268.12396	137.00000	97021.90601	-140.02031	0.00000	-0.04945	97020.00000	-618.02199	0.00000	-0.34945
-79172.62584	56279.69540	137.00000	97041.90638	-140.03756	0.00000	-0.04939	97040.00000	-618.14396	0.00000	-0.34939
-79188.93893	56291.26682	137.00000	97061.90674	-140.05479	0.00000	-0.04933	97060.00000	-618.26591	0.00000	-0.34933
-79205.25204	56302.83823	137.00000	97081.90711	-140.07199	0.00000	-0.04928	97080.00000	-618.38784	0.00000	-0.34928
-79221.56515	56314.40962	137.00000	97101.90747	-140.08918	0.00000	-0.04922	97100.00000	-618.50975	0.00000	-0.34922
-79237.87828	56325.98100	137.00000	97121.90784	-140.10635	0.00000	-0.04916	97120.00000	-618.63164	0.00000	-0.34916
-79254.19142	56337.55236	137.00000	97141.90820	-140.12350	0.00000	-0.04910	97140.00000	-618.75351	0.00000	-0.34910
-79270.50457	56349.12370	137.00000	97161.90856	-140.14063	0.00000	-0.04905	97160.00000	-618.87536	0.00000	-0.34905
-79286.81773	56360.69503	137.00000	97181.90893	-140.15774	0.00000	-0.04899	97180.00000	-618.99719	0.00000	-0.34899
-79303.13091	56372.26634	137.00000	97201.90929	-140.17483	0.00000	-0.04893	97200.00000	-619.11900	0.00000	-0.34893
-79319.44409	56383.83763	137.00000	97221.90965	-140.19190	0.00000	-0.04887	97220.00000	-619.24079	0.00000	-0.34887
-79335.75729	56395.40891	137.00000	97241.91002	-140.20895	0.00000	-0.04882	97240.00000	-619.36256	0.00000	-0.34882
-79352.07050	56406.98017	137.00000	97261.91038	-140.22598	0.00000	-0.04876	97260.00000	-619.48431	0.00000	-0.34876
-79368.38372	56418.55141	137.00000	97281.91074	-140.24299	0.00000	-0.04870	97280.00000	-619.60604	0.00000	-0.34870
-79384.69695	56430.12264	137.00000	97301.91111	-140.25997	0.00000	-0.04864	97300.00000	-619.72775	0.00000	-0.34864
-79401.01019	56441.69385	137.00000	97321.91147	-140.27694	0.00000	-0.04859	97320.00000	-619.84944	0.00000	-0.34859
-79417.32344	56453.26504	137.00000	97341.91183	-140.29389	0.00000	-0.04853	97340.00000	-619.97111	0.00000	-0.34853
-79433.63671	56464.83622	137.00000	97361.91220	-140.31082	0.00000	-0.04847	97360.00000	-620.09276	0.00000	-0.34847
-79449.94998	56476.40739	137.00000	97381.91256	-140.32773	0.00000	-0.04842	97380.00000	-620.21439	0.00000	-0.34842
-79466.26327	56487.97853	137.00000	97401.91292	-140.34462	0.00000	-0.04836	97400.00000	-620.33600	0.00000	-0.34836
-79482.57657	56499.54966	137.00000	97421.91328	-140.36149	0.00000	-0.04830	97420.00000	-620.45759	0.00000	-0.34830
-79498.88988	56511.12077	137.00000	97441.91365	-140.37834	0.00000	-0.04824	97440.00000	-620.57916	0.00000	-0.34824
-79515.20321	56522.69187	137.00000	97461.91401	-140.39517	0.00000	-0.04819	97460.00000	-620.70071	0.00000	-0.34819
-79531.51654	56534.26295	137.00000	97481.91437	-140.41198	0.00000	-0.04813	97480.00000	-620.82224	0.00000	-0.34813
-79547.82989	56545.83401	137.00000	97501.91473	-140.42876	0.00000	-0.04807	97500.00000	-620.94375	0.00000	-0.34807
-79564.14324	56557.40506	137.00000	97521.91510	-140.44553	0.00000	-0.04801	97520.00000	-621.06524	0.00000	-0.34801
-79580.45661	56568.97609	137.00000	97541.91546	-140.46228	0.00000	-0.04796	97540.00000	-621.18671	0.00000	-0.34796
-79596.76999	56580.54711	137.00000	97561.91582	-140.47901	0.00000	-0.04790	97560.00000	-621.30816	0.00000	-0.34790
-79613.08338	56592.11811	137.00000	97581.91618	-140.49572	0.00000	-0.04784	97580.00000	-621.42959	0.00000	-0.34784
-79629.39679	56603.68909	137.00000	97601.91654	-140.51241	0.00000	-0.04779	97600.00000	-621.55100	0.00000	-0.34779
-79645.71020	56615.26005	137.00000	97621.91690	-140.52908	0.00000	-0.04773	97620.00000	-621.67239	0.00000	-0.34773
-79662.02363	56626.83100	137.00000	97641.91726	-140.54573	0.00000	-0.04767	97640.00000	-621.79376	0.00000	-0.34767
-79678.33706	56638.40194	137.00000	97661.91763	-140.56236	0.00000	-0.04761	97660.00000	-621.91511	0.00000	-0.34761
-79694.65051	56649.97285	137.00000	97681.91799	-140.57897	0.00000	-0.04756	97680.00000	-622.03644	0.00000	-0.34756
-79710.96397	56661.54375	137.00000	97701.91835	-140.59556	0.00000	-0.04750	97700.00000	-622.15775	0.00000	-0.34750
-79727.27745	56673.11464	137.00000	97721.91871	-140.61212	0.00000	-0.04744	97720.00000	-622.27904	0.00000	-0.34744
-79743.59093	56684.68550	137.00000	97741.91907	-140.62867	0.00000	-0.04738	97740.00000	-622.40031	0.00000	-0.34738
-79759.90442	56696.25635	137.00000	97761.91943	-140.64520	0.00000	-0.04733	97760.00000	-622.52156	0.00000	-0.34733
-79776.21793	56707.82719	137.00000	97781.91979	-140.66171	0.00000	-0.04727	97780.00000	-622.64279	0.00000	-0.34727
-79792.53145	56719.39801	137.00000	97801.92015	-140.67820	0.00000	-0.04721	97800.00000	-622.76400	0.00000	-0.34721
-79808.84498	56730.96881	137.00000	97821.92051	-140.69467	0.00000	-0.04716	97820.00000	-622.88519	0.00000	-0.34716
-79825.15852	56742.53959	137.00000	97841.92087	-140.71112	0.00000	-0.04710	97840.00000	-623.00636	0.00000	-0.34710
-79841.47207	56754.11036	137.00000	97861.92123	-140.72755	0.00000	-0.04704	97860.00000	-623.12751	0.00000	-0.34704
-79857.78563	56765.68112	137.00000	97881.92159	-140.74396	0.00000	-0.04698	97880.00000	-623.24864	0.00000	-0.34698
-79874.09921	56777.25185	137.00000	97901.92195	-140.76035	0.00000	-0.04693	97900.00000	-623.36975	0.00000	-0.34693
-79890.41279	56788.82257	137.00000	97921.92231	-140.77671	0.00000	-0.04687	97920.00000	-623.49084	0.00000	-0.34687
-79906.72639	56800.39327	137.00000	97941.92267	-140.79306	0.00000	-0.04681	97940.00000	-623.61191	0.00000	-0.34681
-79923.04000	56811.96396	137.00000	97961.92303	-140.80939	0.00000	-0.04675	97960.00000	-623.73296	0.00000	-0.34675
-79939.35362	56823.53463	137.00000	97981.92339	-140.82570	0.00000	-0.04670	97980.00000	-623.85399	0.00000	-0.34670
-79955.66725	56835.10529	137.00000	98001.92375	-140.84199	0.00000	-0.04664	98000.00000	-623.97500	0.00000	-0.34664
-79971.98090	56846.67592	137.00000	98021.92411	-140.85826	0.00000	-0.04658	98020.00000	-624.09599	0.00000	-0.34658
-79988.29455	56858.24655	137.00000	98041.92447	-140.87451	0.00000	-0.04652	98040.00000	-624.21696	0.00000	-0.34652
-80004.60822	56869.81715	137.00000	98061.92483	-140.89074	0.00000	-0.04647	98060.00000	-624.33791	0.00000	-0.34647
-80020.92190	56881.38774	137.00000	98081.92519	-140.90695	0.00000	-0.04641	98080.00000	-624.45884	0.00000	-0.34641
-80037.23559	56892.95831	137.00000	98101.92555	-140.92314	0.00000	-0.04635	98100.00000	-624.57975	0.00000	-0.34635
-80053.54929	56904.52887	137.00000	98121.92591	-140.93931	0.00000	-0.04630	98120.00000	-624.70064	0.00000	-0.34630
-80069.86300	56916.09941	137.00000	98141.92626	-140.95545	0.00000	-0.04624	98140.00000	-624.82151	0.00000	-0.34624
-80086.17673	56927.66993	137.00000	98161.92662	-140.97158	0.00000	-0.04618	98160.00000	-624.94236	0.00000	-0.34618
-80102.49046	56939.24044	137.00000	98181.92698	-140.98769	0.00000	-0.04612	98180.00000	-625.06319	0.00000	-0.34612
-80118.80421	56950.81093	137.00000	98201.92734	-141.00378	0.00000	-0.04607	98200.00000	-625.18400	0.00000	-0.34607
-80135.11797	56962.38140	137.00000	98221.92770	-141.01985	0.00000	-0.04601	98220.00000	-625.30479	0.00000	-0.34601
-80151.43174	56973.95186	137.00000	98241.92806	-141.03590	0.00000	-0.04595	98240.00000	-625.42556	0.00000	-0.34595
-80167.74552	56985.52230	137.00000	98261.92841	-141.05193	0.00000	-0.04589	98260.00000	-625.54631	0.00000	-0.34589
-80184.05931	56997.09273	137.00000	98281.92877	-141.06794	0.00000	-0.04584	98280.00000	-625.66704	0.00000	-0.34584
-80200.37312	57008.66314	137.00000	98301.92913	-141.08393	0.00000	-0.04578	98300.00000	-625.78775	0.00000	-0.34578
-80216.68693	57020.23353	137.00000	98321.92949	-141.09990	0.00000	-0.04572	98320.00000	-625.90844	0.00000	-0.34572
-80233.00076	57031.80390	137.00000	98341.92985	-141.11585	0.00000	-0.04567	98340.00000	-626.02911	0.00000	-0.34567
-80249.31460	57043.37426	137.00000	98361.93020	-141.13177	0.00000	-0.04561	98360.00000	-626.14976	0.00000	-0.34561
-80265.62845	57054.94461	137.00000	98381.93056	-141.14768	0.00000	-0.04555	98380.00000	-626.27039	0.00000	-0.34555
-80281.94231	57066.51493	137.00000	98401.93092	-141.16357	0.00000	-0.04549	98400.00000	-626.39100	0.00000	-0.34549
-80298.25619	57078.08524	137.00000	98421.93128	-141.17944	0.00000	-0.04544	98420.00000	-626.51159	0.00000	-0.34544
-80314.57007	57089.65554	137.00000	98441.93163	-141.19529	0.00000	-0.04538	98440.00000	-626.63216	0.00000	-0.34538
-80330.88397	57101.22581	137.00000	98461.93199	-141.21112	0.00000	-0.04532	98460.00000	-626.75271	0.00000	-0.34532
-80347.19787	57112.79608	137.00000	98481.93235	-141.22693	0.00000	-0.04526	98480.00000	-626.87324	0.00000	-0.34526
-80363.51179	57124.36632	137.00000	98501.93270	-141.24272	0.00000	-0.04521	98500.00000	-626.99375	0.00000	-0.34521
-80379.82572	57135.93655	137.00000	98521.93306	-141.25849	0.00000	-0.04515	98520.00000	-627.11424	0.00000	-0.34515
-80396.13967	57147.50676	137.00000	98541.93342	-141.27424	0.00000	-0.04509	98540.00000	-627.23471	0.00000	-0.34509
-80412.45362	57159.07696	137.00000	98561.93377	-141.28997	0.00000	-0.04504	98560.00000	-627.35516	0.00000	-0.34504
-80428.76758	57170.64714	137.00000	98581.93413	-141.30567	0.00000	-0.04498	98580.00000	-627.47559	0.00000	-0.34498
-80445.08156	57182.21730	137.00000	98601.93449	-141.32136	0.00000	-0.04492	98600.00000	-627.59600	0.00000	-0.34492
-80461.39555	57193.78744	137.00000	98621.93484	-141.33703	0.00000	-0.04486	98620.00000	-627.71639	0.00000	-0.34486
-80477.70955	57205.35757	137.00000	98641.93520	-141.35268	0.00000	-0.04481	98640.00000	-627.83676	0.00000	-0.34481
-80494.02356	57216.92769	137.00000	98661.93555	-141.36831	0.00000	-0.04475	98660.00000	-627.95711	0.00000	-0.34475
-80510.33758	57228.49779	137.00000	98681.93591	-141.38392	0.00000	-0.04469	98680.00000	-628.07744	0.00000	-0.34469
-80526.65162	57240.06787	137.00000	98701.93627	-141.39951	0.00000	-0.04463	98700.00000	-628.19775	0.00000	-0.34463
-80542.96566	57251.63793	137.00000	98721.93662	-141.41508	0.00000	-0.04458	98720.00000	-628.31804	0.00000	-0.34458
-80559.27972	57263.20798	137.00000	98741.93698	-141.43063	0.00000	-0.04452	98740.00000	-628.43831	0.00000	-0.34452
-80575.59379	57274.77801	137.00000	98761.93733	-141.44616	0.00000	-0.04446	98760.00000	-628.55856	0.00000	-0.34446
-80591.90787	57286.34803	137.00000	98781.93769	-141.46166	0.00000	-0.04440	98780.00000	-628.67879	0.00000	-0.34440
-80608.22196	57297.91803	137.00000	98801.93804	-141.47715	0.00000	-0.04435	98800.00000	-628.79900	0.00000	-0.34435
-80624.53606	57309.48801	137.00000	98821.93840	-141.49262	0.00000	-0.04429	98820.00000	-628.91919	0.00000	-0.34429
-80640.85017	57321.05797	137.00000	98841.93875	-141.50807	0.00000	-0.04423	98840.00000	-629.03936	0.00000	-0.34423
-80657.16430	57332.62792	137.00000	98861.93911	-141.52350	0.00000	-0.04418	98860.00000	-629.15951	0.00000	-0.34418
-80673.47844	57344.19786	137.00000	98881.93946	-141.53891	0.00000	-0.04412	98880.00000	-629.27964	0.00000	-0.34412
-80689.79259	57355.76777	137.00000	98901.93982	-141.55430	0.00000	-0.04406	98900.00000	-629.39975	0.00000	-0.34406
-80706.10675	57367.33768	137.00000	98921.94017	-141.56967	0.00000	-0.04400	98920.00000	-629.51984	0.00000	-0.34400
-80722.42092	57378.90756	137.00000	98941.94053	-141.58502	0.00000	-0.04395	98940.00000	-629.63991	0.00000	-0.34395
-80738.73510	57390.47743	137.00000	98961.94088	-141.60035	0.00000	-0.04389	98960.00000	-629.75996	0.00000	-0.34389
-80755.04929	57402.04728	137.00000	98981.94124	-141.61566	0.00000	-0.04383	98980.00000	-629.87999	0.00000	-0.34383
-80771.36350	57413.61711	137.00000	99001.94159	-141.63094	0.00000	-0.04377	99000.00000	-630.00000	0.00000	-0.34377
-80787.67772	57425.18693	137.00000	99021.94194	-141.64621	0.00000	-0.04372	99020.00000	-630.11999	0.00000	-0.34372
-80803.99195	57436.75674	137.00000	99041.94230	-141.66146	0.00000	-0.04366	99040.00000	-630.23996	0.00000	-0.34366
-80820.30619	57448.32652	137.00000	99061.94265	-141.67669	0.00000	-0.04360	99060.00000	-630.35991	0.00000	-0.34360
-80836.62044	57459.89629	137.00000	99081.94301	-141.69190	0.00000	-0.04355	99080.00000	-630.47984	0.00000	-0.34355
-80852.93470	57471.46604	137.00000	99101.94336	-141.70709	0.00000	-0.04349	99100.00000	-630.59975	0.00000	-0.34349
-80869.24898	57483.03578	137.00000	99121.94371	-141.72226	0.00000	-0.04343	99120.00000	-630.71964	0.00000	-0.34343
-80885.56326	57494.60550	137.00000	99141.94407	-141.73741	0.00000	-0.04337	99140.00000	-630.83951	0.00000	-0.34337
-80901.87756	57506.17521	137.00000	99161.94442	-141.75254	0.00000	-0.04332	99160.00000	-630.95936	0.00000	-0.34332
-80918.19187	57517.74489	137.00000	99181.94477	-141.76765	0.00000	-0.04326	99180.00000	-631.07919	0.00000	-0.34326
-80934.50619	57529.31456	137.00000	99201.94513	-141.78274	0.00000	-0.04320	99200.00000	-631.19900	0.00000	-0.34320
-80950.82052	57540.88422	137.00000	99221.94548	-141.79780	0.00000	-0.04314	99220.00000	-631.31879	0.00000	-0.34314
-80967.13487	57552.45386	137.00000	99241.94583	-141.81285	0.00000	-0.04309	99240.00000	-631.43856	0.00000	-0.34309
-80983.44922	57564.02348	137.00000	99261.94618	-141.82788	0.00000	-0.04303	99260.00000	-631.55831	0.00000	-0.34303
-80999.76359	57575.59309	137.00000	99281.94654	-141.84289	0.00000	-0.04297	99280.00000	-631.67804	0.00000	-0.34297
-81016.07797	57587.16268	137.00000	99301.94689	-141.85788	0.00000	-0.04292	99300.00000	-631.79775	0.00000	-0.34292
-81032.39236	57598.73225	137.00000	99321.94724	-141.87285	0.00000	-0.04286	99320.00000	-631.91744	0.00000	-0.34286
-81048.70676	57610.30181	137.00000	99341.94760	-141.88780	0.00000	-0.04280	99340.00000	-632.03711	0.00000	-0.34280
-81065.02117	57621.87135	137.00000	99361.94795	-141.90273	0.00000	-0.04274	99360.00000	-632.15676	0.00000	-0.34274
-81081.33559	57633.44087	137.00000	99381.94830	-141.91764	0.00000	-0.04269	99380.00000	-632.27639	0.00000	-0.34269
-81097.65003	57645.01038	137.00000	99401.94865	-141.93253	0.00000	-0.04263	99400.00000	-632.39600	0.00000	-0.34263
-81113.96448	57656.57987	137.00000	99421.94900	-141.94740	0.00000	-0.04257	99420.00000	-632.51559	0.00000	-0.34257
-81130.27893	57668.14934	137.00000	99441.94936	-141.96224	0.00000	-0.04251	99440.00000	-632.63516	0.00000	-0.34251
-81146.59340	57679.71880	137.00000	99461.94971	-141.97707	0.00000	-0.04246	99460.00000	-632.75471	0.00000	-0.34246
-81162.90789	57691.28824	137.00000	99481.95006	-141.99188	0.00000	-0.04240	99480.00000	-632.87424	0.00000	-0.34240
-81179.22238	57702.85767	137.00000	99501.95041	-142.00667	0.00000	-0.04234	99500.00000	-632.99375	0.00000	-0.34234
-81195.53688	57714.42708	137.00000	99521.95076	-142.02144	0.00000	-0.04228	99520.00000	-633.11324	0.00000	-0.34228
-81211.85140	57725.99647	137.00000	99541.95111	-142.03619	0.00000	-0.04223	99540.00000	-633.23271	0.00000	-0.34223
-81228.16593	57737.56585	137.00000	99561.95147	-142.05092	0.00000	-0.04217	99560.00000	-633.35216	0.00000	-0.34217
-81244.48046	57749.13521	137.00000	99581.95182	-142.06563	0.00000	-0.04211	99580.00000	-633.47159	0.00000	-0.34211
-81260.79501	57760.70455	137.00000	99601.95217	-142.08032	0.00000	-0.04206	99600.00000	-633.59100	0.00000	-0.34206
-81277.10958	57772.27388	137.00000	99621.95252	-142.09499	0.00000	-0.04200	99620.00000	-633.71039	0.00000	-0.34200
-81293.42415	57783.84319	137.00000	99641.95287	-142.10964	0.00000	-0.04194	99640.00000	-633.82976	0.00000	-0.34194
-81309.73873	57795.41248	137.00000	99661.95322	-142.12426	0.00000	-0.04188	99660.00000	-633.94911	0.00000	-0.34188
-81326.05333	57806.98176	137.00000	99681.95357	-142.13887	0.00000	-0.04183	99680.00000	-634.06844	0.00000	-0.34183
-81342.36794	57818.55102	137.00000	99701.95392	-142.15346	0.00000	-0.04177	99700.00000	-634.18775	0.00000	-0.34177
-81358.68256	57830.12027	137.00000	99721.95427	-142.16803	0.00000	-0.04171	99720.00000	-634.30704	0.00000	-0.34171
-81374.99719	57841.68950	137.00000	99741.95462	-142.18258	0.00000	-0.04165	99740.00000	-634.42631	0.00000	-0.34165
-81391.31183	57853.25871	137.00000	99761.95497	-142.19711	0.00000	-0.04160	99760.00000	-634.54556	0.00000	-0.34160
-81407.62648	57864.82791	137.00000	99781.95532	-142.21162	0.00000	-0.04154	99780.00000	-634.66479	0.00000	-0.34154
-81423.94115	57876.39709	137.00000	99801.95567	-142.22611	0.00000	-0.04148	99800.00000	-634.78400	0.00000	-0.34148
-81440.25582	57887.96625	137.00000	99821.95602	-142.24058	0.00000	-0.04143	99820.00000	-634.90319	0.00000	-0.34143
-81456.57051	57899.53540	137.00000	99841.95637	-142.25503	0.00000	-0.04137	99840.00000	-635.02236	0.00000	-0.34137
-81472.88521	57911.10453	137.00000	99861.95672	-142.26946	0.00000	-0.04131	99860.00000	-635.14151	0.00000	-0.34131
-81489.19992	57922.67364	137.00000	99881.95707	-142.28386	0.00000	-0.04125	99880.00000	-635.26064	0.00000	-0.34125
-81505.51464	57934.24274	137.00000	99901.95742	-142.29825	0.00000	-0.04120	99900.00000	-635.37975	0.00000	-0.34120
-81521.82938	57945.81182	137.00000	99921.95777	-142.31262	0.00000	-0.04114	99920.00000	-635.49884	0.00000	-0.34114
-81538.14412	57957.38089	137.00000	99941.95812	-142.32697	0.00000	-0.04108	99940.00000	-635.61791	0.00000	-0.34108
-81554.45888	57968.94994	137.00000	99961.95847	-142.34130	0.00000	-0.04102	99960.00000	-635.73696	0.00000	-0.34102
-81570.77365	57980.51897	137.00000	99981.95882	-142.35561	0.00000	-0.04097	99980.00000	-635.85599	0.00000	-0.34097
-81587.08843	57992.08798	137.00000	100001.95917	-142.36990	0.00000	-0.04091	100000.00000	-635.97500	0.00000	-0.34091
-81603.40322	58003.65698	137.00000	100021.95952	-142.38417	0.00000	-0.04085	100020.00000	-636.09399	0.00000	-0.34085
-81619.71802	58015.22597	137.00000	100041.95986	-142.39842	0.00000	-0.04080	100040.00000	-636.21296	0.00000	-0.34080
-81636.03283	58026.79493	137.00000	100061.96021	-142.41265	0.00000	-0.04074	100060.00000	-636.33191	0.00000	-0.34074
-81652.34766	58038.36388	137.00000	100081.96056	-142.42686	0.00000	-0.04068	100080.00000	-636.45084	0.00000	-0.34068
-81668.66250	58049.93282	137.00000	100101.96091	-142.44104	0.00000	-0.04062	100100.00000	-636.56975	0.00000	-0.34062
-81684.97734	58061.50174	137.00000	100121.96126	-142.45521	0.00000	-0.04057	100120.00000	-636.68864	0.00000	-0.34057
-81701.29220	58073.07064	137.00000	100141.96161	-142.46936	0.00000	-0.04051	100140.00000	-636.80751	0.00000	-0.34051
-81717.60708	58084.63952	137.00000	100161.96195	-142.48349	0.00000	-0.04045	100160.00000	-636.92636	0.00000	-0.34045
-81733.92196	58096.20839	137.00000	100181.96230	-142.49760	0.00000	-0.04039	100180.00000	-637.04519	0.00000	-0.34039
-81750.23685	58107.77724	137.00000	100201.96265	-142.51169	0.00000	-0.04034	100200.00000	-637.16400	0.00000	-0.34034
-81766.55176	58119.34608	137.00000	100221.96300	-142.52576	0.00000	-0.04028	100220.00000	-637.28279	0.00000	-0.34028
-81782.86668	58130.91490	137.00000	100241.96335	-142.53981	0.00000	-0.04022	100240.00000	-637.40156	0.00000	-0.34022
-81799.18160	58142.48370	137.00000	100261.96369	-142.55384	0.00000	-0.04017	100260.00000	-637.52031	0.00000	-0.34017
-81815.49654	58154.05249	137.00000	100281.96404	-142.56785	0.00000	-0.04011	100280.00000	-637.63904	0.00000	-0.34011
-81831.81150	58165.62126	137.00000	100301.96439	-142.58184	0.00000	-0.04005	100300.00000	-637.75775	0.00000	-0.34005
-81848.12646	58177.19001	137.00000	100321.96474	-142.59580	0.00000	-0.03999	100320.00000	-637.87644	0.00000	-0.33999
-81864.44143	58188.75875	137.00000	100341.96508	-142.60975	0.00000	-0.03994	100340.00000	-637.99511	0.00000	-0.33994
-81880.75642	58200.32747	137.00000	100361.96543	-142.62368	0.00000	-0.03988	100360.00000	-638.11376	0.00000	-0.33988
-81897.07142	58211.89618	137.00000	100381.96578	-142.63759	0.00000	-0.03982	100380.00000	-638.23239	0.00000	-0.33982
-81913.38643	58223.46486	137.00000	100401.96612	-142.65148	0.00000	-0.03976	100400.00000	-638.35100	0.00000	-0.33976
-81929.70145	58235.03354	137.00000	100421.96647	-142.66535	0.00000	-0.03971	100420.00000	-638.46959	0.00000	-0.33971
-81946.01648	58246.60219	137.00000	100441.96682	-142.67920	0.00000	-0.03965	100440.00000	-638.58816	0.00000	-0.33965
-81962.33152	58258.17083	137.00000	100461.96716	-142.69303	0.00000	-0.03959	100460.00000	-638.70671	0.00000	-0.33959
-81978.64658	58269.73945	137.00000	100481.96751	-142.70684	0.00000	-0.03953	100480.00000	-638.82524	0.00000	-0.33953
-81994.96164	58281.30806	137.00000	100501.96786	-142.72063	0.00000	-0.03948	100500.00000	-638.94375	0.00000	-0.33948
-82011.27672	58292.87665	137.00000	100521.96820	-142.73440	0.00000	-0.03942	100520.00000	-639.06224	0.00000	-0.33942
-82027.59181	58304.44522	137.00000	100541.96855	-142.74814	0.00000	-0.03936	100540.00000	-639.18071	0.00000	-0.33936
-82043.90691	58316.01378	137.00000	100561.96890	-142.76187	0.00000	-0.03931	100560.00000	-639.29916	0.00000	-0.33931
-82060.22202	58327.58232	137.00000	100581.96924	-142.77558	0.00000	-0.03925	100580.00000	-639.41759	0.00000	-0.33925
-82076.53715	58339.15085	137.00000	100601.96959	-142.78927	0.00000	-0.03919	100600.00000	-639.53600	0.00000	-0.33919
-82092.85228	58350.71935	137.00000	100621.96993	-142.80294	0.00000	-0.03913	100620.00000	-639.65439	0.00000	-0.33913
-82109.16743	58362.28785	137.00000	100641.97028	-142.81659	0.00000	-0.03908	100640.00000	-639.77276	0.00000	-0.33908
-82125.48259	58373.85632	137.00000	100661.97062	-142.83022	0.00000	-0.03902	100660.00000	-639.89111	0.00000	-0.33902
-82141.79776	58385.42478	137.00000	100681.97097	-142.84383	0.00000	-0.03896	100680.00000	-640.00944	0.00000	-0.33896
-82158.11294	58396.99322	137.00000	100701.97132	-142.85742	0.00000	-0.03890	100700.00000	-640.12775	0.00000	-0.33890
-82174.42813	58408.56165	137.00000	100721.97166	-142.87099	0.00000	-0.03885	100720.00000	-640.24604	0.00000	-0.33885
-82190.74333	58420.13006	137.00000	100741.97201	-142.88454	0.00000	-0.03879	100740.00000	-640.36431	0.00000	-0.33879
-82207.05855	58431.69845	137.00000	100761.97235	-142.89806	0.00000	-0.03873	100760.00000	-640.48256	0.00000	-0.33873
-82223.37378	58443.26683	137.00000	100781.97270	-142.91157	0.00000	-0.03868	100780.00000	-640.60079	0.00000	-0.33868
-82239.68901	58454.83519	137.00000	100801.97304	-142.92506	0.00000	-0.03862	100800.00000	-640.71900	0.00000	-0.33862
-82256.00426	58466.40353	137.00000	100821.97338	-142.93853	0.00000	-0.03856	100820.00000	-640.83719	0.00000	-0.33856
-82272.31953	58477.97186	137.00000	100841.97373	-142.95198	0.00000	-0.03850	100840.00000	-640.95536	0.00000	-0.33850
-82288.63480	58489.54017	137.00000	100861.97407	-142.96541	0.00000	-0.03845	100860.00000	-641.07351	0.00000	-0.33845
-82304.95008	58501.10847	137.00000	100881.97442	-142.97882	0.00000	-0.03839	100880.00000	-641.19164	0.00000	-0.33839
-82321.26538	58512.67675	137.00000	100901.97476	-142.99221	0.00000	-0.03833	100900.00000	-641.30975	0.00000	-0.33833
-82337.58069	58524.24501	137.00000	100921.97511	-143.00558	0.00000	-0.03827	100920.00000	-641.42784	0.00000	-0.33827
-82353.89600	58535.81326	137.00000	100941.97545	-143.01893	0.00000	-0.03822	100940.00000	-641.54591	0.00000	-0.33822
-82370.21134	58547.38149	137.00000	100961.97579	-143.03226	0.00000	-0.03816	100960.00000	-641.66396	0.00000	-0.33816
-82386.52668	58558.94970	137.00000	100981.97614	-143.04556	0.00000	-0.03810	100980.00000	-641.78199	0.00000	-0.33810
-82402.84203	58570.51790	137.00000	101001.97648	-143.05885	0.00000	-0.03805	101000.00000	-641.90000	0.00000	-0.33805
-82419.15739	58582.08608	137.00000	101021.97683	-143.07212	0.00000	-0.03799	101020.00000	-642.01799	0.00000	-0.33799
-82435.47277	58593.65424	137.00000	101041.97717	-143.08537	0.00000	-0.03793	101040.00000	-642.13596	0.00000	-0.33793
-82451.78816	58605.22239	137.00000	101061.97751	-143.09860	0.00000	-0.03787	101060.00000	-642.25391	0.00000	-0.33787
-82468.10356	58616.79052	137.00000	101081.97786	-143.11181	0.00000	-0.03782	101080.00000	-642.37184	0.00000	-0.33782
-82484.41897	58628.35863	137.00000	101101.97820	-143.12500	0.00000	-0.03776	101100.00000	-642.48975	0.00000	-0.33776
-82500.73439	58639.92673	137.00000	101121.97854	-143.13817	0.00000	-0.03770	101120.00000	-642.60764	0.00000	-0.33770
-82517.04982	58651.49482	137.00000	101141.97889	-143.15132	0.00000	-0.03764	101140.00000	-642.72551	0.00000	-0.33764
-82533.36527	58663.06288	137.00000	101161.97923	-143.16445	0.00000	-0.03759	101160.00000	-642.84336	0.00000	-0.33759
-82549.68072	58674.63093	137.00000	101181.97957	-143.17756	0.00000	-0.03753	101180.00000	-642.96119	0.00000	-0.33753
-82565.99619	58686.19896	137.00000	101201.97991	-143.19065	0.00000	-0.03747	101200.00000	-643.07900	0.00000	-0.33747
-82582.31167	58697.76698	137.00000	101221.98026	-143.20371	0.00000	-0.03741	101220.00000	-643.19679	0.00000	-0.33741
-82598.62716	58709.33498	137.00000	101241.98060	-143.21676	0.00000	-0.03736	101240.00000	-643.31456	0.00000	-0.33736
-82614.94266	58720.90296	137.00000	101261.98094	-143.22979	0.00000	-0.03730	101260.00000	-643.43231	0.00000	-0.33730
-82631.25818	58732.47093	137.00000	101281.98128	-143.24280	0.00000	-0.03724	101280.00000	-643.55004	0.00000	-0.33724
-82647.57370	58744.03888	137.00000	101301.98163	-143.25579	0.00000	-0.03719	101300.00000	-643.66775	0.00000	-0.33719
-82663.88924	58755.60682	137.00000	101321.98197	-143.26876	0.00000	-0.03713	101320.00000	-643.78544	0.00000	-0.33713
-82680.20479	58767.17474	137.00000	101341.98231	-143.28171	0.00000	-0.03707	101340.00000	-643.90311	0.00000	-0.33707
-82696.52035	58778.74264	137.00000	101361.98265	-143.29464	0.00000	-0.03701	101360.00000	-644.02076	0.00000	-0.33701
-82712.83592	58790.31052	137.00000	101381.98299	-143.30755	0.00000	-0.03696	101380.00000	-644.13839	0.00000	-0.33696
-82729.15150	58801.87839	137.00000	101401.98334	-143.32044	0.00000	-0.03690	101400.00000	-644.25600	0.00000	-0.33690
-82745.46710	58813.44625	137.00000	101421.98368	-143.33331	0.00000	-0.03684	101420.00000	-644.37359	0.00000	-0.33684
-82761.78270	58825.01408	137.00000	101441.98402	-143.34615	0.00000	-0.03678	101440.00000	-644.49116	0.00000	-0.33678
-82778.09832	58836.58190	137.00000	101461.98436	-143.35898	0.00000	-0.03673	101460.00000	-644.60871	0.00000	-0.33673
-82794.41395	58848.14971	137.00000	101481.98470	-143.37179	0.00000	-0.03667	101480.00000	-644.72624	0.00000	-0.33667
-82810.72959	58859.71749	137.00000	101501.98504	-143.38458	0.00000	-0.03661	101500.00000	-644.84375	0.00000	-0.33661
-82827.04524	58871.28526	137.00000	101521.98538	-143.39735	0.00000	-0.03656	101520.00000	-644.96124	0.00000	-0.33656
-82843.36090	58882.85302	137.00000	101541.98572	-143.41010	0.00000	-0.03650	101540.00000	-645.07871	0.00000	-0.33650
-82859.67658	58894.42076	137.00000	101561.98606	-143.42283	0.00000	-0.03644	101560.00000	-645.19616	0.00000	-0.33644
-82875.99226	58905.98848	137.00000	101581.98641	-143.43554	0.00000	-0.03638	101580.00000	-645.31359	0.00000	-0.33638
-82892.30796	58917.55618	137.00000	101601.98675	-143.44823	0.00000	-0.03633	101600.00000	-645.43100	0.00000	-0.33633
-82908.62367	58929.12387	137.00000	101621.98709	-143.46090	0.00000	-0.03627	101620.00000	-645.54839	0.00000	-0.33627
-82924.93939	58940.69155	137.00000	101641.98743	-143.47355	0.00000	-0.03621	101640.00000	-645.66576	0.00000	-0.33621
-82941.25512	58952.25920	137.00000	101661.98777	-143.48617	0.00000	-0.03615	101660.00000	-645.78311	0.00000	-0.33615
-82957.57086	58963.82684	137.00000	101681.98811	-143.49878	0.00000	-0.03610	101680.00000	-645.90044	0.00000	-0.33610
-82973.88662	58975.39447	137.00000	101701.98845	-143.51137	0.00000	-0.03604	101700.00000	-646.01775	0.00000	-0.33604
-82990.20238	58986.96207	137.00000	101721.98879	-143.52394	0.00000	-0.03598	101720.00000	-646.13504	0.00000	-0.33598
-83006.51816	58998.52966	137.00000	101741.98913	-143.53649	0.00000	-0.03593	101740.00000	-646.25231	0.00000	-0.33593
-83022.83395	59010.09724	137.00000	101761.98947	-143.54902	0.00000	-0.03587	101760.00000	-646.36956	0.00000	-0.33587
-83039.14975	59021.66480	137.00000	101781.98981	-143.56153	0.00000	-0.03581	101780.00000	-646.48679	0.00000	-0.33581
-83055.46556	59033.23234	137.00000	101801.99015	-143.57402	0.00000	-0.03575	101800.00000	-646.60400	0.00000	-0.33575
-83071.78139	59044.79986	137.00000	101821.99049	-143.58649	0.00000	-0.03570	101820.00000	-646.72119	0.00000	-0.33570
-83088.09722	59056.36737	137.00000	101841.99082	-143.59894	0.00000	-0.03564	101840.00000	-646.83836	0.00000	-0.33564
-83104.41307	59067.93486	137.00000	101861.99116	-143.61137	0.00000	-0.03558	101860.00000	-646.95551	0.00000	-0.33558
-83120.72892	59079.50234	137.00000	101881.99150	-143.62377	0.00000	-0.03552	101880.00000	-647.07264	0.00000	-0.33552
-83137.04479	59091.06980	137.00000	101901.99184	-143.63616	0.00000	-0.03547	101900.00000	-647.18975	0.00000	-0.33547
-83153.36067	59102.63724	137.00000	101921.99218	-143.64853	0.00000	-0.03541	101920.00000	-647.30684	0.00000	-0.33541
-83169.67657	59114.20467	137.00000	101941.99252	-143.66088	0.00000	-0.03535	101940.00000	-647.42391	0.00000	-0.33535
-83185.99247	59125.77208	137.00000	101961.99286	-143.67321	0.00000	-0.03529	101960.00000	-647.54096	0.00000	-0.33529
-83202.30839	59137.33947	137.00000	101981.99320	-143.68552	0.00000	-0.03524	101980.00000	-647.65799	0.00000	-0.33524
-83218.62431	59148.90685	137.00000	102001.99354	-143.69781	0.00000	-0.03518	102000.00000	-647.77500	0.00000	-0.33518
-83234.94025	59160.47421	137.00000	102021.99387	-143.71008	0.00000	-0.03512	102020.00000	-647.89199	0.00000	-0.33512
-83251.25620	59172.04156	137.00000	102041.99421	-143.72233	0.00000	-0.03507	102040.00000	-648.00896	0.00000	-0.33507
-83267.57216	59183.60889	137.00000	102061.99455	-143.73456	0.00000	-0.03501	102060.00000	-648.12591	0.00000	-0.33501
-83283.88813	59195.17620	137.00000	102081.99489	-143.74677	0.00000	-0.03495	102080.00000	-648.24284	0.00000	-0.33495
-83300.20412	59206.74349	137.00000	102101.99523	-143.75896	0.00000	-0.03489	102100.00000	-648.35975	0.00000	-0.33489
-83316.52011	59218.31077	137.00000	102121.99556	-143.77112	0.00000	-0.03484	102120.00000	-648.47664	0.00000	-0.33484
-83332.83612	59229.87804	137.00000	102141.99590	-143.78327	0.00000	-0.03478	102140.00000	-648.59351	0.00000	-0.33478
-83349.15214	59241.44528	137.00000	102161.99624	-143.79540	0.00000	-0.03472	102160.00000	-648.71036	0.00000	-0.33472
-83365.46817	59253.01251	137.00000	102181.99658	-143.80751	0.00000	-0.03466	102180.00000	-648.82719	0.00000	-0.33466
-83381.78421	59264.57973	137.00000	102201.99691	-143.81960	0.00000	-0.03461	102200.00000	-648.94400	0.00000	-0.33461
-83398.10026	59276.14692	137.00000	102221.99725	-143.83167	0.00000	-0.03455	102220.00000	-649.06079	0.00000	-0.33455
-83414.41633	59287.71411	137.00000	102241.99759	-143.84372	0.00000	-0.03449	102240.00000	-649.17756	0.00000	-0.33449
-83430.73240	59299.28127	137.00000	102261.99793	-143.85575	0.00000	-0.03444	102260.00000	-649.29431	0.00000	-0.33444
-83447.04849	59310.84842	137.00000	102281.99826	-143.86776	0.00000	-0.03438	102280.00000	-649.41104	0.00000	-0.33438
-83463.36459	59322.41555	137.00000	102301.99860	-143.87975	0.00000	-0.03432	102300.00000	-649.52775	0.00000	-0.33432
-83479.68070	59333.98267	137.00000	102321.99894	-143.89172	0.00000	-0.03426	102320.00000	-649.64444	0.00000	-0.33426
-83495.99682	59345.54977	137.00000	102341.99927	-143.90366	0.00000	-0.03421	102340.00000	-649.76111	0.00000	-0.33421
-83512.31296	59357.11685	137.00000	102361.99961	-143.91559	0.00000	-0.03415	102360.00000	-649.87776	0.00000	-0.33415
-83528.62910	59368.68391	137.00000	102381.99995	-143.92750	0.00000	-0.03409	102380.00000	-649.99439	0.00000	-0.33409
-83544.94526	59380.25096	137.00000	102402.00028	-143.93939	0.00000	-0.03403	102400.00000	-650.11100	0.00000	-0.33403
-83561.26142	59391.81800	137.00000	102422.00062	-143.95126	0.00000	-0.03398	102420.00000	-650.22759	0.00000	-0.33398
-83577.57760	59403.38502	137.00000	102442.00096	-143.96311	0.00000	-0.03392	102440.00000	-650.34416	0.00000	-0.33392
-83593.89379	59414.95202	137.00000	102462.00129	-143.97494	0.00000	-0.03386	102460.00000	-650.46071	0.00000	-0.33386
-83610.21000	59426.51900	137.00000	102482.00163	-143.98675	0.00000	-0.03381	102480.00000	-650.57724	0.00000	-0.33381
-83626.52621	59438.08597	137.00000	102502.00196	-143.99854	0.00000	-0.03375	102500.00000	-650.69375	0.00000	-0.33375
-83642.84243	59449.65292	137.00000	102522.00230	-144.01031	0.00000	-0.03369	102520.00000	-650.81024	0.00000	-0.33369
-83659.15867	59461.21986	137.00000	102542.00264	-144.02206	0.00000	-0.03363	102540.00000	-650.92671	0.00000	-0.33363
-83675.47492	59472.78678	137.00000	102562.00297	-144.03379	0.00000	-0.03358	102560.00000	-651.04316	0.00000	-0.33358
-83691.79118	59484.35368	137.00000	102582.00331	-144.04549	0.00000	-0.03352	102580.00000	-651.15959	0.00000	-0.33352
-83708.10745	59495.92056	137.00000	102602.00364	-144.05718	0.00000	-0.03346	102600.00000	-651.27600	0.00000	-0.33346
-83724.42373	59507.48743	137.00000	102622.00398	-144.06885	0.00000	-0.03340	102620.00000	-651.39239	0.00000	-0.33340
-83740.74002	59519.05429	137.00000	102642.00431	-144.08050	0.00000	-0.03335	102640.00000	-651.50876	0.00000	-0.33335
-83757.05633	59530.62112	137.00000	102662.00465	-144.09213	0.00000	-0.03329	102660.00000	-651.62511	0.00000	-0.33329
-83773.37265	59542.18795	137.00000	102682.00498	-144.10374	0.00000	-0.03323	102680.00000	-651.74144	0.00000	-0.33323
-83789.68897	59553.75475	137.00000	102702.00532	-144.11533	0.00000	-0.03317	102700.00000	-651.85775	0.00000	-0.33317
-83806.00531	59565.32154	137.00000	102722.00565	-144.12690	0.00000	-0.03312	102720.00000	-651.97404	0.00000	-0.33312
-83822.32167	59576.88831	137.00000	102742.00599	-144.13845	0.00000	-0.03306	102740.00000	-652.09031	0.00000	-0.33306
-83838.63803	59588.45506	137.00000	102762.00632	-144.14998	0.00000	-0.03300	102760.00000	-652.20656	0.00000	-0.33300
-83854.95440	59600.02180	137.00000	102782.00666	-144.16149	0.00000	-0.03295	102780.00000	-652.32279	0.00000	-0.33295
-83871.27079	59611.58853	137.00000	102802.00699	-144.17297	0.00000	-0.03289	102800.00000	-652.43900	0.00000	-0.33289
-83887.58718	59623.15523	137.00000	102822.00732	-144.18444	0.00000	-0.03283	102820.00000	-652.55519	0.00000	-0.33283
-83903.90359	59634.72192	137.00000	102842.00766	-144.19589	0.00000	-0.03277	102840.00000	-652.67136	0.00000	-0.33277
-83920.22001	59646.28859	137.00000	102862.00799	-144.20732	0.00000	-0.03272	102860.00000	-652.78751	0.00000	-0.33272
-83936.53644	59657.85525	137.00000	102882.00833	-144.21873	0.00000	-0.03266	102880.00000	-652.90364	0.00000	-0.33266
-83952.85289	59669.42189	137.00000	102902.00866	-144.23012	0.00000	-0.03260	102900.00000	-653.01975	0.00000	-0.33260
-83969.16934	59680.98852	137.00000	102922.00899	-144.24149	0.00000	-0.03254	102920.00000	-653.13584	0.00000	-0.33254
-83985.48581	59692.55512	137.00000	102942.00933	-144.25284	0.00000	-0.03249	102940.00000	-653.25191	0.00000	-0.33249
-84001.80229	59704.12171	137.00000	102962.00966	-144.26417	0.00000	-0.03243	102960.00000	-653.36796	0.00000	-0.33243
-84018.11877	59715.68829	137.00000	102982.00999	-144.27548	0.00000	-0.03237	102980.00000	-653.48399	0.00000	-0.33237
-84034.43527	59727.25485	137.00000	103002.01033	-144.28677	0.00000	-0.03232	103000.00000	-653.60000	0.00000	-0.33232
-84050.75179	59738.82139	137.00000	103022.01066	-144.29804	0.00000	-0.03226	103020.00000	-653.71599	0.00000	-0.33226
-84067.06831	59750.38792	137.00000	103042.01099	-144.30928	0.00000	-0.03220	103040.00000	-653.83196	0.00000	-0.33220
-84083.38484	59761.95443	137.00000	103062.01133	-144.32051	0.00000	-0.03214	103060.00000	-653.94791	0.00000	-0.33214
-84099.70139	59773.52092	137.00000	103082.01166	-144.33172	0.00000	-0.03209	103080.00000	-654.06384	0.00000	-0.33209
-84116.01795	59785.08740	137.00000	103102.01199	-144.34291	0.00000	-0.03203	103100.00000	-654.17975	0.00000	-0.33203
-84132.33452	59796.65386	137.00000	103122.01232	-144.35408	0.00000	-0.03197	103120.00000	-654.29564	0.00000	-0.33197
-84148.65110	59808.22030	137.00000	103142.01266	-144.36523	0.00000	-0.03191	103140.00000	-654.41151	0.00000	-0.33191
-84164.96769	59819.78673	137.00000	103162.01299	-144.37636	0.00000	-0.03186	103160.00000	-654.52736	0.00000	-0.33186
-84181.28429	59831.35314	137.00000	103182.01332	-144.38747	0.00000	-0.03180	103180.00000	-654.64319	0.00000	-0.33180
-84197.60091	59842.91953	137.00000	103202.01365	-144.39856	0.00000	-0.03174	103200.00000	-654.75900	0.00000	-0.33174
-84213.91753	59854.48591	137.00000	103222.01399	-144.40963	0.00000	-0.03169	103220.00000	-654.87479	0.00000	-0.33169
-84230.23417	59866.05227	137.00000	103242.01432	-144.42068	0.00000	-0.03163	103240.00000	-654.99056	0.00000	-0.33163
-84246.55082	59877.61862	137.00000	103262.01465	-144.43170	0.00000	-0.03157	103260.00000	-655.10631	0.00000	-0.33157
-84262.86748	59889.18495	137.00000	103282.01498	-144.44271	0.00000	-0.03151	103280.00000	-655.22204	0.00000	-0.33151
-84279.18416	59900.75126	137.00000	103302.01531	-144.45370	0.00000	-0.03146	103300.00000	-655.33775	0.00000	-0.33146
-84295.50084	59912.31756	137.00000	103322.01565	-144.46467	0.00000	-0.03140	103320.00000	-655.45344	0.00000	-0.33140
-84311.81753	59923.88384	137.00000	103342.01598	-144.47562	0.00000	-0.03134	103340.00000	-655.56911	0.00000	-0.33134
-84328.13424	59935.45010	137.00000	103362.01631	-144.48655	0.00000	-0.03128	103360.00000	-655.68476	0.00000	-0.33128
-84344.45096	59947.01635	137.00000	103382.01664	-144.49746	0.00000	-0.03123	103380.00000	-655.80039	0.00000	-0.33123
-84360.76769	59958.58258	137.00000	103402.01697	-144.50835	0.00000	-0.03117	103400.00000	-655.91600	0.00000	-0.33117
-84377.08443	59970.14879	137.00000	103422.01730	-144.51922	0.00000	-0.03111	103420.00000	-656.03159	0.00000	-0.33111
-84393.40118	59981.71499	137.00000	103442.01763	-144.53007	0.00000	-0.03106	103440.00000	-656.14716	0.00000	-0.33106
-84409.71795	59993.28117	137.00000	103462.01796	-144.54090	0.00000	-0.03100	103460.00000	-656.26271	0.00000	-0.33100
-84426.03472	60004.84734	137.00000	103482.01829	-144.55171	0.00000	-0.03094	103480.00000	-656.37824	0.00000	-0.33094
-84442.35151	60016.41349	137.00000	103502.01863	-144.56249	0.00000	-0.03088	103500.00000	-656.49375	0.00000	-0.33088
-84458.66831	60027.97962	137.00000	103522.01896	-144.57326	0.00000	-0.03083	103520.00000	-656.60924	0.00000	-0.33083
-84474.98512	60039.54574	137.00000	103542.01929	-144.58401	0.00000	-0.03077	103540.00000	-656.72471	0.00000	-0.33077
-84491.30194	60051.11184	137.00000	103562.01962	-144.59474	0.00000	-0.03071	103560.00000	-656.84016	0.00000	-0.33071
-84507.61877	60062.67792	137.00000	103582.01995	-144.60545	0.00000	-0.03065	103580.00000	-656.95559	0.00000	-0.33065
-84523.93562	60074.24399	137.00000	103602.02028	-144.61614	0.00000	-0.03060	103600.00000	-657.07100	0.00000	-0.33060
-84540.25247	60085.81004	137.00000	103622.02061	-144.62681	0.00000	-0.03054	103620.00000	-657.18639	0.00000	-0.33054
-84556.56934	60097.37607	137.00000	103642.02094	-144.63746	0.00000	-0.03048	103640.00000	-657.30176	0.00000	-0.33048
-84572.88622	60108.94209	137.00000	103662.02127	-144.64809	0.00000	-0.03042	103660.00000	-657.41711	0.00000	-0.33042
-84589.20311	60120.50809	137.00000	103682.02160	-144.65870	0.00000	-0.03037	103680.00000	-657.53244	0.00000	-0.33037
-84605.52001	60132.07408	137.00000	103702.02193	-144.66929	0.00000	-0.03031	103700.00000	-657.64775	0.00000	-0.33031
-84621.83692	60143.64004	137.00000	103722.02226	-144.67985	0.00000	-0.03025	103720.00000	-657.76304	0.00000	-0.33025
-84638.15385	60155.20600	137.00000	103742.02258	-144.69040	0.00000	-0.03020	103740.00000	-657.87831	0.00000	-0.33020
-84654.47079	60166.77193	137.00000	103762.02291	-144.70093	0.00000	-0.03014	103760.00000	-657.99356	0.00000	-0.33014
-84670.78773	60178.33785	137.00000	103782.02324	-144.71144	0.00000	-0.03008	103780.00000	-658.10879	0.00000	-0.33008
-84687.10469	60189.90376	137.00000	103802.02357	-144.72193	0.00000	-0.03002	103800.00000	-658.22400	0.00000	-0.33002
-84703.42166	60201.46964	137.00000	103822.02390	-144.73240	0.00000	-0.02997	103820.00000	-658.33919	0.00000	-0.32997
-84719.73864	60213.03551	137.00000	103842.02423	-144.74285	0.00000	-0.02991	103840.00000	-658.45436	0.00000	-0.32991
-84736.05564	60224.60137	137.00000	103862.02456	-144.75328	0.00000	-0.02985	103860.00000	-658.56951	0.00000	-0.32985
-84752.37264	60236.16721	137.00000	103882.02489	-144.76369	0.00000	-0.02979	103880.00000	-658.68464	0.00000	-0.32979
-84768.68966	60247.73303	137.00000	103902.02522	-144.77408	0.00000	-0.02974	103900.00000	-658.79975	0.00000	-0.32974
-84785.00669	60259.29883	137.00000	103922.02554	-144.78445	0.00000	-0.02968	103920.00000	-658.91484	0.00000	-0.32968
-84801.32373	60270.86462	137.00000	103942.02587	-144.79480	0.00000	-0.02962	103940.00000	-659.02991	0.00000	-0.32962
-84817.64078	60282.43039	137.00000	103962.02620	-144.80512	0.00000	-0.02957	103960.00000	-659.14496	0.00000	-0.32957
-84833.95784	60293.99615	137.00000	103982.02653	-144.81543	0.00000	-0.02951	103980.00000	-659.25999	0.00000	-0.32951
-84850.27491	60305.56189	137.00000	104002.02686	-144.82572	0.00000	-0.02945	104000.00000	-659.37500	0.00000	-0.32945
-84866.59200	60317.12761	137.00000	104022.02719	-144.83599	0.00000	-0.02939	104020.00000	-659.48999	0.00000	-0.32939
-84882.90910	60328.69332	137.00000	104042.02751	-144.84624	0.00000	-0.02934	104040.00000	-659.60496	0.00000	-0.32934
-84899.22621	60340.25901	137.00000	104062.02784	-144.85647	0.00000	-0.02928	104060.00000	-659.71991	0.00000	-0.32928
-84915.54332	60351.82468	137.00000	104082.02817	-144.86668	0.00000	-0.02922	104080.00000	-659.83484	0.00000	-0.32922
-84931.86046	60363.39034	137.00000	104102.02850	-144.87687	0.00000	-0.02916	104100.00000	-659.94975	0.00000	-0.32916
-84948.17760	60374.95598	137.00000	104122.02882	-144.88704	0.00000	-0.02911	104120.00000	-660.06464	0.00000	-0.32911
-84964.49475	60386.52160	137.00000	104142.02915	-144.89719	0.00000	-0.02905	104140.00000	-660.17951	0.00000	-0.32905
-84980.81192	60398.08721	137.00000	104162.02948	-144.90732	0.00000	-0.02899	104160.00000	-660.29436	0.00000	-0.32899
-84997.12910	60409.65280	137.00000	104182.02980	-144.91743	0.00000	-0.02894	104180.00000	-660.40919	0.00000	-0.32894
-85013.44628	60421.21838	137.00000	104202.03013	-144.92751	0.00000	-0.02888	104200.00000	-660.52400	0.00000	-0.32888
-85029.76348	60432.78394	137.00000	104222.03046	-144.93758	0.00000	-0.02882	104220.00000	-660.63879	0.00000	-0.32882
-85046.08070	60444.34948	137.00000	104242.03079	-144.94763	0.00000	-0.02876	104240.00000	-660.75356	0.00000	-0.32876
-85062.39792	60455.91501	137.00000	104262.03111	-144.95766	0.00000	-0.02871	104260.00000	-660.86831	0.00000	-0.32871
-85078.71515	60467.48052	137.00000	104282.03144	-144.96767	0.00000	-0.02865	104280.00000	-660.98304	0.00000	-0.32865
-85095.03240	60479.04601	137.00000	104302.03177	-144.97766	0.00000	-0.02859	104300.00000	-661.09775	0.00000	-0.32859
-85111.34966	60490.61149	137.00000	104322.03209	-144.98763	0.00000	-0.02853	104320.00000	-661.21244	0.00000	-0.32853
-85127.66693	60502.17695	137.00000	104342.03242	-144.99758	0.00000	-0.02848	104340.00000	-661.32711	0.00000	-0.32848
-85143.98421	60513.74240	137.00000	104362.03274	-145.00751	0.00000	-0.02842	104360.00000	-661.44176	0.00000	-0.32842
-85160.30150	60525.30782	137.00000	104382.03307	-145.01742	0.00000	-0.02836	104380.00000	-661.55639	0.00000	-0.32836
-85176.61880	60536.87324	137.00000	104402.03340	-145.02731	0.00000	-0.02830	104400.00000	-661.67100	0.00000	-0.32830
-85192.93612	60548.43863	137.00000	104422.03372	-145.03718	0.00000	-0.02825	104420.00000	-661.78559	0.00000	-0.32825
-85209.25344	60560.00401	137.00000	104442.03405	-145.04702	0.00000	-0.02819	104440.00000	-661.90016	0.00000	-0.32819
-85225.57078	60571.56937	137.00000	104462.03437	-145.05685	0.00000	-0.02813	104460.00000	-662.01471	0.00000	-0.32813
-85241.88813	60583.13472	137.00000	104482.03470	-145.06666	0.00000	-0.02808	104480.00000	-662.12924	0.00000	-0.32808
-85258.20549	60594.70005	137.00000	104502.03502	-145.07645	0.00000	-0.02802	104500.00000	-662.24375	0.00000	-0.32802
-85274.52286	60606.26536	137.00000	104522.03535	-145.08622	0.00000	-0.02796	104520.00000	-662.35824	0.00000	-0.32796
-85290.84025	60617.83066	137.00000	104542.03567	-145.09597	0.00000	-0.02790	104540.00000	-662.47271	0.00000	-0.32790
-85307.15764	60629.39594	137.00000	104562.03600	-145.10570	0.00000	-0.02785	104560.00000	-662.58716	0.00000	-0.32785
-85323.47505	60640.96120	137.00000	104582.03632	-145.11541	0.00000	-0.02779	104580.00000	-662.70159	0.00000	-0.32779
-85339.79246	60652.52645	137.00000	104602.03665	-145.12510	0.00000	-0.02773	104600.00000	-662.81600	0.00000	-0.32773
-85356.10989	60664.09168	137.00000	104622.03697	-145.13477	0.00000	-0.02767	104620.00000	-662.93039	0.00000	-0.32767
-85372.42734	60675.65690	137.00000	104642.03730	-145.14442	0.00000	-0.02762	104640.00000	-663.04476	0.00000	-0.32762
-85388.74479	60687.22210	137.00000	104662.03762	-145.15404	0.00000	-0.02756	104660.00000	-663.15911	0.00000	-0.32756
-85405.06225	60698.78728	137.00000	104682.03795	-145.16365	0.00000	-0.02750	104680.00000	-663.27344	0.00000	-0.32750
-85421.37973	60710.35245	137.00000	104702.03827	-145.17324	0.00000	-0.02745	104700.00000	-663.38775	0.00000	-0.32745
-85437.69721	60721.91759	137.00000	104722.03860	-145.18281	0.00000	-0.02739	104720.00000	-663.50204	0.00000	-0.32739
-85454.01471	60733.48273	137.00000	104742.03892	-145.19236	0.00000	-0.02733	104740.00000	-663.61631	0.00000	-0.32733
-85470.33222	60745.04784	137.00000	104762.03925	-145.20189	0.00000	-0.02727	104760.00000	-663.73056	0.00000	-0.32727
-85486.64974	60756.61295	137.00000	104782.03957	-145.21140	0.00000	-0.02722	104780.00000	-663.84479	0.00000	-0.32722
-85502.96728	60768.17803	137.00000	104802.03989	-145.22089	0.00000	-0.02716	104800.00000	-663.95900	0.00000	-0.32716
-85519.28482	60779.74310	137.00000	104822.04022	-145.23036	0.00000	-0.02710	104820.00000	-664.07319	0.00000	-0.32710
-85535.60238	60791.30815	137.00000	104842.04054	-145.23981	0.00000	-0.02704	104840.00000	-664.18736	0.00000	-0.32704
-85551.91994	60802.87318	137.00000	104862.04086	-145.24924	0.00000	-0.02699	104860.00000	-664.30151	0.00000	-0.32699
-85568.23752	60814.43820	137.00000	104882.04119	-145.25865	0.00000	-0.02693	104880.00000	-664.41564	0.00000	-0.32693
-85584.55511	60826.00320	137.00000	104902.04151	-145.26803	0.00000	-0.02687	104900.00000	-664.52975	0.00000	-0.32687
-85600.87271	60837.56819	137.00000	104922.04183	-145.27740	0.00000	-0.02682	104920.00000	-664.64384	0.00000	-0.32682
-85617.19033	60849.13316	137.00000	104942.04216	-145.28675	0.00000	-0.02676	104940.00000	-664.75791	0.00000	-0.32676
-85633.50795	60860.69811	137.00000	104962.04248	-145.29608	0.00000	-0.02670	104960.00000	-664.87196	0.00000	-0.32670
-85649.82559	60872.26305	137.00000	104982.04280	-145.30539	0.00000	-0.02664	104980.00000	-664.98599	0.00000	-0.32664
-85666.14323	60883.82797	137.00000	105002.04313	-145.31468	0.00000	-0.02659	105000.00000	-665.10000	0.00000	-0.32659
-85682.46089	60895.39287	137.00000	105022.04345	-145.32395	0.00000	-0.02653	105020.00000	-665.21399	0.00000	-0.32653
-85698.77856	60906.95776	137.00000	105042.04377	-145.33320	0.00000	-0.02647	105040.00000	-665.32796	0.00000	-0.32647
-85715.09624	60918.52263	137.00000	105062.04409	-145.34243	0.00000	-0.02641	105060.00000	-665.44191	0.00000	-0.32641
-85731.41394	60930.08749	137.00000	105082.04442	-145.35164	0.00000	-0.02636	105080.00000	-665.55584	0.00000	-0.32636
-85747.73164	60941.65232	137.00000	105102.04474	-145.36083	0.00000	-0.02630	105100.00000	-665.66975	0.00000	-0.32630
-85764.04936	60953.21715	137.00000	105122.04506	-145.37000	0.00000	-0.02624	105120.00000	-665.78364	0.00000	-0.32624
-85780.36709	60964.78195	137.00000	105142.04538	-145.37914	0.00000	-0.02618	105140.00000	-665.89751	0.00000	-0.32618
-85796.68483	60976.34674	137.00000	105162.04570	-145.38827	0.00000	-0.02613	105160.00000	-666.01136	0.00000	-0.32613
-85813.00258	60987.91151	137.00000	105182.04603	-145.39738	0.00000	-0.02607	105180.00000	-666.12519	0.00000	-0.32607
-85829.32034	60999.47627	137.00000	105202.04635	-145.40647	0.00000	-0.02601	105200.00000	-666.23900	0.00000	-0.32601
-85845.63811	61011.04101	137.00000	105222.04667	-145.41554	0.00000	-0.02596	105220.00000	-666.35279	0.00000	-0.32596
-85861.95590	61022.60573	137.00000	105242.04699	-145.42459	0.00000	-0.02590	105240.00000	-666.46656	0.00000	-0.32590
-85878.27369	61034.17044	137.00000	105262.04731	-145.43362	0.00000	-0.02584	105260.00000	-666.58031	0.00000	-0.32584
-85894.59150	61045.73513	137.00000	105282.04763	-145.44263	0.00000	-0.02578	105280.00000	-666.69404	0.00000	-0.32578
-85910.90932	61057.29981	137.00000	105302.04795	-145.45162	0.00000	-0.02573	105300.00000	-666.80775	0.00000	-0.32573
-85927.22715	61068.86447	137.00000	105322.04828	-145.46059	0.00000	-0.02567	105320.00000	-666.92144	0.00000	-0.32567
-85943.54500	61080.42911	137.00000	105342.04860	-145.46954	0.00000	-0.02561	105340.00000	-667.03511	0.00000	-0.32561
-85959.86285	61091.99373	137.00000	105362.04892	-145.47847	0.00000	-0.02555	105360.00000	-667.14876	0.00000	-0.32555
-85976.18071	61103.55834	137.00000	105382.04924	-145.48737	0.00000	-0.02550	105380.00000	-667.26239	0.00000	-0.32550
-85992.49859	61115.12293	137.00000	105402.04956	-145.49626	0.00000	-0.02544	105400.00000	-667.37600	0.00000	-0.32544
-86008.81648	61126.68751	137.00000	105422.04988	-145.50513	0.00000	-0.02538	105420.00000	-667.48959	0.00000	-0.32538
-86025.13438	61138.25207	137.00000	105442.05020	-145.51398	0.00000	-0.02533	105440.00000	-667.60316	0.00000	-0.32533
-86041.45229	61149.81661	137.00000	105462.05052	-145.52281	0.00000	-0.02527	105460.00000	-667.71671	0.00000	-0.32527
-86057.77021	61161.38114	137.00000	105482.05084	-145.53162	0.00000	-0.02521	105480.00000	-667.83024	0.00000	-0.32521
-86074.08815	61172.94565	137.00000	105502.05116	-145.54041	0.00000	-0.02515	105500.00000	-667.94375	0.00000	-0.32515
-86090.40609	61184.51015	137.00000	105522.05148	-145.54918	0.00000	-0.02510	105520.00000	-668.05724	0.00000	-0.32510
-86106.72405	61196.07462	137.00000	105542.05180	-145.55793	0.00000	-0.02504	105540.00000	-668.17071	0.00000	-0.32504
-86123.04202	61207.63908	137.00000	105562.05212	-145.56666	0.00000	-0.02498	105560.00000	-668.28416	0.00000	-0.32498
-86139.36000	61219.20353	137.00000	105582.05244	-145.57537	0.00000	-0.02492	105580.00000	-668.39759	0.00000	-0.32492
-86155.67799	61230.76796	137.00000	105602.05276	-145.58406	0.00000	-0.02487	105600.00000	-668.51100	0.00000	-0.32487
-86171.99599	61242.33237	137.00000	105622.05308	-145.59272	0.00000	-0.02481	105620.00000	-668.62439	0.00000	-0.32481
-86188.31401	61253.89677	137.00000	105642.05340	-145.60137	0.00000	-0.02475	105640.00000	-668.73776	0.00000	-0.32475
-86204.63203	61265.46115	137.00000	105662.05372	-145.61000	0.00000	-0.02470	105660.00000	-668.85111	0.00000	-0.32470
-86220.95007	61277.02551	137.00000	105682.05404	-145.61861	0.00000	-0.02464	105680.00000	-668.96444	0.00000	-0.32464
-86237.26812	61288.58986	137.00000	105702.05436	-145.62720	0.00000	-0.02458	105700.00000	-669.07775	0.00000	-0.32458
-86253.58618	61300.15419	137.00000	105722.05468	-145.63577	0.00000	-0.02452	105720.00000	-669.19104	0.00000	-0.32452
-86269.90425	61311.71850	137.00000	105742.05500	-145.64432	0.00000	-0.02447	105740.00000	-669.30431	0.00000	-0.32447
-86286.22234	61323.28280	137.00000	105762.05531	-145.65285	0.00000	-0.02441	105760.00000	-669.41756	0.00000	-0.32441
-86302.54043	61334.84708	137.00000	105782.05563	-145.66136	0.00000	-0.02435	105780.00000	-669.53079	0.00000	-0.32435
-86318.85854	61346.41135	137.00000	105802.05595	-145.66985	0.00000	-0.02429	105800.00000	-669.64400	0.00000	-0.32429
-86335.17666	61357.97559	137.00000	105822.05627	-145.67832	0.00000	-0.02424	105820.00000	-669.75719	0.00000	-0.32424
-86351.49478	61369.53983	137.00000	105842.05659	-145.68677	0.00000	-0.02418	105840.00000	-669.87036	0.00000	-0.32418
-86367.81293	61381.10404	137.00000	105862.05691	-145.69519	0.00000	-0.02412	105860.00000	-669.98351	0.00000	-0.32412
-86384.13108	61392.66824	137.00000	105882.05722	-145.70360	0.00000	-0.02406	105880.00000	-670.09664	0.00000	-0.32406
-86400.44924	61404.23242	137.00000	105902.05754	-145.71199	0.00000	-0.02401	105900.00000	-670.20975	0.00000	-0.32401
-86416.76742	61415.79659	137.00000	105922.05786	-145.72036	0.00000	-0.02395	105920.00000	-670.32284	0.00000	-0.32395
-86433.08560	61427.36074	137.00000	105942.05818	-145.72871	0.00000	-0.02389	105940.00000	-670.43591	0.00000	-0.32389
-86449.40380	61438.92487	137.00000	105962.05850	-145.73704	0.00000	-0.02384	105960.00000	-670.54896	0.00000	-0.32384
-86465.72201	61450.48899	137.00000	105982.05881	-145.74535	0.00000	-0.02378	105980.00000	-670.66199	0.00000	-0.32378
-86482.04023	61462.05309	137.00000	106002.05913	-145.75364	0.00000	-0.02372	106000.00000	-670.77500	0.00000	-0.32372
-86498.35846	61473.61718	137.00000	106022.05945	-145.76191	0.00000	-0.02366	106020.00000	-670.88799	0.00000	-0.32366
-86514.67671	61485.18125	137.00000	106042.05977	-145.77016	0.00000	-0.02361	106040.00000	-671.00096	0.00000	-0.32361
-86530.99496	61496.74530	137.00000	106062.06008	-145.77839	0.00000	-0.02355	106060.00000	-671.11391	0.00000	-0.32355
-86547.31323	61508.30933	137.00000	106082.06040	-145.78660	0.00000	-0.02349	106080.00000	-671.22684	0.00000	-0.32349
-86563.63151	61519.87335	137.00000	106102.06072	-145.79478	0.00000	-0.02343	106100.00000	-671.33975	0.00000	-0.32343
-86579.94980	61531.43736	137.00000	106122.06104	-145.80295	0.00000	-0.02338	106120.00000	-671.45264	0.00000	-0.32338
-86596.26810	61543.00134	137.00000	106142.06135	-145.81110	0.00000	-0.02332	106140.00000	-671.56551	0.00000	-0.32332
-86612.58641	61554.56531	137.00000	106162.06167	-145.81923	0.00000	-0.02326	106160.00000	-671.67836	0.00000	-0.32326
-86628.90474	61566.12927	137.00000	106182.06199	-145.82734	0.00000	-0.02321	106180.00000	-671.79119	0.00000	-0.32321
-86645.22307	61577.69320	137.00000	106202.06230	-145.83543	0.00000	-0.02315	106200.00000	-671.90400	0.00000	-0.32315
-86661.54142	61589.25712	137.00000	106222.06262	-145.84350	0.00000	-0.02309	106220.00000	-672.01679	0.00000	-0.32309
-86677.85978	61600.82103	137.00000	106242.06293	-145.85155	0.00000	-0.02303	106240.00000	-672.12956	0.00000	-0.32303
-86694.17815	61612.38492	137.00000	106262.06325	-145.85958	0.00000	-0.02298	106260.00000	-672.24231	0.00000	-0.32298
-86710.49653	61623.94879	137.00000	106282.06357	-145.86759	0.00000	-0.02292	106280.00000	-672.35504	0.00000	-0.32292
-86726.81492	61635.51264	137.00000	106302.06388	-145.87558	0.00000	-0.02286	106300.00000	-672.46775	0.00000	-0.32286
-86743.13333	61647.07648	137.00000	106322.06420	-145.88355	0.00000	-0.02280	106320.00000	-672.58044	0.00000	-0.32280
-86759.45174	61658.64031	137.00000	106342.06451	-145.89150	0.00000	-0.02275	106340.00000	-672.69311	0.00000	-0.32275
-86775.77017	61670.20411	137.00000	106362.06483	-145.89942	0.00000	-0.02269	106360.00000	-672.80576	0.00000	-0.32269
-86792.08861	61681.76790	137.00000	106382.06515	-145.90733	0.00000	-0.02263	106380.00000	-672.91839	0.00000	-0.32263
-86808.40706	61693.33167	137.00000	106402.06546	-145.91522	0.00000	-0.02258	106400.00000	-673.03100	0.00000	-0.32258
-86824.72552	61704.89543	137.00000	106422.06578	-145.92309	0.00000	-0.02252	106420.00000	-673.14359	0.00000	-0.32252
-86841.04400	61716.45917	137.00000	106442.06609	-145.93094	0.00000	-0.02246	106440.00000	-673.25616	0.00000	-0.32246
-86857.36248	61728.02290	137.00000	106462.06641	-145.93877	0.00000	-0.02240	106460.00000	-673.36871	0.00000	-0.32240
-86873.68098	61739.58660	137.00000	106482.06672	-145.94658	0.00000	-0.02235	106480.00000	-673.48124	0.00000	-0.32235
-86889.99949	61751.15030	137.00000	106502.06704	-145.95437	0.00000	-0.02229	106500.00000	-673.59375	0.00000	-0.32229
-86906.31800	61762.71397	137.00000	106522.06735	-145.96214	0.00000	-0.02223	106520.00000	-673.70624	0.00000	-0.32223
-86922.63654	61774.27763	137.00000	106542.06767	-145.96989	0.00000	-0.02217	106540.00000	-673.81871	0.00000	-0.32217
-86938.95508	61785.84127	137.00000	106562.06798	-145.97762	0.00000	-0.02212	106560.00000	-673.93116	0.00000	-0.32212
-86955.27363	61797.40490	137.00000	106582.06830	-145.98533	0.00000	-0.02206	106580.00000	-674.04359	0.00000	-0.32206
-86971.59220	61808.96851	137.00000	106602.06861	-145.99301	0.00000	-0.02200	106600.00000	-674.15600	0.00000	-0.32200
-86987.91077	61820.53210	137.00000	106622.06892	-146.00068	0.00000	-0.02194	106620.00000	-674.26839	0.00000	-0.32194
-87004.22936	61832.09568	137.00000	106642.06924	-146.00833	0.00000	-0.02189	106640.00000	-674.38076	0.00000	-0.32189
-87020.54796	61843.65924	137.00000	106662.06955	-146.01596	0.00000	-0.02183	106660.00000	-674.49311	0.00000	-0.32183
-87036.86657	61855.22278	137.00000	106682.06987	-146.02357	0.00000	-0.02177	106680.00000	-674.60544	0.00000	-0.32177
-87053.18519	61866.78631	137.00000	106702.07018	-146.03116	0.00000	-0.02172	106700.00000	-674.71775	0.00000	-0.32172
-87069.50383	61878.34982	137.00000	106722.07049	-146.03873	0.00000	-0.02166	106720.00000	-674.83004	0.00000	-0.32166
-87085.82247	61889.91332	137.00000	106742.07081	-146.04628	0.00000	-0.02160	106740.00000	-674.94231	0.00000	-0.32160
-87102.14113	61901.47680	137.00000	106762.07112	-146.05381	0.00000	-0.02154	106760.00000	-675.05456	0.00000	-0.32154
-87118.45980	61913.04026	137.00000	106782.07144	-146.06132	0.00000	-0.02149	106780.00000	-675.16679	0.00000	-0.32149
-87134.77848	61924.60370	137.00000	106802.07175	-146.06881	0.00000	-0.02143	106800.00000	-675.27900	0.00000	-0.32143
-87151.09717	61936.16713	137.00000	106822.07206	-146.07628	0.00000	-0.02137	106820.00000	-675.39119	0.00000	-0.32137
-87167.41587	61947.73055	137.00000	106842.07237	-146.08372	0.00000	-0.02131	106840.00000	-675.50336	0.00000	-0.32131
-87183.73459	61959.29394	137.00000	106862.07269	-146.09115	0.00000	-0.02126	106860.00000	-675.61551	0.00000	-0.32126
-87200.05331	61970.85732	137.00000	106882.07300	-146.09856	0.00000	-0.02120	106880.00000	-675.72764	0.00000	-0.32120
-87216.37205	61982.42069	137.00000	106902.07331	-146.10595	0.00000	-0.02114	106900.00000	-675.83975	0.00000	-0.32114
-87232.69080	61993.98403	137.00000	106922.07363	-146.11332	0.00000	-0.02109	106920.00000	-675.95184	0.00000	-0.32109
-87249.00956	62005.54737	137.00000	106942.07394	-146.12067	0.00000	-0.02103	106940.00000	-676.06391	0.00000	-0.32103
-87265.32833	62017.11068	137.00000	106962.07425	-146.12800	0.00000	-0.02097	106960.00000	-676.17596	0.00000	-0.32097
-87281.64711	62028.67398	137.00000	106982.07456	-146.13531	0.00000	-0.02091	106980.00000	-676.28799	0.00000	-0.32091
-87297.96591	62040.23726	137.00000	107002.07488	-146.14260	0.00000	-0.02086	107000.00000	-676.40000	0.00000	-0.32086
-87314.28471	62051.80053	137.00000	107022.07519	-146.14987	0.00000	-0.02080	107020.00000	-676.51199	0.00000	-0.32080
-87330.60353	62063.36377	137.00000	107042.07550	-146.15712	0.00000	-0.02074	107040.00000	-676.62396	0.00000	-0.32074
-87346.92236	62074.92701	137.00000	107062.07581	-146.16435	0.00000	-0.02068	107060.00000	-676.73591	0.00000	-0.32068
-87363.24120	62086.49022	137.00000	107082.07612	-146.17155	0.00000	-0.02063	107080.00000	-676.84784	0.00000	-0.32063
-87379.56005	62098.05342	137.00000	107102.07644	-146.17874	0.00000	-0.02057	107100.00000	-676.95975	0.00000	-0.32057
-87395.87892	62109.61661	137.00000	107122.07675	-146.18591	0.00000	-0.02051	107120.00000	-677.07164	0.00000	-0.32051
-87412.19779	62121.17977	137.00000	107142.07706	-146.19306	0.00000	-0.02046	107140.00000	-677.18351	0.00000	-0.32046
-87428.51668	62132.74293	137.00000	107162.07737	-146.20019	0.00000	-0.02040	107160.00000	-677.29536	0.00000	-0.32040
-87444.83558	62144.30606	137.00000	107182.07768	-146.20730	0.00000	-0.02034	107180.00000	-677.40719	0.00000	-0.32034
-87461.15449	62155.86918	137.00000	107202.07799	-146.21439	0.00000	-0.02028	107200.00000	-677.51900	0.00000	-0.32028
-87477.47341	62167.43228	137.00000	107222.07831	-146.22146	0.00000	-0.02023	107220.00000	-677.63079	0.00000	-0.32023
-87493.79234	62178.99537	137.00000	107242.07862	-146.22851	0.00000	-0.02017	107240.00000	-677.74256	0.00000	-0.32017
-87510.11128	62190.55843	137.00000	107262.07893	-146.23554	0.00000	-0.02011	107260.00000	-677.85431	0.00000	-0.32011
-87526.43024	62202.12149	137.00000	107282.07924	-146.24255	0.00000	-0.02005	107280.00000	-677.96604	0.00000	-0.32005
-87542.74920	62213.68452	137.00000	107302.07955	-146.24954	0.00000	-0.02000	107300.00000	-678.07775	0.00000	-0.32000
-87559.06818	62225.24754	137.00000	107322.07986	-146.25651	0.00000	-0.01994	107320.00000	-678.18944	0.00000	-0.31994
-87575.38717	62236.81055	137.00000	107342.08017	-146.26345	0.00000	-0.01988	107340.00000	-678.30111	0.00000	-0.31988
-87591.70617	62248.37353	137.00000	107362.08048	-146.27038	0.00000	-0.01983	107360.00000	-678.41276	0.00000	-0.31983
-87608.02519	62259.93650	137.00000	107382.08079	-146.27729	0.00000	-0.01977	107380.00000	-678.52439	0.00000	-0.31977
-87624.34421	62271.49946	137.00000	107402.08110	-146.28418	0.00000	-0.01971	107400.00000	-678.63600	0.00000	-0.31971
-87640.66324	62283.06240	137.00000	107422.08141	-146.29105	0.00000	-0.01965	107420.00000	-678.74759	0.00000	-0.31965
-87656.98229	62294.62532	137.00000	107442.08172	-146.29790	0.00000	-0.01960	107440.00000	-678.85916	0.00000	-0.31960
-87673.30135	62306.18822	137.00000	107462.08203	-146.30473	0.00000	-0.01954	107460.00000	-678.97071	0.00000	-0.31954
-87689.62042	62317.75111	137.00000	107482.08234	-146.31154	0.00000	-0.01948	107480.00000	-679.08224	0.00000	-0.31948
-87705.93950	62329.31398	137.00000	107502.08265	-146.31833	0.00000	-0.01942	107500.00000	-679.19375	0.00000	-0.31942
-87722.25859	62340.87684	137.00000	107522.08296	-146.32510	0.00000	-0.01937	107520.00000	-679.30524	0.00000	-0.31937
-87738.57770	62352.43968	137.00000	107542.08327	-146.33185	0.00000	-0.01931	107540.00000	-679.41671	0.00000	-0.31931
-87754.89681	62364.00250	137.00000	107562.08358	-146.33858	0.00000	-0.01925	107560.00000	-679.52816	0.00000	-0.31925
-87771.21594	62375.56531	137.00000	107582.08389	-146.34528	0.00000	-0.01919	107580.00000	-679.63959	0.00000	-0.31919
-87787.53508	62387.12810	137.00000	107602.08420	-146.35197	0.00000	-0.01914	107600.00000	-679.75100	0.00000	-0.31914
-87803.85423	62398.69087	137.00000	107622.08451	-146.35864	0.00000	-0.01908	107620.00000	-679.86239	0.00000	-0.31908
-87820.17339	62410.25363	137.00000	107642.08482	-146.36529	0.00000	-0.01902	107640.00000	-679.97376	0.00000	-0.31902
-87836.49257	62421.81637	137.00000	107662.08512	-146.37192	0.00000	-0.01897	107660.00000	-680.08511	0.00000	-0.31897
-87852.81175	62433.37910	137.00000	107682.08543	-146.37853	0.00000	-0.01891	107680.00000	-680.19644	0.00000	-0.31891
-87869.13095	62444.94181	137.00000	107702.08574	-146.38512	0.00000	-0.01885	107700.00000	-680.30775	0.00000	-0.31885
-87885.45015	62456.50450	137.00000	107722.08605	-146.39169	0.00000	-0.01879	107720.00000	-680.41904	0.00000	-0.31879
-87901.76937	62468.06717	137.00000	107742.08636	-146.39824	0.00000	-0.01874	107740.00000	-680.53031	0.00000	-0.31874
-87918.08860	62479.62983	137.00000	107762.08667	-146.40477	0.00000	-0.01868	107760.00000	-680.64156	0.00000	-0.31868
-87934.40785	62491.19248	137.00000	107782.08698	-146.41128	0.00000	-0.01862	107780.00000	-680.75279	0.00000	-0.31862
-87950.72710	62502.75510	137.00000	107802.08728	-146.41777	0.00000	-0.01856	107800.00000	-680.86400	0.00000	-0.31856
-87967.04636	62514.31771	137.00000	107822.08759	-146.42424	0.00000	-0.01851	107820.00000	-680.97519	0.00000	-0.31851
-87983.36564	62525.88031	137.00000	107842.08790	-146.43068	0.00000	-0.01845	107840.00000	-681.08636	0.00000	-0.31845
-87999.68493	62537.44289	137.00000	107862.08821	-146.43711	0.00000	-0.01839	107860.00000	-681.19751	0.00000	-0.31839
-88016.00423	62549.00545	137.00000	107882.08852	-146.44352	0.00000	-0.01834	107880.00000	-681.30864	0.00000	-0.31834
-88032.32354	62560.56799	137.00000	107902.08882	-146.44991	0.00000	-0.01828	107900.00000	-681.41975	0.00000	-0.31828
-88048.64286	62572.13052	137.00000	107922.08913	-146.45628	0.00000	-0.01822	107920.00000	-681.53084	0.00000	-0.31822
-88064.96219	62583.69303	137.00000	107942.08944	-146.46263	0.00000	-0.01816	107940.00000	-681.64191	0.00000	-0.31816
-88081.28154	62595.25553	137.00000	107962.08974	-146.46896	0.00000	-0.01811	107960.00000	-681.75296	0.00000	-0.31811
-88097.60090	62606.81801	137.00000	107982.09005	-146.47527	0.00000	-0.01805	107980.00000	-681.86399	0.00000	-0.31805
-88113.92026	62618.38047	137.00000	108002.09036	-146.48156	0.00000	-0.01799	108000.00000	-681.97500	0.00000	-0.31799
-88130.23964	62629.94292	137.00000	108022.09067	-146.48783	0.00000	-0.01793	108020.00000	-682.08599	0.00000	-0.31793
-88146.55904	62641.50535	137.00000	108042.09097	-146.49408	0.00000	-0.01788	108040.00000	-682.19696	0.00000	-0.31788
-88162.87844	62653.06776	137.00000	108062.09128	-146.50031	0.00000	-0.01782	108060.00000	-682.30791	0.00000	-0.31782
-88179.19785	62664.63016	137.00000	108082.09159	-146.50651	0.00000	-0.01776	108080.00000	-682.41884	0.00000	-0.31776
-88195.51728	62676.19254	137.00000	108102.09189	-146.51270	0.00000	-0.01771	108100.00000	-682.52975	0.00000	-0.31771
-88211.83671	62687.75490	137.00000	108122.09220	-146.51887	0.00000	-0.01765	108120.00000	-682.64064	0.00000	-0.31765
-88228.15616	62699.31725	137.00000	108142.09251	-146.52502	0.00000	-0.01759	108140.00000	-682.75151	0.00000	-0.31759
-88244.47562	62710.87958	137.00000	108162.09281	-146.53115	0.00000	-0.01753	108160.00000	-682.86236	0.00000	-0.31753
-88260.79509	62722.44190	137.00000	108182.09312	-146.53726	0.00000	-0.01748	108180.00000	-682.97319	0.00000	-0.31748
-88277.11458	62734.00420	137.00000	108202.09342	-146.54335	0.00000	-0.01742	108200.00000	-683.08400	0.00000	-0.31742
-88293.43407	62745.56648	137.00000	108222.09373	-146.54942	0.00000	-0.01736	108220.00000	-683.19479	0.00000	-0.31736
-88309.75358	62757.12874	137.00000	108242.09404	-146.55547	0.00000	-0.01730	108240.00000	-683.30556	0.00000	-0.31730
-88326.07309	62768.69099	137.00000	108262.09434	-146.56150	0.00000	-0.01725	108260.00000	-683.41631	0.00000	-0.31725
-88342.39262	62780.25323	137.00000	108282.09465	-146.56751	0.00000	-0.01719	108280.00000	-683.52704	0.00000	-0.31719
-88358.71216	62791.81544	137.00000	108302.09495	-146.57350	0.00000	-0.01713	108300.00000	-683.63775	0.00000	-0.31713
-88375.03172	62803.37765	137.00000	108322.09526	-146.57947	0.00000	-0.01707	108320.00000	-683.74844	0.00000	-0.31707
-88391.35128	62814.93983	137.00000	108342.09556	-146.58541	0.00000	-0.01702	108340.00000	-683.85911	0.00000	-0.31702
-88407.67085	62826.50200	137.00000	108362.09587	-146.59134	0.00000	-0.01696	108360.00000	-683.96976	0.00000	-0.31696
-88423.99044	62838.06415	137.00000	108382.09617	-146.59725	0.00000	-0.01690	108380.00000	-684.08039	0.00000	-0.31690
-88440.31004	62849.62628	137.00000	108402.09648	-146.60314	0.00000	-0.01685	108400.00000	-684.19100	0.00000	-0.31685
-88456.62965	62861.18840	137.00000	108422.09678	-146.60901	0.00000	-0.01679	108420.00000	-684.30159	0.00000	-0.31679
-88472.94927	62872.75051	137.00000	108442.09709	-146.61486	0.00000	-0.01673	108440.00000	-684.41216	0.00000	-0.31673
-88489.26890	62884.31259	137.00000	108462.09739	-146.62069	0.00000	-0.01667	108460.00000	-684.52271	0.00000	-0.31667
-88505.58854	62895.87466	137.00000	108482.09770	-146.62650	0.00000	-0.01662	108480.00000	-684.63324	0.00000	-0.31662
-88521.90820	62907.43671	137.00000	108502.09800	-146.63229	0.00000	-0.01656	108500.00000	-684.74375	0.00000	-0.31656
-88538.22786	62918.99875	137.00000	108522.09831	-146.63806	0.00000	-0.01650	108520.00000	-684.85424	0.00000	-0.31650
-88554.54754	62930.56077	137.00000	108542.09861	-146.64381	0.00000	-0.01644	108540.00000	-684.96471	0.00000	-0.31644
-88570.86723	62942.12278	137.00000	108562.09892	-146.64954	0.00000	-0.01639	108560.00000	-685.07516	0.00000	-0.31639
-88587.18693	62953.68476	137.00000	108582.09922	-146.65524	0.00000	-0.01633	108580.00000	-685.18559	0.00000	-0.31633
-88603.50664	62965.24673	137.00000	108602.09952	-146.66093	0.00000	-0.01627	108600.00000	-685.29600	0.00000	-0.31627
-88619.82637	62976.80869	137.00000	108622.09983	-146.66660	0.00000	-0.01622	108620.00000	-685.40639	0.00000	-0.31622
-88636.14610	62988.37063	137.00000	108642.10013	-146.67225	0.00000	-0.01616	108640.00000	-685.51676	0.00000	-0.31616
-88652.46585	62999.93255	137.00000	108662.10043	-146.67788	0.00000	-0.01610	108660.00000	-685.62711	0.00000	-0.31610
-88668.78561	63011.49446	137.00000	108682.10074	-146.68349	0.00000	-0.01604	108680.00000	-685.73744	0.00000	-0.31604
-88685.10538	63023.05635	137.00000	108702.10104	-146.68908	0.00000	-0.01599	108700.00000	-685.84775	0.00000	-0.31599
-88701.42516	63034.61822	137.00000	108722.10134	-146.69465	0.00000	-0.01593	108720.00000	-685.95804	0.00000	-0.31593
-88717.74495	63046.18008	137.00000	108742.10165	-146.70020	0.00000	-0.01587	108740.00000	-686.06831	0.00000	-0.31587
-88734.06475	63057.74192	137.00000	108762.10195	-146.70573	0.00000	-0.01581	108760.00000	-686.17856	0.00000	-0.31581
-88750.38457	63069.30374	137.00000	108782.10225	-146.71124	0.00000	-0.01576	108780.00000	-686.28879	0.00000	-0.31576
-88766.70440	63080.86555	137.00000	108802.10256	-146.71673	0.00000	-0.01570	108800.00000	-686.39900	0.00000	-0.31570
-88783.02424	63092.42734	137.00000	108822.10286	-146.72220	0.00000	-0.01564	108820.00000	-686.50919	0.00000	-0.31564
-88799.34409	63103.98911	137.00000	108842.10316	-146.72764	0.00000	-0.01559	108840.00000	-686.61936	0.00000	-0.31559
-88815.66395	63115.55087	137.00000	108862.10346	-146.73307	0.00000	-0.01553	108860.00000	-686.72951	0.00000	-0.31553
-88831.98382	63127.11261	137.00000	108882.10377	-146.73848	0.00000	-0.01547	108880.00000	-686.83964	0.00000	-0.31547
-88848.30370	63138.67434	137.00000	108902.10407	-146.74387	0.00000	-0.01541	108900.00000	-686.94975	0.00000	-0.31541
-88864.62360	63150.23605	137.00000	108922.10437	-146.74924	0.00000	-0.01536	108920.00000	-687.05984	0.00000	-0.31536
-88880.94351	63161.79774	137.00000	108942.10467	-146.75459	0.00000	-0.01530	108940.00000	-687.16991	0.00000	-0.31530
-88897.26343	63173.35942	137.00000	108962.10498	-146.75992	0.00000	-0.01524	108960.00000	-687.27996	0.00000	-0.31524
-88913.58336	63184.92108	137.00000	108982.10528	-146.76523	0.00000	-0.01518	108980.00000	-687.38999	0.00000	-0.31518
-88929.90330	63196.48272	137.00000	109002.10558	-146.77052	0.00000	-0.01513	109000.00000	-687.50000	0.00000	-0.31513
-88946.22325	63208.04435	137.00000	109022.10588	-146.77579	0.00000	-0.01507	109020.00000	-687.60999	0.00000	-0.31507
-88962.54322	63219.60596	137.00000	109042.10618	-146.78104	0.00000	-0.01501	109040.00000	-687.71996	0.00000	-0.31501
-88978.86319	63231.16755	137.00000	109062.10649	-146.78627	0.00000	-0.01495	109060.00000	-687.82991	0.00000	-0.31495
-88995.18318	63242.72913	137.00000	109082.10679	-146.79148	0.00000	-0.01490	109080.00000	-687.93984	0.00000	-0.31490
-89011.50318	63254.29069	137.00000	109102.10709	-146.79666	0.00000	-0.01484	109100.00000	-688.04975	0.00000	-0.31484
-89027.82319	63265.85224	137.00000	109122.10739	-146.80183	0.00000	-0.01478	109120.00000	-688.15964	0.00000	-0.31478
-89044.14321	63277.41377	137.00000	109142.10769	-146.80698	0.00000	-0.01473	109140.00000	-688.26951	0.00000	-0.31473
-89060.46325	63288.97528	137.00000	109162.10799	-146.81211	0.00000	-0.01467	109160.00000	-688.37936	0.00000	-0.31467
-89076.78329	63300.53678	137.00000	109182.10829	-146.81722	0.00000	-0.01461	109180.00000	-688.48919	0.00000	-0.31461
-89093.10335	63312.09826	137.00000	109202.10859	-146.82231	0.00000	-0.01455	109200.00000	-688.59900	0.00000	-0.31455
-89109.42342	63323.65972	137.00000	109222.10889	-146.82738	0.00000	-0.01450	109220.00000	-688.70879	0.00000	-0.31450
-89125.74349	63335.22117	137.00000	109242.10919	-146.83243	0.00000	-0.01444	109240.00000	-688.81856	0.00000	-0.31444
-89142.06359	63346.78260	137.00000	109262.10949	-146.83746	0.00000	-0.01438	109260.00000	-688.92831	0.00000	-0.31438
-89158.38369	63358.34401	137.00000	109282.10980	-146.84247	0.00000	-0.01432	109280.00000	-689.03804	0.00000	-0.31432
-89174.70380	63369.90541	137.00000	109302.11010	-146.84746	0.00000	-0.01427	109300.00000	-689.14775	0.00000	-0.31427
-89191.02393	63381.46679	137.00000	109322.11040	-146.85243	0.00000	-0.01421	109320.00000	-689.25744	0.00000	-0.31421
-89207.34406	63393.02816	137.00000	109342.11070	-146.85737	0.00000	-0.01415	109340.00000	-689.36711	0.00000	-0.31415
-89223.66421	63404.58950	137.00000	109362.11100	-146.86230	0.00000	-0.01410	109360.00000	-689.47676	0.00000	-0.31410
-89239.98437	63416.15084	137.00000	109382.11130	-146.86721	0.00000	-0.01404	109380.00000	-689.58639	0.00000	-0.31404
-89256.30454	63427.71215	137.00000	109402.11160	-146.87210	0.00000	-0.01398	109400.00000	-689.69600	0.00000	-0.31398
-89272.62473	63439.27345	137.00000	109422.11189	-146.87697	0.00000	-0.01392	109420.00000	-689.80559	0.00000	-0.31392
-89288.94492	63450.83474	137.00000	109442.11219	-146.88182	0.00000	-0.01387	109440.00000	-689.91516	0.00000	-0.31387
-89305.26512	63462.39600	137.00000	109462.11249	-146.88665	0.00000	-0.01381	109460.00000	-690.02471	0.00000	-0.31381
-89321.58534	63473.95725	137.00000	109482.11279	-146.89146	0.00000	-0.01375	109480.00000	-690.13424	0.00000	-0.31375
-89337.90557	63485.51849	137.00000	109502.11309	-146.89625	0.00000	-0.01369	109500.00000	-690.24375	0.00000	-0.31369
-89354.22581	63497.07970	137.00000	109522.11339	-146.90102	0.00000	-0.01364	109520.00000	-690.35324	0.00000	-0.31364
-89370.54606	63508.64091	137.00000	109542.11369	-146.90577	0.00000	-0.01358	109540.00000	-690.46271	0.00000	-0.31358
-89386.86632	63520.20209	137.00000	109562.11399	-146.91050	0.00000	-0.01352	109560.00000	-690.57216	0.00000	-0.31352
-89403.18660	63531.76326	137.00000	109582.11429	-146.91521	0.00000	-0.01347	109580.00000	-690.68159	0.00000	-0.31347
-89419.50689	63543.32441	137.00000	109602.11459	-146.91989	0.00000	-0.01341	109600.00000	-690.79100	0.00000	-0.31341
-89435.82718	63554.88555	137.00000	109622.11489	-146.92456	0.00000	-0.01335	109620.00000	-690.90039	0.00000	-0.31335
-89452.14749	63566.44667	137.00000	109642.11518	-146.92921	0.00000	-0.01329	109640.00000	-691.00976	0.00000	-0.31329
-89468.46781	63578.00777	137.00000	109662.11548	-146.93384	0.00000	-0.01324	109660.00000	-691.11911	0.00000	-0.31324
-89484.78814	63589.56886	137.00000	109682.11578	-146.93845	0.00000	-0.01318	109680.00000	-691.22844	0.00000	-0.31318
-89501.10849	63601.12993	137.00000	109702.11608	-146.94304	0.00000	-0.01312	109700.00000	-691.33775	0.00000	-0.31312
-89517.42884	63612.69098	137.00000	109722.11638	-146.94761	0.00000	-0.01306	109720.00000	-691.44704	0.00000	-0.31306
-89533.74921	63624.25202	137.00000	109742.11668	-146.95216	0.00000	-0.01301	109740.00000	-691.55631	0.00000	-0.31301
-89550.06959	63635.81304	137.00000	109762.11697	-146.95669	0.00000	-0.01295	109760.00000	-691.66556	0.00000	-0.31295
-89566.38997	63647.37404	137.00000	109782.11727	-146.96120	0.00000	-0.01289	109780.00000	-691.77479	0.00000	-0.31289
-89582.71038	63658.93503	137.00000	109802.11757	-146.96569	0.00000	-0.01283	109800.00000	-691.88400	0.00000	-0.31283
-89599.03079	63670.49600	137.00000	109822.11787	-146.97016	0.00000	-0.01278	109820.00000	-691.99319	0.00000	-0.31278
-89615.35121	63682.05696	137.00000	109842.11816	-146.97461	0.00000	-0.01272	109840.00000	-692.10236	0.00000	-0.31272
-89631.67165	63693.61790	137.00000	109862.11846	-146.97903	0.00000	-0.01266	109860.00000	-692.21151	0.00000	-0.31266
-89647.99209	63705.17882	137.00000	109882.11876	-146.98344	0.00000	-0.01261	109880.00000	-692.32064	0.00000	-0.31261
-89664.31255	63716.73973	137.00000	109902.11906	-146.98783	0.00000	-0.01255	109900.00000	-692.42975	0.00000	-0.31255
-89680.63302	63728.30062	137.00000	109922.11935	-146.99220	0.00000	-0.01249	109920.00000	-692.53884	0.00000	-0.31249
-89696.95350	63739.86149	137.00000	109942.11965	-146.99655	0.00000	-0.01243	109940.00000	-692.64791	0.00000	-0.31243
-89713.27399	63751.42235	137.00000	109962.11995	-147.00088	0.00000	-0.01238	109960.00000	-692.75696	0.00000	-0.31238
-89729.59450	63762.98319	137.00000	109982.12024	-147.00519	0.00000	-0.01232	109980.00000	-692.86599	0.00000	-0.31232
-89745.91501	63774.54401	137.00000	110002.12054	-147.00948	0.00000	-0.01226	110000.00000	-692.97500	0.00000	-0.31226
-89762.23554	63786.10482	137.00000	110022.12084	-147.01375	0.00000	-0.01220	110020.00000	-693.08399	0.00000	-0.31220
-89778.55608	63797.66561	137.00000	110042.12113	-147.01800	0.00000	-0.01215	110040.00000	-693.19296	0.00000	-0.31215
-89794.87663	63809.22639	137.00000	110062.12143	-147.02223	0.00000	-0.01209	110060.00000	-693.30191	0.00000	-0.31209
-89811.19719	63820.78715	137.00000	110082.12172	-147.02644	0.00000	-0.01203	110080.00000	-693.41084	0.00000	-0.31203
-89827.51776	63832.34789	137.00000	110102.12202	-147.03063	0.00000	-0.01198	110100.00000	-693.51975	0.00000	-0.31198
-89843.83834	63843.90862	137.00000	110122.12232	-147.03479	0.00000	-0.01192	110120.00000	-693.62864	0.00000	-0.31192
-89860.15894	63855.46933	137.00000	110142.12261	-147.03894	0.00000	-0.01186	110140.00000	-693.73751	0.00000	-0.31186
-89876.47955	63867.03002	137.00000	110162.12291	-147.04307	0.00000	-0.01180	110160.00000	-693.84636	0.00000	-0.31180
-89892.80017	63878.59070	137.00000	110182.12320	-147.04718	0.00000	-0.01175	110180.00000	-693.95519	0.00000	-0.31175
-89909.12080	63890.15136	137.00000	110202.12350	-147.05127	0.00000	-0.01169	110200.00000	-694.06400	0.00000	-0.31169
-89925.44144	63901.71200	137.00000	110222.12380	-147.05534	0.00000	-0.01163	110220.00000	-694.17279	0.00000	-0.31163
-89941.76209	63913.27263	137.00000	110242.12409	-147.05939	0.00000	-0.01157	110240.00000	-694.28156	0.00000	-0.31157
-89958.08276	63924.83324	137.00000	110262.12439	-147.06342	0.00000	-0.01152	110260.00000	-694.39031	0.00000	-0.31152
-89974.40343	63936.39384	137.00000	110282.12468	-147.06743	0.00000	-0.01146	110280.00000	-694.49904	0.00000	-0.31146
-89990.72412	63947.95442	137.00000	110302.12498	-147.07142	0.00000	-0.01140	110300.00000	-694.60775	0.00000	-0.31140
-90007.04482	63959.51498	137.00000	110322.12527	-147.07539	0.00000	-0.01135	110320.00000	-694.71644	0.00000	-0.31135
-90023.36553	63971.07552	137.00000	110342.12557	-147.07934	0.00000	-0.01129	110340.00000	-694.82511	0.00000	-0.31129
-90039.68625	63982.63605	137.00000	110362.12586	-147.08327	0.00000	-0.01123	110360.00000	-694.93376	0.00000	-0.31123
-90056.00698	63994.19657	137.00000	110382.12616	-147.08717	0.00000	-0.01117	110380.00000	-695.04239	0.00000	-0.31117
-90072.32773	64005.75706	137.00000	110402.12645	-147.09106	0.00000	-0.01112	110400.00000	-695.15100	0.00000	-0.31112
-90088.64848	64017.31754	137.00000	110422.12674	-147.09493	0.00000	-0.01106	110420.00000	-695.25959	0.00000	-0.31106
-90104.96925	64028.87801	137.00000	110442.12704	-147.09878	0.00000	-0.01100	110440.00000	-695.36816	0.00000	-0.31100
-90121.29003	64040.43846	137.00000	110462.12733	-147.10261	0.00000	-0.01094	110460.00000	-695.47671	0.00000	-0.31094
-90137.61082	64051.99889	137.00000	110482.12763	-147.10642	0.00000	-0.01089	110480.00000	-695.58524	0.00000	-0.31089
-90153.93162	64063.55930	137.00000	110502.12792	-147.11021	0.00000	-0.01083	110500.00000	-695.69375	0.00000	-0.31083
-90170.25244	64075.11970	137.00000	110522.12821	-147.11398	0.00000	-0.01077	110520.00000	-695.80224	0.00000	-0.31077
-90186.57326	64086.68008	137.00000	110542.12851	-147.11773	0.00000	-0.01072	110540.00000	-695.91071	0.00000	-0.31072
-90202.89410	64098.24045	137.00000	110562.12880	-147.12146	0.00000	-0.01066	110560.00000	-696.01916	0.00000	-0.31066
-90219.21495	64109.80080	137.00000	110582.12910	-147.12517	0.00000	-0.01060	110580.00000	-696.12759	0.00000	-0.31060
-90235.53581	64121.36113	137.00000	110602.12939	-147.12886	0.00000	-0.01054	110600.00000	-696.23600	0.00000	-0.31054
-90251.85668	64132.92145	137.00000	110622.12968	-147.13253	0.00000	-0.01049	110620.00000	-696.34439	0.00000	-0.31049
-90268.17756	64144.48175	137.00000	110642.12998	-147.13617	0.00000	-0.01043	110640.00000	-696.45276	0.00000	-0.31043
-90284.49845	64156.04203	137.00000	110662.13027	-147.13980	0.00000	-0.01037	110660.00000	-696.56111	0.00000	-0.31037
-90300.81936	64167.60230	137.00000	110682.13056	-147.14341	0.00000	-0.01031	110680.00000	-696.66944	0.00000	-0.31031
-90317.14028	64179.16255	137.00000	110702.13085	-147.14700	0.00000	-0.01026	110700.00000	-696.77775	0.00000	-0.31026
-90333.46120	64190.72278	137.00000	110722.13115	-147.15057	0.00000	-0.01020	110720.00000	-696.88604	0.00000	-0.31020
-90349.78214	64202.28300	137.00000	110742.13144	-147.15412	0.00000	-0.01014	110740.00000	-696.99431	0.00000	-0.31014
-90366.10309	64213.84321	137.00000	110762.13173	-147.15765	0.00000	-0.01008	110760.00000	-697.10256	0.00000	-0.31008
-90382.42406	64225.40339	137.00000	110782.13203	-147.16116	0.00000	-0.01003	110780.00000	-697.21079	0.00000	-0.31003
-90398.74503	64236.96356	137.00000	110802.13232	-147.16465	0.00000	-0.00997	110800.00000	-697.31900	0.00000	-0.30997
-90415.06602	64248.52371	137.00000	110822.13261	-147.16812	0.00000	-0.00991	110820.00000	-697.42719	0.00000	-0.30991
-90431.38701	64260.08385	137.00000	110842.13290	-147.17157	0.00000	-0.00986	110840.00000	-697.53536	0.00000	-0.30986
-90447.70802	64271.64397	137.00000	110862.13319	-147.17500	0.00000	-0.00980	110860.00000	-697.64351	0.00000	-0.30980
-90464.02904	64283.20407	137.00000	110882.13349	-147.17841	0.00000	-0.00974	110880.00000	-697.75164	0.00000	-0.30974
-90480.35007	64294.76416	137.00000	110902.13378	-147.18180	0.00000	-0.00968	110900.00000	-697.85975	0.00000	-0.30968
-90496.67112	64306.32423	137.00000	110922.13407	-147.18516	0.00000	-0.00963	110920.00000	-697.96784	0.00000	-0.30963
-90512.99217	64317.88429	137.00000	110942.13436	-147.18851	0.00000	-0.00957	110940.00000	-698.07591	0.00000	-0.30957
-90529.31324	64329.44432	137.00000	110962.13465	-147.19184	0.00000	-0.00951	110960.00000	-698.18396	0.00000	-0.30951
-90545.63432	64341.00435	137.00000	110982.13495	-147.19515	0.00000	-0.00945	110980.00000	-698.29199	0.00000	-0.30945
-90561.95540	64352.56435	137.00000	111002.13524	-147.19844	0.00000	-0.00940	111000.00000	-698.40000	0.00000	-0.30940
-90578.27650	64364.12434	137.00000	111022.13553	-147.20171	0.00000	-0.00934	111020.00000	-698.50799	0.00000	-0.30934
-90594.59762	64375.68431	137.00000	111042.13582	-147.20496	0.00000	-0.00928	111040.00000	-698.61596	0.00000	-0.30928
-90610.91874	64387.24427	137.00000	111062.13611	-147.20819	0.00000	-0.00923	111060.00000	-698.72391	0.00000	-0.30923
-90627.23987	64398.80421	137.00000	111082.13640	-147.21140	0.00000	-0.00917	111080.00000	-698.83184	0.00000	-0.30917
-90643.56102	64410.36413	137.00000	111102.13669	-147.21459	0.00000	-0.00911	111100.00000	-698.93975	0.00000	-0.30911
-90659.88218	64421.92404	137.00000	111122.13698	-147.21776	0.00000	-0.00905	111120.00000	-699.04764	0.00000	-0.30905
-90676.20335	64433.48393	137.00000	111142.13727	-147.22091	0.00000	-0.00900	111140.00000	-699.15551	0.00000	-0.30900
-90692.52453	64445.04380	137.00000	111162.13756	-147.22404	0.00000	-0.00894	111160.00000	-699.26336	0.00000	-0.30894
-90708.84572	64456.60366	137.00000	111182.13785	-147.22714	0.00000	-0.00888	111180.00000	-699.37119	0.00000	-0.30888
-90725.16692	64468.16350	137.00000	111202.13814	-147.23023	0.00000	-0.00882	111200.00000	-699.47900	0.00000	-0.30882
-90741.48814	64479.72333	137.00000	111222.13843	-147.23330	0.00000	-0.00877	111220.00000	-699.58679	0.00000	-0.30877
-90757.80937	64491.28314	137.00000	111242.13873	-147.23635	0.00000	-0.00871	111240.00000	-699.69456	0.00000	-0.30871
-90774.13060	64502.84293	137.00000	111262.13902	-147.23938	0.00000	-0.00865	111260.00000	-699.80231	0.00000	-0.30865
-90790.45185	64514.40270	137.00000	111282.13930	-147.24239	0.00000	-0.00860	111280.00000	-699.91004	0.00000	-0.30860
-90806.77311	64525.96246	137.00000	111302.13959	-147.24538	0.00000	-0.00854	111300.00000	-700.01775	0.00000	-0.30854
-90823.09439	64537.52221	137.00000	111322.13988	-147.24835	0.00000	-0.00848	111320.00000	-700.12544	0.00000	-0.30848
-90839.41567	64549.08193	137.00000	111342.14017	-147.25130	0.00000	-0.00842	111340.00000	-700.23311	0.00000	-0.30842
-90855.73697	64560.64165	137.00000	111362.14046	-147.25423	0.00000	-0.00837	111360.00000	-700.34076	0.00000	-0.30837
-90872.05827	64572.20134	137.00000	111382.14075	-147.25714	0.00000	-0.00831	111380.00000	-700.44839	0.00000	-0.30831
-90888.37959	64583.76102	137.00000	111402.14104	-147.26003	0.00000	-0.00825	111400.00000	-700.55600	0.00000	-0.30825
-90904.70092	64595.32068	137.00000	111422.14133	-147.26290	0.00000	-0.00819	111420.00000	-700.66359	0.00000	-0.30819
-90921.02226	64606.88032	137.00000	111442.14162	-147.26574	0.00000	-0.00814	111440.00000	-700.77116	0.00000	-0.30814
-90937.34361	64618.43995	137.00000	111462.14191	-147.26857	0.00000	-0.00808	111460.00000	-700.87871	0.00000	-0.30808
-90953.66498	64629.99956	137.00000	111482.14220	-147.27138	0.00000	-0.00802	111480.00000	-700.98624	0.00000	-0.30802
-90969.98635	64641.55916	137.00000	111502.14249	-147.27417	0.00000	-0.00796	111500.00000	-701.09375	0.00000	-0.30796
-90986.30774	64653.11874	137.00000	111522.14278	-147.27694	0.00000	-0.00791	111520.00000	-701.20124	0.00000	-0.30791
-91002.62914	64664.67830	137.00000	111542.14306	-147.27969	0.00000	-0.00785	111540.00000	-701.30871	0.00000	-0.30785
-91018.95055	64676.23785	137.00000	111562.14335	-147.28242	0.00000	-0.00779	111560.00000	-701.41616	0.00000	-0.30779
-91035.27197	64687.79738	137.00000	111582.14364	-147.28513	0.00000	-0.00774	111580.00000	-701.52359	0.00000	-0.30774
-91051.59341	64699.35689	137.00000	111602.14393	-147.28782	0.00000	-0.00768	111600.00000	-701.63100	0.00000	-0.30768
-91067.91485	64710.91639	137.00000	111622.14422	-147.29049	0.00000	-0.00762	111620.00000	-701.73839	0.00000	-0.30762
-91084.23631	64722.47587	137.00000	111642.14451	-147.29314	0.00000	-0.00756	111640.00000	-701.84576	0.00000	-0.30756
-91100.55777	64734.03534	137.00000	111662.14479	-147.29577	0.00000	-0.00751	111660.00000	-701.95311	0.00000	-0.30751
-91116.87925	64745.59478	137.00000	111682.14508	-147.29838	0.00000	-0.00745	111680.00000	-702.06044	0.00000	-0.30745
-91133.20074	64757.15422	137.00000	111702.14537	-147.30096	0.00000	-0.00739	111700.00000	-702.16775	0.00000	-0.30739
-91149.52224	64768.71363	137.00000	111722.14566	-147.30353	0.00000	-0.00733	111720.00000	-702.27504	0.00000	-0.30733
-91165.84376	64780.27303	137.00000	111742.14594	-147.30608	0.00000	-0.00728	111740.00000	-702.38231	0.00000	-0.30728
-91182.16528	64791.83241	137.00000	111762.14623	-147.30861	0.00000	-0.00722	111760.00000	-702.48956	0.00000	-0.30722
-91198.48682	64803.39178	137.00000	111782.14652	-147.31112	0.00000	-0.00716	111780.00000	-702.59679	0.00000	-0.30716
-91214.80837	64814.95113	137.00000	111802.14681	-147.31361	0.00000	-0.00711	111800.00000	-702.70400	0.00000	-0.30711
-91231.12993	64826.51046	137.00000	111822.14709	-147.31608	0.00000	-0.00705	111820.00000	-702.81119	0.00000	-0.30705
-91247.45150	64838.06978	137.00000	111842.14738	-147.31853	0.00000	-0.00699	111840.00000	-702.91836	0.00000	-0.30699
-91263.77308	64849.62908	137.00000	111862.14767	-147.32096	0.00000	-0.00693	111860.00000	-703.02551	0.00000	-0.30693
-91280.09467	64861.18837	137.00000	111882.14795	-147.32337	0.00000	-0.00688	111880.00000	-703.13264	0.00000	-0.30688
-91296.41628	64872.74763	137.00000	111902.14824	-147.32576	0.00000	-0.00682	111900.00000	-703.23975	0.00000	-0.30682
-91312.73789	64884.30689	137.00000	111922.14853	-147.32813	0.00000	-0.00676	111920.00000	-703.34684	0.00000	-0.30676
-91329.05952	64895.86612	137.00000	111942.14881	-147.33048	0.00000	-0.00670	111940.00000	-703.45391	0.00000	-0.30670
-91345.38116	64907.42534	137.00000	111962.14910	-147.33281	0.00000	-0.00665	111960.00000	-703.56096	0.00000	-0.30665
-91361.70281	64918.98454	137.00000	111982.14939	-147.33511	0.00000	-0.00659	111980.00000	-703.66799	0.00000	-0.30659
-91378.02448	64930.54373	137.00000	112002.14967	-147.33740	0.00000	-0.00653	112000.00000	-703.77500	0.00000	-0.30653
-91394.34615	64942.10290	137.00000	112022.14996	-147.33967	0.00000	-0.00648	112020.00000	-703.88199	0.00000	-0.30648
-91410.66783	64953.66205	137.00000	112042.15024	-147.34192	0.00000	-0.00642	112040.00000	-703.98896	0.00000	-0.30642
-91426.98953	64965.22119	137.00000	112062.15053	-147.34415	0.00000	-0.00636	112060.00000	-704.09591	0.00000	-0.30636
-91443.31124	64976.78031	137.00000	112082.15082	-147.34636	0.00000	-0.00630	112080.00000	-704.20284	0.00000	-0.30630
-91459.63296	64988.33941	137.00000	112102.15110	-147.34855	0.00000	-0.00625	112100.00000	-704.30975	0.00000	-0.30625
-91475.95469	64999.89850	137.00000	112122.15139	-147.35072	0.00000	-0.00619	112120.00000	-704.41664	0.00000	-0.30619
-91492.27643	65011.45757	137.00000	112142.15167	-147.35287	0.00000	-0.00613	112140.00000	-704.52351	0.00000	-0.30613
-91508.59819	65023.01663	137.00000	112162.15196	-147.35500	0.00000	-0.00607	112160.00000	-704.63036	0.00000	-0.30607
-91524.91995	65034.57567	137.00000	112182.15224	-147.35711	0.00000	-0.00602	112180.00000	-704.73719	0.00000	-0.30602
-91541.24173	65046.13469	137.00000	112202.15253	-147.35920	0.00000	-0.00596	112200.00000	-704.84400	0.00000	-0.30596
-91557.56352	65057.69370	137.00000	112222.15281	-147.36127	0.00000	-0.00590	112220.00000	-704.95079	0.00000	-0.30590
-91573.88532	65069.25269	137.00000	112242.15310	-147.36331	0.00000	-0.00584	112240.00000	-705.05756	0.00000	-0.30584
-91590.20713	65080.81166	137.00000	112262.15338	-147.36534	0.00000	-0.00579	112260.00000	-705.16431	0.00000	-0.30579
-91606.52895	65092.37062	137.00000	112282.15367	-147.36735	0.00000	-0.00573	112280.00000	-705.27104	0.00000	-0.30573
-91622.85079	65103.92956	137.00000	112302.15395	-147.36934	0.00000	-0.00567	112300.00000	-705.37775	0.00000	-0.30567
-91639.17263	65115.48848	137.00000	112322.15424	-147.37131	0.00000	-0.00562	112320.00000	-705.48444	0.00000	-0.30562
-91655.49449	65127.04739	137.00000	112342.15452	-147.37326	0.00000	-0.00556	112340.00000	-705.59111	0.00000	-0.30556
-91671.81636	65138.60628	137.00000	112362.15480	-147.37519	0.00000	-0.00550	112360.00000	-705.69776	0.00000	-0.30550
-91688.13824	65150.16515	137.00000	112382.15509	-147.37710	0.00000	-0.00544	112380.00000	-705.80439	0.00000	-0.30544
-91704.46013	65161.72401	137.00000	112402.15537	-147.37899	0.00000	-0.00539	112400.00000	-705.91100	0.00000	-0.30539
-91720.78204	65173.28285	137.00000	112422.15566	-147.38086	0.00000	-0.00533	112420.00000	-706.01759	0.00000	-0.30533
-91737.10395	65184.84168	137.00000	112442.15594	-147.38271	0.00000	-0.00527	112440.00000	-706.12416	0.00000	-0.30527
-91753.42588	65196.40049	137.00000	112462.15622	-147.38454	0.00000	-0.00521	112460.00000	-706.23071	0.00000	-0.30521
-91769.74782	65207.95928	137.00000	112482.15651	-147.38635	0.00000	-0.00516	112480.00000	-706.33724	0.00000	-0.30516
-91786.06977	65219.51806	137.00000	112502.15679	-147.38814	0.00000	-0.00510	112500.00000	-706.44375	0.00000	-0.30510
-91802.39173	65231.07682	137.00000	112522.15708	-147.38990	0.00000	-0.00504	112520.00000	-706.55024	0.00000	-0.30504
-91818.71370	65242.63556	137.00000	112542.15736	-147.39165	0.00000	-0.00499	112540.00000	-706.65671	0.00000	-0.30499
-91835.03568	65254.19429	137.00000	112562.15764	-147.39338	0.00000	-0.00493	112560.00000	-706.76316	0.00000	-0.30493
-91851.35768	65265.75300	137.00000	112582.15792	-147.39509	0.00000	-0.00487	112580.00000	-706.86959	0.00000	-0.30487
-91867.67968	65277.31170	137.00000	112602.15821	-147.39678	0.00000	-0.00481	112600.00000	-706.97600	0.00000	-0.30481
-91884.00170	65288.87037	137.00000	112622.15849	-147.39845	0.00000	-0.00476	112620.00000	-707.08239	0.00000	-0.30476
-91900.32373	65300.42904	137.00000	112642.15877	-147.40010	0.00000	-0.00470	112640.00000	-707.18876	0.00000	-0.30470
-91916.64577	65311.98768	137.00000	112662.15906	-147.40173	0.00000	-0.00464	112660.00000	-707.29511	0.00000	-0.30464
-91932.96782	65323.54631	137.00000	112682.15934	-147.40334	0.00000	-0.00458	112680.00000	-707.40144	0.00000	-0.30458
-91949.28989	65335.10492	137.00000	112702.15962	-147.40493	0.00000	-0.00453	112700.00000	-707.50775	0.00000	-0.30453
-91965.61196	65346.66352	137.00000	112722.15990	-147.40650	0.00000	-0.00447	112720.00000	-707.61404	0.00000	-0.30447
-91981.93405	65358.22210	137.00000	112742.16019	-147.40805	0.00000	-0.00441	112740.00000	-707.72031	0.00000	-0.30441
-91998.25615	65369.78066	137.00000	112762.16047	-147.40958	0.00000	-0.00436	112760.00000	-707.82656	0.00000	-0.30436
-92014.57826	65381.33921	137.00000	112782.16075	-147.41108	0.00000	-0.00430	112780.00000	-707.93279	0.00000	-0.30430
-92030.90038	65392.89774	137.00000	112802.16103	-147.41257	0.00000	-0.00424	112800.00000	-708.03900	0.00000	-0.30424
-92047.22251	65404.45626	137.00000	112822.16131	-147.41404	0.00000	-0.00418	112820.00000	-708.14519	0.00000	-0.30418
-92063.54466	65416.01475	137.00000	112842.16160	-147.41549	0.00000	-0.00413	112840.00000	-708.25136	0.00000	-0.30413
-92079.86681	65427.57324	137.00000	112862.16188	-147.41692	0.00000	-0.00407	112860.00000	-708.35751	0.00000	-0.30407
-92096.18898	65439.13170	137.00000	112882.16216	-147.41833	0.00000	-0.00401	112880.00000	-708.46364	0.00000	-0.30401
-92112.51116	65450.69015	137.00000	112902.16244	-147.41972	0.00000	-0.00395	112900.00000	-708.56975	0.00000	-0.30395
-92128.83335	65462.24858	137.00000	112922.16272	-147.42109	0.00000	-0.00390	112920.00000	-708.67584	0.00000	-0.30390
-92145.15555	65473.80700	137.00000	112942.16300	-147.42244	0.00000	-0.00384	112940.00000	-708.78191	0.00000	-0.30384
-92161.47776	65485.36540	137.00000	112962.16328	-147.42377	0.00000	-0.00378	112960.00000	-708.88796	0.00000	-0.30378
-92177.79999	65496.92378	137.00000	112982.16357	-147.42508	0.00000	-0.00372	112980.00000	-708.99399	0.00000	-0.30372
-92194.12222	65508.48215	137.00000	113002.16385	-147.42637	0.00000	-0.00367	113000.00000	-709.10000	0.00000	-0.30367
-92210.44447	65520.04050	137.00000	113022.16413	-147.42764	0.00000	-0.00361	113020.00000	-709.20599	0.00000	-0.30361
-92226.76673	65531.59883	137.00000	113042.16441	-147.42889	0.00000	-0.00355	113040.00000	-709.31196	0.00000	-0.30355
-92243.08900	65543.15715	137.00000	113062.16469	-147.43011	0.00000	-0.00350	113060.00000	-709.41791	0.00000	-0.30350
-92259.41128	65554.71545	137.00000	113082.16497	-147.43132	0.00000	-0.00344	113080.00000	-709.52384	0.00000	-0.30344
-92275.73358	65566.27374	137.00000	113102.16525	-147.43251	0.00000	-0.00338	113100.00000	-709.62975	0.00000	-0.30338
-92292.05588	65577.83201	137.00000	113122.16553	-147.43368	0.00000	-0.00332	113120.00000	-709.73564	0.00000	-0.30332
-92308.37820	65589.39026	137.00000	113142.16581	-147.43483	0.00000	-0.00327	113140.00000	-709.84151	0.00000	-0.30327
-92324.70053	65600.94850	137.00000	113162.16609	-147.43596	0.00000	-0.00321	113160.00000	-709.94736	0.00000	-0.30321
-92341.02287	65612.50672	137.00000	113182.16637	-147.43707	0.00000	-0.00315	113180.00000	-710.05319	0.00000	-0.30315
-92357.34522	65624.06492	137.00000	113202.16665	-147.43816	0.00000	-0.00309	113200.00000	-710.15900	0.00000	-0.30309
-92373.66758	65635.62311	137.00000	113222.16693	-147.43923	0.00000	-0.00304	113220.00000	-710.26479	0.00000	-0.30304
-92389.98995	65647.18128	137.00000	113242.16721	-147.44028	0.00000	-0.00298	113240.00000	-710.37056	0.00000	-0.30298
-92406.31234	65658.73943	137.00000	113262.16749	-147.44131	0.00000	-0.00292	113260.00000	-710.47631	0.00000	-0.30292
-92422.63473	65670.29757	137.00000	113282.16777	-147.44232	0.00000	-0.00287	113280.00000	-710.58204	0.00000	-0.30287
-92438.95714	65681.85569	137.00000	113302.16805	-147.44331	0.00000	-0.00281	113300.00000	-710.68775	0.00000	-0.30281
-92455.27956	65693.41379	137.00000	113322.16833	-147.44428	0.00000	-0.00275	113320.00000	-710.79344	0.00000	-0.30275
-92471.60199	65704.97188	137.00000	113342.16861	-147.44522	0.00000	-0.00269	113340.00000	-710.89911	0.00000	-0.30269
-92487.92444	65716.52996	137.00000	113362.16888	-147.44615	0.00000	-0.00264	113360.00000	-711.00476	0.00000	-0.30264
-92504.24689	65728.08801	137.00000	113382.16916	-147.44706	0.00000	-0.00258	113380.00000	-711.11039	0.00000	-0.30258
-92520.56935	65739.64605	137.00000	113402.16944	-147.44795	0.00000	-0.00252	113400.00000	-711.21600	0.00000	-0.30252
-92536.89183	65751.20407	137.00000	113422.16972	-147.44882	0.00000	-0.00246	113420.00000	-711.32159	0.00000	-0.30246
-92553.21432	65762.76208	137.00000	113442.17000	-147.44967	0.00000	-0.00241	113440.00000	-711.42716	0.00000	-0.30241
-92569.53682	65774.32007	137.00000	113462.17028	-147.45050	0.00000	-0.00235	113460.00000	-711.53271	0.00000	-0.30235
-92585.85933	65785.87804	137.00000	113482.17056	-147.45131	0.00000	-0.00229	113480.00000	-711.63824	0.00000	-0.30229
-92602.18185	65797.43600	137.00000	113502.17083	-147.45210	0.00000	-0.00224	113500.00000	-711.74375	0.00000	-0.30224
-92618.50439	65808.99394	137.00000	113522.17111	-147.45287	0.00000	-0.00218	113520.00000	-711.84924	0.00000	-0.30218
-92634.82693	65820.55187	137.00000	113542.17139	-147.45362	0.00000	-0.00212	113540.00000	-711.95471	0.00000	-0.30212
-92651.14949	65832.10978	137.00000	113562.17167	-147.45435	0.00000	-0.00206	113560.00000	-712.06016	0.00000	-0.30206
-92667.47206	65843.66767	137.00000	113582.17195	-147.45506	0.00000	-0.00201	113580.00000	-712.16559	0.00000	-0.30201
-92683.79464	65855.22554	137.00000	113602.17222	-147.45575	0.00000	-0.00195	113600.00000	-712.27100	0.00000	-0.30195
-92700.11723	65866.78340	137.00000	113622.17250	-147.45641	0.00000	-0.00189	113620.00000	-712.37639	0.00000	-0.30189
-92716.43984	65878.34124	137.00000	113642.17278	-147.45706	0.00000	-0.00183	113640.00000	-712.48176	0.00000	-0.30183
-92732.76245	65889.89907	137.00000	113662.17306	-147.45769	0.00000	-0.00178	113660.00000	-712.58711	0.00000	-0.30178
-92749.08508	65901.45688	137.00000	113682.17333	-147.45830	0.00000	-0.00172	113680.00000	-712.69244	0.00000	-0.30172
-92765.40771	65913.01467	137.00000	113702.17361	-147.45889	0.00000	-0.00166	113700.00000	-712.79775	0.00000	-0.30166
-92781.73036	65924.57245	137.00000	113722.17389	-147.45946	0.00000	-0.00160	113720.00000	-712.90304	0.00000	-0.30160
-92798.05302	65936.13021	137.00000	113742.17417	-147.46001	0.00000	-0.00155	113740.00000	-713.00831	0.00000	-0.30155
-92814.37570	65947.68796	137.00000	113762.17444	-147.46054	0.00000	-0.00149	113760.00000	-713.11356	0.00000	-0.30149
-92830.69838	65959.24569	137.00000	113782.17472	-147.46105	0.00000	-0.00143	113780.00000	-713.21879	0.00000	-0.30143
-92847.02107	65970.80340	137.00000	113802.17500	-147.46154	0.00000	-0.00138	113800.00000	-713.32400	0.00000	-0.30138
-92863.34378	65982.36109	137.00000	113822.17527	-147.46201	0.00000	-0.00132	113820.00000	-713.42919	0.00000	-0.30132
-92879.66650	65993.91877	137.00000	113842.17555	-147.46246	0.00000	-0.00126	113840.00000	-713.53436	0.00000	-0.30126
-92895.98923	66005.47643	137.00000	113862.17583	-147.46289	0.00000	-0.00120	113860.00000	-713.63951	0.00000	-0.30120
-92912.31197	66017.03408	137.00000	113882.17610	-147.46330	0.00000	-0.00115	113880.00000	-713.74464	0.00000	-0.30115
-92928.63472	66028.59171	137.00000	113902.17638	-147.46368	0.00000	-0.00109	113900.00000	-713.84975	0.00000	-0.30109
-92944.95748	66040.14932	137.00000	113922.17665	-147.46405	0.00000	-0.00103	113920.00000	-713.95484	0.00000	-0.30103
-92961.28026	66051.70692	137.00000	113942.17693	-147.46440	0.00000	-0.00097	113940.00000	-714.05991	0.00000	-0.30097
-92977.60305	66063.26450	137.00000	113962.17721	-147.46473	0.00000	-0.00092	113960.00000	-714.16496	0.00000	-0.30092
-92993.92584	66074.82207	137.00000	113982.17748	-147.46504	0.00000	-0.00086	113980.00000	-714.26999	0.00000	-0.30086
-93010.24865	66086.37961	137.00000	114002.17776	-147.46533	0.00000	-0.00080	114000.00000	-714.37500	0.00000	-0.30080
-93026.57147	66097.93714	137.00000	114022.17803	-147.46560	0.00000	-0.00075	114020.00000	-714.47999	0.00000	-0.30075
-93042.89431	66109.49466	137.00000	114042.17831	-147.46585	0.00000	-0.00069	114040.00000	-714.58496	0.00000	-0.30069
-93059.21715	66121.05216	137.00000	114062.17858	-147.46608	0.00000	-0.00063	114060.00000	-714.68991	0.00000	-0.30063
-93075.54001	66132.60964	137.00000	114082.17886	-147.46629	0.00000	-0.00057	114080.00000	-714.79484	0.00000	-0.30057
-93091.86287	66144.16711	137.00000	114102.17913	-147.46648	0.00000	-0.00052	114100.00000	-714.89975	0.00000	-0.30052
-93108.18575	66155.72456	137.00000	114122.17941	-147.46665	0.00000	-0.00046	114120.00000	-715.00464	0.00000	-0.30046
-93124.50864	66167.28199	137.00000	114142.17968	-147.46680	0.00000	-0.00040	114140.00000	-715.10951	0.00000	-0.30040
-93140.83154	66178.83941	137.00000	114162.17996	-147.46693	0.00000	-0.00034	114160.00000	-715.21436	0.00000	-0.30034
-93157.15446	66190.39681	137.00000	114182.18023	-147.46703	0.00000	-0.00029	114180.00000	-715.31919	0.00000	-0.30029
-93173.47738	66201.95419	137.00000	114202.18051	-147.46712	0.00000	-0.00023	114200.00000	-715.42400	0.00000	-0.30023
-93189.80032	66213.51156	137.00000	114222.18078	-147.46719	0.00000	-0.00017	114220.00000	-715.52879	0.00000	-0.30017
-93206.12326	66225.06891	137.00000	114242.18106	-147.46724	0.00000	-0.00012	114240.00000	-715.63356	0.00000	-0.30012
-93222.44622	66236.62624	137.00000	114262.18133	-147.46727	0.00000	-0.00006	114260.00000	-715.73831	0.00000	-0.30006
-93238.76919	66248.18356	137.00000	114282.18161	-147.46728	0.00000	-0.00000	114280.00000	-715.84304	0.00000	-0.30000
-93255.09217	66259.74087	137.00000	114302.18188	-147.46727	0.00000	0.00006	114300.00000	-715.94775	0.00000	-0.29994
-93271.41517	66271.29815	137.00000	114322.18215	-147.46724	0.00000	0.00011	114320.00000	-716.05244	0.00000	-0.29989
-93287.73817	66282.85542	137.00000	114342.18243	-147.46719	0.00000	0.00017	114340.00000	-716.15711	0.00000	-0.29983
-93304.06119	66294.41267	137.00000	114362.18270	-147.46712	0.00000	0.00023	114360.00000	-716.26176	0.00000	-0.29977
-93320.38422	66305.96991	137.00000	114382.18298	-147.46703	0.00000	0.00029	114380.00000	-716.36639	0.00000	-0.29971
-93336.70726	66317.52713	137.00000	114402.18325	-147.46692	0.00000	0.00034	114400.00000	-716.47100	0.00000	-0.29966
-93353.03031	66329.08433	137.00000	114422.18352	-147.46679	0.00000	0.00040	114420.00000	-716.57559	0.00000	-0.29960
-93369.35337	66340.64152	137.00000	114442.18380	-147.46664	0.00000	0.00046	114440.00000	-716.68016	0.00000	-0.29954
-93385.67644	66352.19869	137.00000	114462.18407	-147.46646	0.00000	0.00051	114460.00000	-716.78471	0.00000	-0.29949
-93401.99953	66363.75585	137.00000	114482.18434	-147.46627	0.00000	0.00057	114480.00000	-716.88924	0.00000	-0.29943
-93418.32262	66375.31299	137.00000	114502.18462	-147.46606	0.00000	0.00063	114500.00000	-716.99375	0.00000	-0.29937
-93434.64573	66386.87011	137.00000	114522.18489	-147.46583	0.00000	0.00069	114520.00000	-717.09824	0.00000	-0.29931
-93450.96885	66398.42721	137.00000	114542.18516	-147.46558	0.00000	0.00074	114540.00000	-717.20271	0.00000	-0.29926
-93467.29198	66409.98430	137.00000	114562.18543	-147.46531	0.00000	0.00080	114560.00000	-717.30716	0.00000	-0.29920
-93483.61512	66421.54138	137.00000	114582.18571	-147.46502	0.00000	0.00086	114580.00000	-717.41159	0.00000	-0.29914
-93499.93828	66433.09843	137.00000	114602.18598	-147.46471	0.00000	0.00092	114600.00000	-717.51600	0.00000	-0.29908
-93516.26144	66444.65547	137.00000	114622.18625	-147.46438	0.00000	0.00097	114620.00000	-717.62039	0.00000	-0.29903
-93532.58462	66456.21250	137.00000	114642.18652	-147.46403	0.00000	0.00103	114640.00000	-717.72476	0.00000	-0.29897
-93548.90781	66467.76950	137.00000	114662.18680	-147.46366	0.00000	0.00109	114660.00000	-717.82911	0.00000	-0.29891
-93565.23101	66479.32649	137.00000	114682.18707	-147.46327	0.00000	0.00115	114680.00000	-717.93344	0.00000	-0.29885
-93581.55422	66490.88347	137.00000	114702.18734	-147.46286	0.00000	0.00120	114700.00000	-718.03775	0.00000	-0.29880
-93597.87744	66502.44043	137.00000	114722.18761	-147.46243	0.00000	0.00126	114720.00000	-718.14204	0.00000	-0.29874
-93614.20067	66513.99737	137.00000	114742.18788	-147.46197	0.00000	0.00132	114740.00000	-718.24631	0.00000	-0.29868
-93630.52392	66525.55429	137.00000	114762.18816	-147.46150	0.00000	0.00137	114760.00000	-718.35056	0.00000	-0.29863
-93646.84718	66537.11120	137.00000	114782.18843	-147.46101	0.00000	0.00143	114780.00000	-718.45479	0.00000	-0.29857
-93663.17045	66548.66809	137.00000	114802.18870	-147.46050	0.00000	0.00149	114800.00000	-718.55900	0.00000	-0.29851
-93679.49373	66560.22497	137.00000	114822.18897	-147.45997	0.00000	0.00155	114820.00000	-718.66319	0.00000	-0.29845
-93695.81702	66571.78183	137.00000	114842.18924	-147.45942	0.00000	0.00160	114840.00000	-718.76736	0.00000	-0.29840
-93712.14032	66583.33867	137.00000	114862.18951	-147.45885	0.00000	0.00166	114860.00000	-718.87151	0.00000	-0.29834
-93728.46363	66594.89550	137.00000	114882.18978	-147.45826	0.00000	0.00172	114880.00000	-718.97564	0.00000	-0.29828
-93744.78696	66606.45231	137.00000	114902.19005	-147.45765	0.00000	0.00178	114900.00000	-719.07975	0.00000	-0.29822
-93761.11030	66618.00911	137.00000	114922.19033	-147.45702	0.00000	0.00183	114920.00000	-719.18384	0.00000	-0.29817
-93777.43365	66629.56588	137.00000	114942.19060	-147.45637	0.00000	0.00189	114940.00000	-719.28791	0.00000	-0.29811
-93793.75701	66641.12265	137.00000	114962.19087	-147.45570	0.00000	0.00195	114960.00000	-719.39196	0.00000	-0.29805
-93810.08038	66652.67939	137.00000	114982.19114	-147.45501	0.00000	0.00200	114980.00000	-719.49599	0.00000	-0.29800
-93826.40376	66664.23612	137.00000	115002.19141	-147.45430	0.00000	0.00206	115000.00000	-719.60000	0.00000	-0.29794
-93842.72716	66675.79283	137.00000	115022.19168	-147.45356	0.00000	0.00212	115020.00000	-719.70399	0.00000	-0.29788
-93859.05056	66687.34953	137.00000	115042.19195	-147.45281	0.00000	0.00218	115040.00000	-719.80796	0.00000	-0.29782
-93875.37398	66698.90621	137.00000	115062.19222	-147.45204	0.00000	0.00223	115060.00000	-719.91191	0.00000	-0.29777
-93891.69741	66710.46287	137.00000	115082.19249	-147.45125	0.00000	0.00229	115080.00000	-720.01584	0.00000	-0.29771
-93908.02085	66722.01952	137.00000	115102.19276	-147.45044	0.00000	0.00235	115100.00000	-720.11975	0.00000	-0.29765
-93924.34430	66733.57615	137.00000	115122.19303	-147.44961	0.00000	0.00241	115120.00000	-720.22364	0.00000	-0.29759
-93940.66776	66745.13276	137.00000	115142.19330	-147.44876	0.00000	0.00246	115140.00000	-720.32751	0.00000	-0.29754
-93956.99124	66756.68936	137.00000	115162.19357	-147.44789	0.00000	0.00252	115160.00000	-720.43136	0.00000	-0.29748
-93973.31473	66768.24594	137.00000	115182.19384	-147.44700	0.00000	0.00258	115180.00000	-720.53519	0.00000	-0.29742
-93989.63822	66779.80251	137.00000	115202.19411	-147.44609	0.00000	0.00263	115200.00000	-720.63900	0.00000	-0.29737
-94005.96173	66791.35905	137.00000	115222.19438	-147.44516	0.00000	0.00269	115220.00000	-720.74279	0.00000	-0.29731
-94022.28525	66802.91559	137.00000	115242.19465	-147.44421	0.00000	0.00275	115240.00000	-720.84656	0.00000	-0.29725
-94038.60879	66814.47210	137.00000	115262.19491	-147.44324	0.00000	0.00281	115260.00000	-720.95031	0.00000	-0.29719
-94054.93233	66826.02860	137.00000	115282.19518	-147.44225	0.00000	0.00286	115280.00000	-721.05404	0.00000	-0.29714
-94071.25589	66837.58508	137.00000	115302.19545	-147.44123	0.00000	0.00292	115300.00000	-721.15775	0.00000	-0.29708
-94087.57945	66849.14155	137.00000	115322.19572	-147.44020	0.00000	0.00298	115320.00000	-721.26144	0.00000	-0.29702
-94103.90303	66860.69800	137.00000	115342.19599	-147.43915	0.00000	0.00304	115340.00000	-721.36511	0.00000	-0.29696
-94120.22662	66872.25443	137.00000	115362.19626	-147.43808	0.00000	0.00309	115360.00000	-721.46876	0.00000	-0.29691
-94136.55022	66883.81085	137.00000	115382.19653	-147.43699	0.00000	0.00315	115380.00000	-721.57239	0.00000	-0.29685
-94152.87383	66895.36725	137.00000	115402.19679	-147.43588	0.00000	0.00321	115400.00000	-721.67600	0.00000	-0.29679
-94169.19746	66906.92364	137.00000	115422.19706	-147.43475	0.00000	0.00327	115420.00000	-721.77959	0.00000	-0.29673
-94185.52109	66918.48001	137.00000	115442.19733	-147.43360	0.00000	0.00332	115440.00000	-721.88316	0.00000	-0.29668
-94201.84474	66930.03636	137.00000	115462.19760	-147.43243	0.00000	0.00338	115460.00000	-721.98671	0.00000	-0.29662
-94218.16840	66941.59269	137.00000	115482.19787	-147.43124	0.00000	0.00344	115480.00000	-722.09024	0.00000	-0.29656
-94234.49207	66953.14901	137.00000	115502.19813	-147.43003	0.00000	0.00349	115500.00000	-722.19375	0.00000	-0.29651
-94250.81575	66964.70532	137.00000	115522.19840	-147.42880	0.00000	0.00355	115520.00000	-722.29724	0.00000	-0.29645
-94267.13944	66976.26160	137.00000	115542.19867	-147.42755	0.00000	0.00361	115540.00000	-722.40071	0.00000	-0.29639
-94283.46315	66987.81787	137.00000	115562.19894	-147.42628	0.00000	0.00367	115560.00000	-722.50416	0.00000	-0.29633
-94299.78686	66999.37413	137.00000	115582.19921	-147.42499	0.00000	0.00372	115580.00000	-722.60759	0.00000	-0.29628
-94316.11059	67010.93036	137.00000	115602.19947	-147.42367	0.00000	0.00378	115600.00000	-722.71100	0.00000	-0.29622
-94332.43433	67022.48658	137.00000	115622.19974	-147.42234	0.00000	0.00384	115620.00000	-722.81439	0.00000	-0.29616
-94348.75808	67034.04279	137.00000	115642.20001	-147.42099	0.00000	0.00390	115640.00000	-722.91776	0.00000	-0.29610
-94365.08184	67045.59898	137.00000	115662.20027	-147.41962	0.00000	0.00395	115660.00000	-723.02111	0.00000	-0.29605
-94381.40562	67057.15515	137.00000	115682.20054	-147.41823	0.00000	0.00401	115680.00000	-723.12444	0.00000	-0.29599
-94397.72940	67068.71130	137.00000	115702.20081	-147.41682	0.00000	0.00407	115700.00000	-723.22775	0.00000	-0.29593
-94414.05320	67080.26744	137.00000	115722.20107	-147.41539	0.00000	0.00412	115720.00000	-723.33104	0.00000	-0.29588
-94430.37700	67091.82356	137.00000	115742.20134	-147.41394	0.00000	0.00418	115740.00000	-723.43431	0.00000	-0.29582
-94446.70082	67103.37967	137.00000	115762.20161	-147.41247	0.00000	0.00424	115760.00000	-723.53756	0.00000	-0.29576
-94463.02465	67114.93576	137.00000	115782.20187	-147.41098	0.00000	0.00430	115780.00000	-723.64079	0.00000	-0.29570
-94479.34850	67126.49183	137.00000	115802.20214	-147.40947	0.00000	0.00435	115800.00000	-723.74400	0.00000	-0.29565
-94495.67235	67138.04789	137.00000	115822.20241	-147.40794	0.00000	0.00441	115820.00000	-723.84719	0.00000	-0.29559
-94511.99621	67149.60393	137.00000	115842.20267	-147.40639	0.00000	0.00447	115840.00000	-723.95036	0.00000	-0.29553
-94528.32009	67161.15996	137.00000	115862.20294	-147.40482	0.00000	0.00453	115860.00000	-724.05351	0.00000	-0.29547
-94544.64398	67172.71596	137.00000	115882.20320	-147.40322	0.00000	0.00458	115880.00000	-724.15664	0.00000	-0.29542
-94560.96788	67184.27196	137.00000	115902.20347	-147.40161	0.00000	0.00464	115900.00000	-724.25975	0.00000	-0.29536
-94577.29179	67195.82793	137.00000	115922.20373	-147.39998	0.00000	0.00470	115920.00000	-724.36284	0.00000	-0.29530
-94593.61571	67207.38389	137.00000	115942.20400	-147.39833	0.00000	0.00475	115940.00000	-724.46591	0.00000	-0.29525
-94609.93965	67218.93983	137.00000	115962.20427	-147.39666	0.00000	0.00481	115960.00000	-724.56896	0.00000	-0.29519
-94626.26359	67230.49576	137.00000	115982.20453	-147.39497	0.00000	0.00487	115980.00000	-724.67199	0.00000	-0.29513
-94642.58755	67242.05167	137.00000	116002.20480	-147.39326	0.00000	0.00493	116000.00000	-724.77500	0.00000	-0.29507
-94658.91152	67253.60756	137.00000	116022.20506	-147.39153	0.00000	0.00498	116020.00000	-724.87799	0.00000	-0.29502
-94675.23550	67265.16344	137.00000	116042.20533	-147.38978	0.00000	0.00504	116040.00000	-724.98096	0.00000	-0.29496
-94691.55949	67276.71930	137.00000	116062.20559	-147.38801	0.00000	0.00510	116060.00000	-725.08391	0.00000	-0.29490
-94707.88349	67288.27514	137.00000	116082.20586	-147.38622	0.00000	0.00516	116080.00000	-725.18684	0.00000	-0.29484
-94724.20750	67299.83097	137.00000	116102.20612	-147.38441	0.00000	0.00521	116100.00000	-725.28975	0.00000	-0.29479
-94740.53153	67311.38678	137.00000	116122.20639	-147.38258	0.00000	0.00527	116120.00000	-725.39264	0.00000	-0.29473
-94756.85557	67322.94258	137.00000	116142.20665	-147.38073	0.00000	0.00533	116140.00000	-725.49551	0.00000	-0.29467
-94773.17961	67334.49835	137.00000	116162.20691	-147.37886	0.00000	0.00539	116160.00000	-725.59836	0.00000	-0.29461
-94789.50367	67346.05412	137.00000	116182.20718	-147.37696	0.00000	0.00544	116180.00000	-725.70119	0.00000	-0.29456
-94805.82775	67357.60986	137.00000	116202.20744	-147.37505	0.00000	0.00550	116200.00000	-725.80400	0.00000	-0.29450
-94822.15183	67369.16559	137.00000	116222.20771	-147.37312	0.00000	0.00556	116220.00000	-725.90679	0.00000	-0.29444
-94838.47592	67380.72130	137.00000	116242.20797	-147.37117	0.00000	0.00561	116240.00000	-726.00956	0.00000	-0.29439
-94854.80003	67392.27700	137.00000	116262.20823	-147.36920	0.00000	0.00567	116260.00000	-726.11231	0.00000	-0.29433
-94871.12415	67403.83268	137.00000	116282.20850	-147.36721	0.00000	0.00573	116280.00000	-726.21504	0.00000	-0.29427
-94887.44828	67415.38835	137.00000	116302.20876	-147.36520	0.00000	0.00579	116300.00000	-726.31775	0.00000	-0.29421
-94903.77242	67426.94399	137.00000	116322.20903	-147.36317	0.00000	0.00584	116320.00000	-726.42044	0.00000	-0.29416
-94920.09657	67438.49962	137.00000	116342.20929	-147.36112	0.00000	0.00590	116340.00000	-726.52311	0.00000	-0.29410
-94936.42073	67450.05524	137.00000	116362.20955	-147.35905	0.00000	0.00596	116360.00000	-726.62576	0.00000	-0.29404
-94952.74491	67461.61084	137.00000	116382.20982	-147.35696	0.00000	0.00602	116380.00000	-726.72839	0.00000	-0.29398
-94969.06909	67473.16642	137.00000	116402.21008	-147.35485	0.00000	0.00607	116400.00000	-726.83100	0.00000	-0.29393
-94985.39329	67484.72198	137.00000	116422.21034	-147.35272	0.00000	0.00613	116420.00000	-726.93359	0.00000	-0.29387
-95001.71750	67496.27753	137.00000	116442.21060	-147.35057	0.00000	0.00619	116440.00000	-727.03616	0.00000	-0.29381
-95018.04172	67507.83307	137.00000	116462.21087	-147.34839	0.00000	0.00624	116460.00000	-727.13871	0.00000	-0.29376
-95034.36595	67519.38858	137.00000	116482.21113	-147.34620	0.00000	0.00630	116480.00000	-727.24124	0.00000	-0.29370
-95050.69019	67530.94408	137.00000	116502.21139	-147.34399	0.00000	0.00636	116500.00000	-727.34375	0.00000	-0.29364
-95067.01445	67542.49957	137.00000	116522.21165	-147.34176	0.00000	0.00642	116520.00000	-727.44624	0.00000	-0.29358
-95083.33872	67554.05503	137.00000	116542.21192	-147.33951	0.00000	0.00647	116540.00000	-727.54871	0.00000	-0.29353
-95099.66299	67565.61048	137.00000	116562.21218	-147.33724	0.00000	0.00653	116560.00000	-727.65116	0.00000	-0.29347
-95115.98728	67577.16592	137.00000	116582.21244	-147.33495	0.00000	0.00659	116580.00000	-727.75359	0.00000	-0.29341
-95132.31158	67588.72134	137.00000	116602.21270	-147.33264	0.00000	0.00665	116600.00000	-727.85600	0.00000	-0.29335
-95148.63590	67600.27674	137.00000	116622.21297	-147.33031	0.00000	0.00670	116620.00000	-727.95839	0.00000	-0.29330
-95164.96022	67611.83212	137.00000	116642.21323	-147.32796	0.00000	0.00676	116640.00000	-728.06076	0.00000	-0.29324
-95181.28456	67623.38749	137.00000	116662.21349	-147.32559	0.00000	0.00682	116660.00000	-728.16311	0.00000	-0.29318
-95197.60890	67634.94285	137.00000	116682.21375	-147.32320	0.00000	0.00687	116680.00000	-728.26544	0.00000	-0.29313
-95213.93326	67646.49818	137.00000	116702.21401	-147.32079	0.00000	0.00693	116700.00000	-728.36775	0.00000	-0.29307
-95230.25763	67658.05350	137.00000	116722.21427	-147.31836	0.00000	0.00699	116720.00000	-728.47004	0.00000	-0.29301
-95246.58201	67669.60880	137.00000	116742.21454	-147.31591	0.00000	0.00705	116740.00000	-728.57231	0.00000	-0.29295
-95262.90641	67681.16409	137.00000	116762.21480	-147.31343	0.00000	0.00710	116760.00000	-728.67456	0.00000	-0.29290
-95279.23081	67692.71936	137.00000	116782.21506	-147.31094	0.00000	0.00716	116780.00000	-728.77679	0.00000	-0.29284
-95295.55522	67704.27462	137.00000	116802.21532	-147.30843	0.00000	0.00722	116800.00000	-728.87900	0.00000	-0.29278
-95311.87965	67715.82985	137.00000	116822.21558	-147.30590	0.00000	0.00728	116820.00000	-728.98119	0.00000	-0.29272
-95328.20409	67727.38508	137.00000	116842.21584	-147.30335	0.00000	0.00733	116840.00000	-729.08336	0.00000	-0.29267
-95344.52854	67738.94028	137.00000	116862.21610	-147.30078	0.00000	0.00739	116860.00000	-729.18551	0.00000	-0.29261
-95360.85300	67750.49547	137.00000	116882.21636	-147.29819	0.00000	0.00745	116880.00000	-729.28764	0.00000	-0.29255
-95377.17748	67762.05064	137.00000	116902.21662	-147.29558	0.00000	0.00751	116900.00000	-729.38975	0.00000	-0.29249
-95393.50196	67773.60580	137.00000	116922.21688	-147.29295	0.00000	0.00756	116920.00000	-729.49184	0.00000	-0.29244
-95409.82646	67785.16094	137.00000	116942.21714	-147.29030	0.00000	0.00762	116940.00000	-729.59391	0.00000	-0.29238
-95426.15096	67796.71606	137.00000	116962.21740	-147.28763	0.00000	0.00768	116960.00000	-729.69596	0.00000	-0.29232
-95442.47548	67808.27117	137.00000	116982.21766	-147.28494	0.00000	0.00773	116980.00000	-729.79799	0.00000	-0.29227
-95458.80001	67819.82626	137.00000	117002.21792	-147.28223	0.00000	0.00779	117000.00000	-729.90000	0.00000	-0.29221
-95475.12455	67831.38133	137.00000	117022.21818	-147.27950	0.00000	0.00785	117020.00000	-730.00199	0.00000	-0.29215
-95491.44911	67842.93639	137.00000	117042.21844	-147.27675	0.00000	0.00791	117040.00000	-730.10396	0.00000	-0.29209
-95507.77367	67854.49143	137.00000	117062.21870	-147.27397	0.00000	0.00796	117060.00000	-730.20591	0.00000	-0.29204
-95524.09825	67866.04646	137.00000	117082.21896	-147.27118	0.00000	0.00802	117080.00000	-730.30784	0.00000	-0.29198
-95540.42284	67877.60146	137.00000	117102.21922	-147.26837	0.00000	0.00808	117100.00000	-730.40975	0.00000	-0.29192
-95556.74744	67889.15646	137.00000	117122.21948	-147.26554	0.00000	0.00814	117120.00000	-730.51164	0.00000	-0.29186
-95573.07205	67900.71143	137.00000	117142.21974	-147.26269	0.00000	0.00819	117140.00000	-730.61351	0.00000	-0.29181
-95589.39667	67912.26639	137.00000	117162.22000	-147.25982	0.00000	0.00825	117160.00000	-730.71536	0.00000	-0.29175
-95605.72130	67923.82133	137.00000	117182.22026	-147.25693	0.00000	0.00831	117180.00000	-730.81719	0.00000	-0.29169
-95622.04595	67935.37626	137.00000	117202.22052	-147.25402	0.00000	0.00836	117200.00000	-730.91900	0.00000	-0.29164
-95638.37060	67946.93117	137.00000	117222.22078	-147.25109	0.00000	0.00842	117220.00000	-731.02079	0.00000	-0.29158
-95654.69527	67958.48607	137.00000	117242.22103	-147.24814	0.00000	0.00848	117240.00000	-731.12256	0.00000	-0.29152
-95671.01995	67970.04094	137.00000	117262.22129	-147.24517	0.00000	0.00854	117260.00000	-731.22431	0.00000	-0.29146
-95687.34464	67981.59580	137.00000	117282.22155	-147.24218	0.00000	0.00859	117280.00000	-731.32604	0.00000	-0.29141
-95703.66934	67993.15065	137.00000	117302.22181	-147.23917	0.00000	0.00865	117300.00000	-731.42775	0.00000	-0.29135
-95719.99406	68004.70548	137.00000	117322.22207	-147.23614	0.00000	0.00871	117320.00000	-731.52944	0.00000	-0.29129
-95736.31878	68016.26029	137.00000	117342.22233	-147.23309	0.00000	0.00877	117340.00000	-731.63111	0.00000	-0.29123
-95752.64352	68027.81508	137.00000	117362.22258	-147.23001	0.00000	0.00882	117360.00000	-731.73276	0.00000	-0.29118
-95768.96827	68039.36986	137.00000	117382.22284	-147.22692	0.00000	0.00888	117380.00000	-731.83439	0.00000	-0.29112
-95785.29303	68050.92463	137.00000	117402.22310	-147.22381	0.00000	0.00894	117400.00000	-731.93600	0.00000	-0.29106
-95801.61780	68062.47937	137.00000	117422.22336	-147.22068	0.00000	0.00899	117420.00000	-732.03759	0.00000	-0.29101
-95817.94258	68074.03410	137.00000	117442.22362	-147.21753	0.00000	0.00905	117440.00000	-732.13916	0.00000	-0.29095
-95834.26738	68085.58882	137.00000	117462.22387	-147.21436	0.00000	0.00911	117460.00000	-732.24071	0.00000	-0.29089
-95850.59218	68097.14351	137.00000	117482.22413	-147.21117	0.00000	0.00917	117480.00000	-732.34224	0.00000	-0.29083
-95866.91700	68108.69819	137.00000	117502.22439	-147.20796	0.00000	0.00922	117500.00000	-732.44375	0.00000	-0.29078
-95883.24183	68120.25286	137.00000	117522.22465	-147.20473	0.00000	0.00928	117520.00000	-732.54524	0.00000	-0.29072
-95899.56667	68131.80751	137.00000	117542.22490	-147.20148	0.00000	0.00934	117540.00000	-732.64671	0.00000	-0.29066
-95915.89152	68143.36214	137.00000	117562.22516	-147.19821	0.00000	0.00940	117560.00000	-732.74816	0.00000	-0.29060
-95932.21638	68154.91675	137.00000	117582.22542	-147.19492	0.00000	0.00945	117580.00000	-732.84959	0.00000	-0.29055
-95948.54126	68166.47135	137.00000	117602.22567	-147.19161	0.00000	0.00951	117600.00000	-732.95100	0.00000	-0.29049
-95964.86614	68178.02594	137.00000	117622.22593	-147.18828	0.00000	0.00957	117620.00000	-733.05239	0.00000	-0.29043
-95981.19104	68189.58050	137.00000	117642.22619	-147.18492	0.00000	0.00962	117640.00000	-733.15376	0.00000	-0.29038
-95997.51595	68201.13505	137.00000	117662.22644	-147.18155	0.00000	0.00968	117660.00000	-733.25511	0.00000	-0.29032
-96013.84087	68212.68958	137.00000	117682.22670	-147.17816	0.00000	0.00974	117680.00000	-733.35644	0.00000	-0.29026
-96030.16580	68224.24410	137.00000	117702.22696	-147.17475	0.00000	0.00980	117700.00000	-733.45775	0.00000	-0.29020
-96046.49074	68235.79860	137.00000	117722.22721	-147.17132	0.00000	0.00985	117720.00000	-733.55904	0.00000	-0.29015
-96062.81570	68247.35309	137.00000	117742.22747	-147.16787	0.00000	0.00991	117740.00000	-733.66031	0.00000	-0.29009
-96079.14067	68258.90755	137.00000	117762.22772	-147.16440	0.00000	0.00997	117760.00000	-733.76156	0.00000	-0.29003
-96095.46564	68270.46201	137.00000	117782.22798	-147.16091	0.00000	0.01003	117780.00000	-733.86279	0.00000	-0.28997
-96111.79063	68282.01644	137.00000	117802.22824	-147.15740	0.00000	0.01008	117800.00000	-733.96400	0.00000	-0.28992
-96128.11563	68293.57086	137.00000	117822.22849	-147.15387	0.00000	0.01014	117820.00000	-734.06519	0.00000	-0.28986
-96144.44065	68305.12526	137.00000	117842.22875	-147.15032	0.00000	0.01020	117840.00000	-734.16636	0.00000	-0.28980
-96160.76567	68316.67965	137.00000	117862.22900	-147.14675	0.00000	0.01026	117860.00000	-734.26751	0.00000	-0.28974
-96177.09070	68328.23402	137.00000	117882.22926	-147.14316	0.00000	0.01031	117880.00000	-734.36864	0.00000	-0.28969
-96193.41575	68339.78837	137.00000	117902.22951	-147.13955	0.00000	0.01037	117900.00000	-734.46975	0.00000	-0.28963
-96209.74081	68351.34271	137.00000	117922.22977	-147.13592	0.00000	0.01043	117920.00000	-734.57084	0.00000	-0.28957
-96226.06588	68362.89703	137.00000	117942.23002	-147.13227	0.00000	0.01048	117940.00000	-734.67191	0.00000	-0.28952
-96242.39096	68374.45133	137.00000	117962.23028	-147.12859	0.00000	0.01054	117960.00000	-734.77296	0.00000	-0.28946
-96258.71605	68386.00562	137.00000	117982.23053	-147.12490	0.00000	0.01060	117980.00000	-734.87399	0.00000	-0.28940
-96275.04116	68397.55989	137.00000	118002.23079	-147.12119	0.00000	0.01066	118000.00000	-734.97500	0.00000	-0.28934
-96291.36627	68409.11415	137.00000	118022.23104	-147.11746	0.00000	0.01071	118020.00000	-735.07599	0.00000	-0.28929
-96307.69140	68420.66838	137.00000	118042.23130	-147.11371	0.00000	0.01077	118040.00000	-735.17696	0.00000	-0.28923
-96324.01654	68432.22261	137.00000	118062.23155	-147.10994	0.00000	0.01083	118060.00000	-735.27791	0.00000	-0.28917
-96340.34169	68443.77681	137.00000	118082.23181	-147.10615	0.00000	0.01089	118080.00000	-735.37884	0.00000	-0.28911
-96356.66685	68455.33100	137.00000	118102.23206	-147.10234	0.00000	0.01094	118100.00000	-735.47975	0.00000	-0.28906
-96372.99202	68466.88517	137.00000	118122.23231	-147.09851	0.00000	0.01100	118120.00000	-735.58064	0.00000	-0.28900
-96389.31720	68478.43933	137.00000	118142.23257	-147.09466	0.00000	0.01106	118140.00000	-735.68151	0.00000	-0.28894
-96405.64240	68489.99347	137.00000	118162.23282	-147.09079	0.00000	0.01111	118160.00000	-735.78236	0.00000	-0.28889
-96421.96761	68501.54760	137.00000	118182.23308	-147.08690	0.00000	0.01117	118180.00000	-735.88319	0.00000	-0.28883
-96438.29283	68513.10170	137.00000	118202.23333	-147.08299	0.00000	0.01123	118200.00000	-735.98400	0.00000	-0.28877
-96454.61806	68524.65579	137.00000	118222.23358	-147.07906	0.00000	0.01129	118220.00000	-736.08479	0.00000	-0.28871
-96470.94330	68536.20987	137.00000	118242.23384	-147.07511	0.00000	0.01134	118240.00000	-736.18556	0.00000	-0.28866
-96487.26855	68547.76393	137.00000	118262.23409	-147.07113	0.00000	0.01140	118260.00000	-736.28631	0.00000	-0.28860
-96503.59382	68559.31797	137.00000	118282.23434	-147.06714	0.00000	0.01146	118280.00000	-736.38704	0.00000	-0.28854
-96519.91909	68570.87199	137.00000	118302.23460	-147.06313	0.00000	0.01152	118300.00000	-736.48775	0.00000	-0.28848
-96536.24438	68582.42600	137.00000	118322.23485	-147.05910	0.00000	0.01157	118320.00000	-736.58844	0.00000	-0.28843
-96552.56968	68593.98000	137.00000	118342.23510	-147.05505	0.00000	0.01163	118340.00000	-736.68911	0.00000	-0.28837
-96568.89499	68605.53397	137.00000	118362.23535	-147.05098	0.00000	0.01169	118360.00000	-736.78976	0.00000	-0.28831
-96585.22031	68617.08793	137.00000	118382.23561	-147.04689	0.00000	0.01174	118380.00000	-736.89039	0.00000	-0.28826
-96601.54564	68628.64188	137.00000	118402.23586	-147.04278	0.00000	0.01180	118400.00000	-736.99100	0.00000	-0.28820
-96617.87099	68640.19580	137.00000	118422.23611	-147.03865	0.00000	0.01186	118420.00000	-737.09159	0.00000	-0.28814
-96634.19634	68651.74971	137.00000	118442.23637	-147.03450	0.00000	0.01192	118440.00000	-737.19216	0.00000	-0.28808
-96650.52171	68663.30361	137.00000	118462.23662	-147.03033	0.00000	0.01197	118460.00000	-737.29271	0.00000	-0.28803
-96666.84709	68674.85749	137.00000	118482.23687	-147.02614	0.00000	0.01203	118480.00000	-737.39324	0.00000	-0.28797
-96683.17248	68686.41135	137.00000	118502.23712	-147.02193	0.00000	0.01209	118500.00000	-737.49375	0.00000	-0.28791
-96699.49788	68697.96519	137.00000	118522.23737	-147.01770	0.00000	0.01215	118520.00000	-737.59424	0.00000	-0.28785
-96715.82330	68709.51902	137.00000	118542.23763	-147.01345	0.00000	0.01220	118540.00000	-737.69471	0.00000	-0.28780
-96732.14872	68721.07284	137.00000	118562.23788	-147.00917	0.00000	0.01226	118560.00000	-737.79516	0.00000	-0.28774
-96748.47416	68732.62663	137.00000	118582.23813	-147.00488	0.00000	0.01232	118580.00000	-737.89559	0.00000	-0.28768
-96764.79961	68744.18041	137.00000	118602.23838	-147.00057	0.00000	0.01238	118600.00000	-737.99600	0.00000	-0.28762
-96781.12507	68755.73417	137.00000	118622.23863	-146.99624	0.00000	0.01243	118620.00000	-738.09639	0.00000	-0.28757
-96797.45054	68767.28792	137.00000	118642.23888	-146.99189	0.00000	0.01249	118640.00000	-738.19676	0.00000	-0.28751
-96813.77602	68778.84165	137.00000	118662.23914	-146.98752	0.00000	0.01255	118660.00000	-738.29711	0.00000	-0.28745
-96830.10152	68790.39537	137.00000	118682.23939	-146.98313	0.00000	0.01260	118680.00000	-738.39744	0.00000	-0.28740
-96846.42702	68801.94906	137.00000	118702.23964	-146.97872	0.00000	0.01266	118700.00000	-738.49775	0.00000	-0.28734
-96862.75254	68813.50275	137.00000	118722.23989	-146.97429	0.00000	0.01272	118720.00000	-738.59804	0.00000	-0.28728
-96879.07807	68825.05641	137.00000	118742.24014	-146.96984	0.00000	0.01278	118740.00000	-738.69831	0.00000	-0.28722
-96895.40361	68836.61006	137.00000	118762.24039	-146.96537	0.00000	0.01283	118760.00000	-738.79856	0.00000	-0.28717
-96911.72916	68848.16369	137.00000	118782.24064	-146.96088	0.00000	0.01289	118780.00000	-738.89879	0.00000	-0.28711
-96928.05472	68859.71731	137.00000	118802.24089	-146.95637	0.00000	0.01295	118800.00000	-738.99900	0.00000	-0.28705
-96944.38029	68871.27091	137.00000	118822.24114	-146.95184	0.00000	0.01301	118820.00000	-739.09919	0.00000	-0.28699
-96960.70588	68882.82449	137.00000	118842.24139	-146.94729	0.00000	0.01306	118840.00000	-739.19936	0.00000	-0.28694
-96977.03148	68894.37806	137.00000	118862.24164	-146.94271	0.00000	0.01312	118860.00000	-739.29951	0.00000	-0.28688
-96993.35709	68905.93161	137.00000	118882.24189	-146.93812	0.00000	0.01318	118880.00000	-739.39964	0.00000	-0.28682
-97009.68271	68917.48514	137.00000	118902.24214	-146.93351	0.00000	0.01323	118900.00000	-739.49975	0.00000	-0.28677
-97026.00834	68929.03866	137.00000	118922.24239	-146.92888	0.00000	0.01329	118920.00000	-739.59984	0.00000	-0.28671
-97042.33398	68940.59216	137.00000	118942.24264	-146.92423	0.00000	0.01335	118940.00000	-739.69991	0.00000	-0.28665
-97058.65964	68952.14565	137.00000	118962.24289	-146.91956	0.00000	0.01341	118960.00000	-739.79996	0.00000	-0.28659
-97074.98530	68963.69911	137.00000	118982.24314	-146.91487	0.00000	0.01346	118980.00000	-739.89999	0.00000	-0.28654
-97091.31098	68975.25257	137.00000	119002.24339	-146.91016	0.00000	0.01352	119000.00000	-740.00000	0.00000	-0.28648
-97107.63667	68986.80600	137.00000	119022.24364	-146.90543	0.00000	0.01358	119020.00000	-740.09999	0.00000	-0.28642
-97123.96237	68998.35942	137.00000	119042.24389	-146.90068	0.00000	0.01364	119040.00000	-740.19996	0.00000	-0.28636
-97140.28808	69009.91282	137.00000	119062.24414	-146.89591	0.00000	0.01369	119060.00000	-740.29991	0.00000	-0.28631
-97156.61380	69021.46621	137.00000	119082.24439	-146.89112	0.00000	0.01375	119080.00000	-740.39984	0.00000	-0.28625
-97172.93954	69033.01958	137.00000	119102.24464	-146.88631	0.00000	0.01381	119100.00000	-740.49975	0.00000	-0.28619
-97189.26528	69044.57293	137.00000	119122.24489	-146.88148	0.00000	0.01386	119120.00000	-740.59964	0.00000	-0.28614
-97205.59104	69056.12627	137.00000	119142.24513	-146.87663	0.00000	0.01392	119140.00000	-740.69951	0.00000	-0.28608
-97221.91681	69067.67959	137.00000	119162.24538	-146.87176	0.00000	0.01398	119160.00000	-740.79936	0.00000	-0.28602
-97238.24259	69079.23290	137.00000	119182.24563	-146.86686	0.00000	0.01404	119180.00000	-740.89919	0.00000	-0.28596
-97254.56838	69090.78619	137.00000	119202.24588	-146.86195	0.00000	0.01409	119200.00000	-740.99900	0.00000	-0.28591
-97270.89419	69102.33946	137.00000	119222.24613	-146.85702	0.00000	0.01415	119220.00000	-741.09879	0.00000	-0.28585
-97287.22000	69113.89271	137.00000	119242.24638	-146.85207	0.00000	0.01421	119240.00000	-741.19856	0.00000	-0.28579
-97303.54583	69125.44595	137.00000	119262.24662	-146.84710	0.00000	0.01427	119260.00000	-741.29831	0.00000	-0.28573
-97319.87167	69136.99918	137.00000	119282.24687	-146.84211	0.00000	0.01432	119280.00000	-741.39804	0.00000	-0.28568
-97336.19752	69148.55238	137.00000	119302.24712	-146.83710	0.00000	0.01438	119300.00000	-741.49775	0.00000	-0.28562
-97352.52338	69160.10557	137.00000	119322.24737	-146.83207	0.00000	0.01444	119320.00000	-741.59744	0.00000	-0.28556
-97368.84925	69171.65875	137.00000	119342.24762	-146.82702	0.00000	0.01450	119340.00000	-741.69711	0.00000	-0.28550
-97385.17514	69183.21190	137.00000	119362.24786	-146.82195	0.00000	0.01455	119360.00000	-741.79676	0.00000	-0.28545
-97401.50103	69194.76504	137.00000	119382.24811	-146.81686	0.00000	0.01461	119380.00000	-741.89639	0.00000	-0.28539
-97417.82694	69206.31817	137.00000	119402.24836	-146.81175	0.00000	0.01467	119400.00000	-741.99600	0.00000	-0.28533
-97434.15286	69217.87128	137.00000	119422.24861	-146.80662	0.00000	0.01472	119420.00000	-742.09559	0.00000	-0.28528
-97450.47879	69229.42437	137.00000	119442.24885	-146.80147	0.00000	0.01478	119440.00000	-742.19516	0.00000	-0.28522
-97466.80473	69240.97744	137.00000	119462.24910	-146.79630	0.00000	0.01484	119460.00000	-742.29471	0.00000	-0.28516
-97483.13068	69252.53050	137.00000	119482.24935	-146.79110	0.00000	0.01490	119480.00000	-742.39424	0.00000	-0.28510
-97499.45664	69264.08354	137.00000	119502.24959	-146.78589	0.00000	0.01495	119500.00000	-742.49375	0.00000	-0.28505
-97515.78262	69275.63657	137.00000	119522.24984	-146.78066	0.00000	0.01501	119520.00000	-742.59324	0.00000	-0.28499
-97532.10861	69287.18958	137.00000	119542.25009	-146.77541	0.00000	0.01507	119540.00000	-742.69271	0.00000	-0.28493
-97548.43461	69298.74257	137.00000	119562.25033	-146.77014	0.00000	0.01513	119560.00000	-742.79216	0.00000	-0.28487
-97564.76062	69310.29555	137.00000	119582.25058	-146.76485	0.00000	0.01518	119580.00000	-742.89159	0.00000	-0.28482
-97581.08664	69321.84851	137.00000	119602.25083	-146.75954	0.00000	0.01524	119600.00000	-742.99100	0.00000	-0.28476
-97597.41267	69333.40146	137.00000	119622.25107	-146.75421	0.00000	0.01530	119620.00000	-743.09039	0.00000	-0.28470
-97613.73872	69344.95438	137.00000	119642.25132	-146.74886	0.00000	0.01535	119640.00000	-743.18976	0.00000	-0.28465
-97630.06477	69356.50730	137.00000	119662.25157	-146.74349	0.00000	0.01541	119660.00000	-743.28911	0.00000	-0.28459
-97646.39084	69368.06019	137.00000	119682.25181	-146.73810	0.00000	0.01547	119680.00000	-743.38844	0.00000	-0.28453
-97662.71692	69379.61307	137.00000	119702.25206	-146.73269	0.00000	0.01553	119700.00000	-743.48775	0.00000	-0.28447
-97679.04301	69391.16593	137.00000	119722.25230	-146.72726	0.00000	0.01558	119720.00000	-743.58704	0.00000	-0.28442
-97695.36911	69402.71878	137.00000	119742.25255	-146.72181	0.00000	0.01564	119740.00000	-743.68631	0.00000	-0.28436
-97711.69522	69414.27161	137.00000	119762.25279	-146.71634	0.00000	0.01570	119760.00000	-743.78556	0.00000	-0.28430
-97728.02135	69425.82442	137.00000	119782.25304	-146.71085	0.00000	0.01576	119780.00000	-743.88479	0.00000	-0.28424
-97744.34749	69437.37722	137.00000	119802.25328	-146.70533	0.00000	0.01581	119800.00000	-743.98400	0.00000	-0.28419
-97760.67363	69448.93000	137.00000	119822.25353	-146.69980	0.00000	0.01587	119820.00000	-744.08319	0.00000	-0.28413
-97776.99979	69460.48276	137.00000	119842.25377	-146.69425	0.00000	0.01593	119840.00000	-744.18236	0.00000	-0.28407
-97793.32596	69472.03551	137.00000	119862.25402	-146.68868	0.00000	0.01598	119860.00000	-744.28151	0.00000	-0.28402
-97809.65215	69483.58824	137.00000	119882.25426	-146.68309	0.00000	0.01604	119880.00000	-744.38064	0.00000	-0.28396
-97825.97834	69495.14096	137.00000	119902.25451	-146.67748	0.00000	0.01610	119900.00000	-744.47975	0.00000	-0.28390
-97842.30454	69506.69365	137.00000	119922.25475	-146.67185	0.00000	0.01616	119920.00000	-744.57884	0.00000	-0.28384
-97858.63076	69518.24634	137.00000	119942.25500	-146.66620	0.00000	0.01621	119940.00000	-744.67791	0.00000	-0.28379
-97874.95699	69529.79900	137.00000	119962.25524	-146.66053	0.00000	0.01627	119960.00000	-744.77696	0.00000	-0.28373
-97891.28323	69541.35165	137.00000	119982.25549	-146.65484	0.00000	0.01633	119980.00000	-744.87599	0.00000	-0.28367
-97907.60948	69552.90428	137.00000	120002.25573	-146.64913	0.00000	0.01639	120000.00000	-744.97500	0.00000	-0.28361
-97923.93574	69564.45690	137.00000	120022.25598	-146.64340	0.00000	0.01644	120020.00000	-745.07399	0.00000	-0.28356
-97940.26202	69576.00950	137.00000	120042.25622	-146.63765	0.00000	0.01650	120040.00000	-745.17296	0.00000	-0.28350
-97956.58830	69587.56208	137.00000	120062.25646	-146.63188	0.00000	0.01656	120060.00000	-745.27191	0.00000	-0.28344
-97972.91460	69599.11465	137.00000	120082.25671	-146.62609	0.00000	0.01662	120080.00000	-745.37084	0.00000	-0.28338
-97989.24091	69610.66720	137.00000	120102.25695	-146.62028	0.00000	0.01667	120100.00000	-745.46975	0.00000	-0.28333
-98005.56723	69622.21974	137.00000	120122.25720	-146.61444	0.00000	0.01673	120120.00000	-745.56864	0.00000	-0.28327
-98021.89356	69633.77226	137.00000	120142.25744	-146.60859	0.00000	0.01679	120140.00000	-745.66751	0.00000	-0.28321
-98038.21990	69645.32476	137.00000	120162.25768	-146.60272	0.00000	0.01684	120160.00000	-745.76636	0.00000	-0.28316
-98054.54626	69656.87724	137.00000	120182.25793	-146.59683	0.00000	0.01690	120180.00000	-745.86519	0.00000	-0.28310
-98070.87262	69668.42971	137.00000	120202.25817	-146.59092	0.00000	0.01696	120200.00000	-745.96400	0.00000	-0.28304
-98087.19900	69679.98217	137.00000	120222.25841	-146.58499	0.00000	0.01702	120220.00000	-746.06279	0.00000	-0.28298
-98103.52539	69691.53460	137.00000	120242.25865	-146.57904	0.00000	0.01707	120240.00000	-746.16156	0.00000	-0.28293
-98119.85179	69703.08702	137.00000	120262.25890	-146.57307	0.00000	0.01713	120260.00000	-746.26031	0.00000	-0.28287
-98136.17820	69714.63943	137.00000	120282.25914	-146.56708	0.00000	0.01719	120280.00000	-746.35904	0.00000	-0.28281
-98152.50462	69726.19181	137.00000	120302.25938	-146.56107	0.00000	0.01725	120300.00000	-746.45775	0.00000	-0.28275
-98168.83106	69737.74418	137.00000	120322.25963	-146.55504	0.00000	0.01730	120320.00000	-746.55644	0.00000	-0.28270
-98185.15750	69749.29654	137.00000	120342.25987	-146.54899	0.00000	0.01736	120340.00000	-746.65511	0.00000	-0.28264
-98201.48396	69760.84888	137.00000	120362.26011	-146.54292	0.00000	0.01742	120360.00000	-746.75376	0.00000	-0.28258
-98217.81043	69772.40120	137.00000	120382.26035	-146.53683	0.00000	0.01747	120380.00000	-746.85239	0.00000	-0.28253
-98234.13691	69783.95350	137.00000	120402.26060	-146.53072	0.00000	0.01753	120400.00000	-746.95100	0.00000	-0.28247
-98250.46340	69795.50579	137.00000	120422.26084	-146.52459	0.00000	0.01759	120420.00000	-747.04959	0.00000	-0.28241
-98266.78991	69807.05806	137.00000	120442.26108	-146.51843	0.00000	0.01765	120440.00000	-747.14816	0.00000	-0.28235
-98283.11642	69818.61032	137.00000	120462.26132	-146.51226	0.00000	0.01770	120460.00000	-747.24671	0.00000	-0.28230
-98299.44295	69830.16256	137.00000	120482.26156	-146.50607	0.00000	0.01776	120480.00000	-747.34524	0.00000	-0.28224
-98315.76949	69841.71478	137.00000	120502.26180	-146.49986	0.00000	0.01782	120500.00000	-747.44375	0.00000	-0.28218
-98332.09603	69853.26699	137.00000	120522.26205	-146.49363	0.00000	0.01788	120520.00000	-747.54224	0.00000	-0.28212
-98348.42260	69864.81918	137.00000	120542.26229	-146.48738	0.00000	0.01793	120540.00000	-747.64071	0.00000	-0.28207
-98364.74917	69876.37136	137.00000	120562.26253	-146.48111	0.00000	0.01799	120560.00000	-747.73916	0.00000	-0.28201
-98381.07575	69887.92351	137.00000	120582.26277	-146.47482	0.00000	0.01805	120580.00000	-747.83759	0.00000	-0.28195
-98397.40235	69899.47566	137.00000	120602.26301	-146.46851	0.00000	0.01810	120600.00000	-747.93600	0.00000	-0.28190
-98413.72895	69911.02778	137.00000	120622.26325	-146.46218	0.00000	0.01816	120620.00000	-748.03439	0.00000	-0.28184
-98430.05557	69922.57989	137.00000	120642.26349	-146.45583	0.00000	0.01822	120640.00000	-748.13276	0.00000	-0.28178
-98446.38220	69934.13198	137.00000	120662.26373	-146.44946	0.00000	0.01828	120660.00000	-748.23111	0.00000	-0.28172
-98462.70884	69945.68406	137.00000	120682.26397	-146.44307	0.00000	0.01833	120680.00000	-748.32944	0.00000	-0.28167
-98479.03550	69957.23612	137.00000	120702.26421	-146.43666	0.00000	0.01839	120700.00000	-748.42775	0.00000	-0.28161
-98495.36216	69968.78816	137.00000	120722.26446	-146.43023	0.00000	0.01845	120720.00000	-748.52604	0.00000	-0.28155
-98511.68883	69980.34019	137.00000	120742.26470	-146.42378	0.00000	0.01851	120740.00000	-748.62431	0.00000	-0.28149
-98528.01552	69991.89220	137.00000	120762.26494	-146.41730	0.00000	0.01856	120760.00000	-748.72256	0.00000	-0.28144
-98544.34222	70003.44419	137.00000	120782.26518	-146.41081	0.00000	0.01862	120780.00000	-748.82079	0.00000	-0.28138
-98560.66893	70014.99617	137.00000	120802.26542	-146.40430	0.00000	0.01868	120800.00000	-748.91900	0.00000	-0.28132
-98576.99565	70026.54813	137.00000	120822.26566	-146.39777	0.00000	0.01874	120820.00000	-749.01719	0.00000	-0.28126
-98593.32238	70038.10007	137.00000	120842.26590	-146.39122	0.00000	0.01879	120840.00000	-749.11536	0.00000	-0.28121
-98609.64913	70049.65200	137.00000	120862.26614	-146.38465	0.00000	0.01885	120860.00000	-749.21351	0.00000	-0.28115
-98625.97588	70061.20392	137.00000	120882.26638	-146.37806	0.00000	0.01891	120880.00000	-749.31164	0.00000	-0.28109
-98642.30265	70072.75581	137.00000	120902.26662	-146.37145	0.00000	0.01896	120900.00000	-749.40975	0.00000	-0.28104
-98658.62943	70084.30769	137.00000	120922.26685	-146.36482	0.00000	0.01902	120920.00000	-749.50784	0.00000	-0.28098
-98674.95622	70095.85955	137.00000	120942.26709	-146.35817	0.00000	0.01908	120940.00000	-749.60591	0.00000	-0.28092
-98691.28302	70107.41140	137.00000	120962.26733	-146.35150	0.00000	0.01914	120960.00000	-749.70396	0.00000	-0.28086
-98707.60984	70118.96323	137.00000	120982.26757	-146.34481	0.00000	0.01919	120980.00000	-749.80199	0.00000	-0.28081
-98723.93666	70130.51504	137.00000	121002.26781	-146.33810	0.00000	0.01925	121000.00000	-749.90000	0.00000	-0.28075
-98740.26350	70142.06684	137.00000	121022.26805	-146.33137	0.00000	0.01931	121020.00000	-749.99799	0.00000	-0.28069
-98756.59034	70153.61862	137.00000	121042.26829	-146.32462	0.00000	0.01937	121040.00000	-750.09596	0.00000	-0.28063
-98772.91720	70165.17039	137.00000	121062.26853	-146.31785	0.00000	0.01942	121060.00000	-750.19391	0.00000	-0.28058
-98789.24407	70176.72214	137.00000	121082.26877	-146.31105	0.00000	0.01948	121080.00000	-750.29184	0.00000	-0.28052
-98805.57096	70188.27387	137.00000	121102.26900	-146.30424	0.00000	0.01954	121100.00000	-750.38975	0.00000	-0.28046
-98821.89785	70199.82558	137.00000	121122.26924	-146.29741	0.00000	0.01959	121120.00000	-750.48764	0.00000	-0.28041
-98838.22475	70211.37728	137.00000	121142.26948	-146.29056	0.00000	0.01965	121140.00000	-750.58551	0.00000	-0.28035
-98854.55167	70222.92896	137.00000	121162.26972	-146.28369	0.00000	0.01971	121160.00000	-750.68336	0.00000	-0.28029
-98870.87860	70234.48063	137.00000	121182.26996	-146.27680	0.00000	0.01977	121180.00000	-750.78119	0.00000	-0.28023
-98887.20554	70246.03228	137.00000	121202.27020	-146.26989	0.00000	0.01982	121200.00000	-750.87900	0.00000	-0.28018
-98903.53249	70257.58391	137.00000	121222.27043	-146.26296	0.00000	0.01988	121220.00000	-750.97679	0.00000	-0.28012
-98919.85945	70269.13553	137.00000	121242.27067	-146.25601	0.00000	0.01994	121240.00000	-751.07456	0.00000	-0.28006
-98936.18643	70280.68713	137.00000	121262.27091	-146.24904	0.00000	0.02000	121260.00000	-751.17231	0.00000	-0.28000
-98952.51341	70292.23872	137.00000	121282.27115	-146.24205	0.00000	0.02005	121280.00000	-751.27004	0.00000	-0.27995
-98968.84041	70303.79029	137.00000	121302.27138	-146.23504	0.00000	0.02011	121300.00000	-751.36775	0.00000	-0.27989
-98985.16742	70315.34184	137.00000	121322.27162	-146.22801	0.00000	0.02017	121320.00000	-751.46544	0.00000	-0.27983
-99001.49443	70326.89337	137.00000	121342.27186	-146.22096	0.00000	0.02022	121340.00000	-751.56311	0.00000	-0.27978
-99017.82147	70338.44489	137.00000	121362.27210	-146.21389	0.00000	0.02028	121360.00000	-751.66076	0.00000	-0.27972
-99034.14851	70349.99639	137.00000	121382.27233	-146.20680	0.00000	0.02034	121380.00000	-751.75839	0.00000	-0.27966
-99050.47556	70361.54788	137.00000	121402.27257	-146.19968	0.00000	0.02040	121400.00000	-751.85600	0.00000	-0.27960
-99066.80263	70373.09935	137.00000	121422.27281	-146.19255	0.00000	0.02045	121420.00000	-751.95359	0.00000	-0.27955
-99083.12971	70384.65080	137.00000	121442.27304	-146.18540	0.00000	0.02051	121440.00000	-752.05116	0.00000	-0.27949
-99099.45679	70396.20224	137.00000	121462.27328	-146.17823	0.00000	0.02057	121460.00000	-752.14871	0.00000	-0.27943
-99115.78389	70407.75366	137.00000	121482.27352	-146.17104	0.00000	0.02063	121480.00000	-752.24624	0.00000	-0.27937
-99132.11101	70419.30507	137.00000	121502.27375	-146.16383	0.00000	0.02068	121500.00000	-752.34375	0.00000	-0.27932
-99148.43813	70430.85645	137.00000	121522.27399	-146.15660	0.00000	0.02074	121520.00000	-752.44124	0.00000	-0.27926
-99164.76526	70442.40782	137.00000	121542.27423	-146.14935	0.00000	0.02080	121540.00000	-752.53871	0.00000	-0.27920
-99181.09241	70453.95918	137.00000	121562.27446	-146.14208	0.00000	0.02085	121560.00000	-752.63616	0.00000	-0.27915
-99197.41957	70465.51052	137.00000	121582.27470	-146.13479	0.00000	0.02091	121580.00000	-752.73359	0.00000	-0.27909
-99213.74673	70477.06184	137.00000	121602.27493	-146.12748	0.00000	0.02097	121600.00000	-752.83100	0.00000	-0.27903
-99230.07391	70488.61315	137.00000	121622.27517	-146.12015	0.00000	0.02103	121620.00000	-752.92839	0.00000	-0.27897
-99246.40111	70500.16444	137.00000	121642.27540	-146.11280	0.00000	0.02108	121640.00000	-753.02576	0.00000	-0.27892
-99262.72831	70511.71571	137.00000	121662.27564	-146.10543	0.00000	0.02114	121660.00000	-753.12311	0.00000	-0.27886
-99279.05552	70523.26697	137.00000	121682.27588	-146.09804	0.00000	0.02120	121680.00000	-753.22044	0.00000	-0.27880
-99295.38275	70534.81821	137.00000	121702.27611	-146.09063	0.00000	0.02126	121700.00000	-753.31775	0.00000	-0.27874
-99311.70999	70546.36943	137.00000	121722.27635	-146.08319	0.00000	0.02131	121720.00000	-753.41504	0.00000	-0.27869
-99328.03724	70557.92064	137.00000	121742.27658	-146.07574	0.00000	0.02137	121740.00000	-753.51231	0.00000	-0.27863
-99344.36450	70569.47183	137.00000	121762.27682	-146.06827	0.00000	0.02143	121760.00000	-753.60956	0.00000	-0.27857
-99360.69177	70581.02300	137.00000	121782.27705	-146.06078	0.00000	0.02149	121780.00000	-753.70679	0.00000	-0.27851
-99377.01905	70592.57416	137.00000	121802.27729	-146.05327	0.00000	0.02154	121800.00000	-753.80400	0.00000	-0.27846
-99393.34635	70604.12530	137.00000	121822.27752	-146.04574	0.00000	0.02160	121820.00000	-753.90119	0.00000	-0.27840
-99409.67366	70615.67643	137.00000	121842.27776	-146.03819	0.00000	0.02166	121840.00000	-753.99836	0.00000	-0.27834
-99426.00097	70627.22754	137.00000	121862.27799	-146.03062	0.00000	0.02171	121860.00000	-754.09551	0.00000	-0.27829
-99442.32830	70638.77863	137.00000	121882.27822	-146.02303	0.00000	0.02177	121880.00000	-754.19264	0.00000	-0.27823
-99458.65564	70650.32971	137.00000	121902.27846	-146.01542	0.00000	0.02183	121900.00000	-754.28975	0.00000	-0.27817
-99474.98300	70661.88077	137.00000	121922.27869	-146.00779	0.00000	0.02189	121920.00000	-754.38684	0.00000	-0.27811
-99491.31036	70673.43181	137.00000	121942.27893	-146.00014	0.00000	0.02194	121940.00000	-754.48391	0.00000	-0.27806
-99507.63773	70684.98284	137.00000	121962.27916	-145.99247	0.00000	0.02200	121960.00000	-754.58096	0.00000	-0.27800
-99523.96512	70696.53385	137.00000	121982.27940	-145.98478	0.00000	0.02206	121980.00000	-754.67799	0.00000	-0.27794
-99540.29252	70708.08485	137.00000	122002.27963	-145.97707	0.00000	0.02212	122000.00000	-754.77500	0.00000	-0.27788
-99556.61993	70719.63583	137.00000	122022.27986	-145.96934	0.00000	0.02217	122020.00000	-754.87199	0.00000	-0.27783
-99572.94735	70731.18679	137.00000	122042.28010	-145.96159	0.00000	0.02223	122040.00000	-754.96896	0.00000	-0.27777
-99589.27478	70742.73773	137.00000	122062.28033	-145.95381	0.00000	0.02229	122060.00000	-755.06591	0.00000	-0.27771
-99605.60223	70754.28866	137.00000	122082.28056	-145.94602	0.00000	0.02234	122080.00000	-755.16284	0.00000	-0.27766
-99621.92968	70765.83957	137.00000	122102.28080	-145.93821	0.00000	0.02240	122100.00000	-755.25975	0.00000	-0.27760
-99638.25715	70777.39047	137.00000	122122.28103	-145.93038	0.00000	0.02246	122120.00000	-755.35664	0.00000	-0.27754
-99654.58463	70788.94135	137.00000	122142.28126	-145.92253	0.00000	0.02252	122140.00000	-755.45351	0.00000	-0.27748
-99670.91212	70800.49221	137.00000	122162.28150	-145.91466	0.00000	0.02257	122160.00000	-755.55036	0.00000	-0.27743
-99687.23962	70812.04306	137.00000	122182.28173	-145.90677	0.00000	0.02263	122180.00000	-755.64719	0.00000	-0.27737
-99703.56713	70823.59389	137.00000	122202.28196	-145.89886	0.00000	0.02269	122200.00000	-755.74400	0.00000	-0.27731
-99719.89466	70835.14471	137.00000	122222.28219	-145.89093	0.00000	0.02275	122220.00000	-755.84079	0.00000	-0.27725
-99736.22219	70846.69550	137.00000	122242.28243	-145.88298	0.00000	0.02280	122240.00000	-755.93756	0.00000	-0.27720
-99752.54974	70858.24629	137.00000	122262.28266	-145.87501	0.00000	0.02286	122260.00000	-756.03431	0.00000	-0.27714
-99768.87730	70869.79705	137.00000	122282.28289	-145.86702	0.00000	0.02292	122280.00000	-756.13104	0.00000	-0.27708
-99785.20487	70881.34780	137.00000	122302.28312	-145.85901	0.00000	0.02297	122300.00000	-756.22775	0.00000	-0.27703
-99801.53245	70892.89853	137.00000	122322.28336	-145.85098	0.00000	0.02303	122320.00000	-756.32444	0.00000	-0.27697
-99817.86004	70904.44925	137.00000	122342.28359	-145.84293	0.00000	0.02309	122340.00000	-756.42111	0.00000	-0.27691
-99834.18765	70915.99995	137.00000	122362.28382	-145.83486	0.00000	0.02315	122360.00000	-756.51776	0.00000	-0.27685
-99850.51527	70927.55063	137.00000	122382.28405	-145.82676	0.00000	0.02320	122380.00000	-756.61439	0.00000	-0.27680
-99866.84289	70939.10130	137.00000	122402.28428	-145.81865	0.00000	0.02326	122400.00000	-756.71100	0.00000	-0.27674
-99883.17053	70950.65195	137.00000	122422.28451	-145.81052	0.00000	0.02332	122420.00000	-756.80759	0.00000	-0.27668
-99899.49818	70962.20258	137.00000	122442.28475	-145.80237	0.00000	0.02338	122440.00000	-756.90416	0.00000	-0.27662
-99915.82585	70973.75320	137.00000	122462.28498	-145.79420	0.00000	0.02343	122460.00000	-757.00071	0.00000	-0.27657
-99932.15352	70985.30380	137.00000	122482.28521	-145.78601	0.00000	0.02349	122480.00000	-757.09724	0.00000	-0.27651
-99948.48120	70996.85439	137.00000	122502.28544	-145.77780	0.00000	0.02355	122500.00000	-757.19375	0.00000	-0.27645
-99964.80890	71008.40496	137.00000	122522.28567	-145.76957	0.00000	0.02361	122520.00000	-757.29024	0.00000	-0.27639
-99981.13661	71019.95551	137.00000	122542.28590	-145.76132	0.00000	0.02366	122540.00000	-757.38671	0.00000	-0.27634
-99997.46433	71031.50605	137.00000	122562.28613	-145.75305	0.00000	0.02372	122560.00000	-757.48316	0.00000	-0.27628
-100013.79206	71043.05657	137.00000	122582.28636	-145.74476	0.00000	0.02378	122580.00000	-757.57959	0.00000	-0.27622
-100030.11980	71054.60707	137.00000	122602.28659	-145.73645	0.00000	0.02383	122600.00000	-757.67600	0.00000	-0.27617
-100046.44755	71066.15756	137.00000	122622.28682	-145.72812	0.00000	0.02389	122620.00000	-757.77239	0.00000	-0.27611
-100062.77532	71077.70803	137.00000	122642.28705	-145.71977	0.00000	0.02395	122640.00000	-757.86876	0.00000	-0.27605
-100079.10310	71089.25848	137.00000	122662.28728	-145.71140	0.00000	0.02401	122660.00000	-757.96511	0.00000	-0.27599
-100095.43089	71100.80892	137.00000	122682.28752	-145.70301	0.00000	0.02406	122680.00000	-758.06144	0.00000	-0.27594
-100111.75869	71112.35934	137.00000	122702.28775	-145.69460	0.00000	0.02412	122700.00000	-758.15775	0.00000	-0.27588
-100128.08650	71123.90974	137.00000	122722.28798	-145.68616	0.00000	0.02418	122720.00000	-758.25404	0.00000	-0.27582
-100144.41432	71135.46013	137.00000	122742.28821	-145.67771	0.00000	0.02424	122740.00000	-758.35031	0.00000	-0.27576
-100160.74215	71147.01050	137.00000	122762.28844	-145.66924	0.00000	0.02429	122760.00000	-758.44656	0.00000	-0.27571
-100177.07000	71158.56086	137.00000	122782.28866	-145.66075	0.00000	0.02435	122780.00000	-758.54279	0.00000	-0.27565
-100193.39786	71170.11120	137.00000	122802.28889	-145.65224	0.00000	0.02441	122800.00000	-758.63900	0.00000	-0.27559
-100209.72572	71181.66152	137.00000	122822.28912	-145.64371	0.00000	0.02446	122820.00000	-758.73519	0.00000	-0.27554
-100226.05360	71193.21183	137.00000	122842.28935	-145.63516	0.00000	0.02452	122840.00000	-758.83136	0.00000	-0.27548
-100242.38150	71204.76212	137.00000	122862.28958	-145.62659	0.00000	0.02458	122860.00000	-758.92751	0.00000	-0.27542
-100258.70940	71216.31239	137.00000	122882.28981	-145.61800	0.00000	0.02464	122880.00000	-759.02364	0.00000	-0.27536
-100275.03731	71227.86265	137.00000	122902.29004	-145.60939	0.00000	0.02469	122900.00000	-759.11975	0.00000	-0.27531
-100291.36524	71239.41289	137.00000	122922.29027	-145.60076	0.00000	0.02475	122920.00000	-759.21584	0.00000	-0.27525
-100307.69318	71250.96312	137.00000	122942.29050	-145.59211	0.00000	0.02481	122940.00000	-759.31191	0.00000	-0.27519
-100324.02113	71262.51332	137.00000	122962.29073	-145.58344	0.00000	0.02487	122960.00000	-759.40796	0.00000	-0.27513
-100340.34909	71274.06352	137.00000	122982.29096	-145.57475	0.00000	0.02492	122980.00000	-759.50399	0.00000	-0.27508
-100356.67706	71285.61369	137.00000	123002.29118	-145.56604	0.00000	0.02498	123000.00000	-759.60000	0.00000	-0.27502
-100373.00504	71297.16385	137.00000	123022.29141	-145.55731	0.00000	0.02504	123020.00000	-759.69599	0.00000	-0.27496
-100389.33304	71308.71399	137.00000	123042.29164	-145.54856	0.00000	0.02509	123040.00000	-759.79196	0.00000	-0.27491
-100405.66104	71320.26412	137.00000	123062.29187	-145.53978	0.00000	0.02515	123060.00000	-759.88791	0.00000	-0.27485
-100421.98906	71331.81423	137.00000	123082.29210	-145.53099	0.00000	0.02521	123080.00000	-759.98384	0.00000	-0.27479
-100438.31709	71343.36432	137.00000	123102.29233	-145.52218	0.00000	0.02527	123100.00000	-760.07975	0.00000	-0.27473
-100454.64513	71354.91440	137.00000	123122.29255	-145.51335	0.00000	0.02532	123120.00000	-760.17564	0.00000	-0.27468
-100470.97318	71366.46446	137.00000	123142.29278	-145.50450	0.00000	0.02538	123140.00000	-760.27151	0.00000	-0.27462
-100487.30125	71378.01451	137.00000	123162.29301	-145.49563	0.00000	0.02544	123160.00000	-760.36736	0.00000	-0.27456
-100503.62932	71389.56453	137.00000	123182.29324	-145.48674	0.00000	0.02550	123180.00000	-760.46319	0.00000	-0.27450
-100519.95741	71401.11455	137.00000	123202.29346	-145.47783	0.00000	0.02555	123200.00000	-760.55900	0.00000	-0.27445
-100536.28550	71412.66454	137.00000	123222.29369	-145.46890	0.00000	0.02561	123220.00000	-760.65479	0.00000	-0.27439
-100552.61361	71424.21452	137.00000	123242.29392	-145.45995	0.00000	0.02567	123240.00000	-760.75056	0.00000	-0.27433
-100568.94174	71435.76448	137.00000	123262.29415	-145.45098	0.00000	0.02573	123260.00000	-760.84631	0.00000	-0.27427
-100585.26987	71447.31443	137.00000	123282.29437	-145.44199	0.00000	0.02578	123280.00000	-760.94204	0.00000	-0.27422
-100601.59801	71458.86436	137.00000	123302.29460	-145.43298	0.00000	0.02584	123300.00000	-761.03775	0.00000	-0.27416
-100617.92617	71470.41427	137.00000	123322.29483	-145.42395	0.00000	0.02590	123320.00000	-761.13344	0.00000	-0.27410
-100634.25433	71481.96417	137.00000	123342.29505	-145.41490	0.00000	0.02595	123340.00000	-761.22911	0.00000	-0.27405
-100650.58251	71493.51405	137.00000	123362.29528	-145.40583	0.00000	0.02601	123360.00000	-761.32476	0.00000	-0.27399
-100666.91070	71505.06391	137.00000	123382.29551	-145.39674	0.00000	0.02607	123380.00000	-761.42039	0.00000	-0.27393
-100683.23890	71516.61376	137.00000	123402.29573	-145.38762	0.00000	0.02613	123400.00000	-761.51600	0.00000	-0.27387
-100699.56712	71528.16359	137.00000	123422.29596	-145.37849	0.00000	0.02618	123420.00000	-761.61159	0.00000	-0.27382
-100715.89534	71539.71341	137.00000	123442.29619	-145.36934	0.00000	0.02624	123440.00000	-761.70716	0.00000	-0.27376
-100732.22358	71551.26321	137.00000	123462.29641	-145.36017	0.00000	0.02630	123460.00000	-761.80271	0.00000	-0.27370
-100748.55182	71562.81299	137.00000	123482.29664	-145.35098	0.00000	0.02636	123480.00000	-761.89824	0.00000	-0.27364
-100764.88008	71574.36276	137.00000	123502.29686	-145.34177	0.00000	0.02641	123500.00000	-761.99375	0.00000	-0.27359
-100781.20835	71585.91250	137.00000	123522.29709	-145.33254	0.00000	0.02647	123520.00000	-762.08924	0.00000	-0.27353
-100797.53663	71597.46224	137.00000	123542.29732	-145.32329	0.00000	0.02653	123540.00000	-762.18471	0.00000	-0.27347
-100813.86493	71609.01195	137.00000	123562.29754	-145.31402	0.00000	0.02658	123560.00000	-762.28016	0.00000	-0.27342
-100830.19323	71620.56166	137.00000	123582.29777	-145.30473	0.00000	0.02664	123580.00000	-762.37559	0.00000	-0.27336
-100846.52155	71632.11134	137.00000	123602.29799	-145.29542	0.00000	0.02670	123600.00000	-762.47100	0.00000	-0.27330
-100862.84987	71643.66101	137.00000	123622.29822	-145.28609	0.00000	0.02676	123620.00000	-762.56639	0.00000	-0.27324
-100879.17821	71655.21066	137.00000	123642.29844	-145.27674	0.00000	0.02681	123640.00000	-762.66176	0.00000	-0.27319
-100895.50656	71666.76029	137.00000	123662.29867	-145.26737	0.00000	0.02687	123660.00000	-762.75711	0.00000	-0.27313
-100911.83492	71678.30991	137.00000	123682.29889	-145.25798	0.00000	0.02693	123680.00000	-762.85244	0.00000	-0.27307
-100928.16330	71689.85951	137.00000	123702.29912	-145.24857	0.00000	0.02699	123700.00000	-762.94775	0.00000	-0.27301
-100944.49168	71701.40910	137.00000	123722.29934	-145.23914	0.00000	0.02704	123720.00000	-763.04304	0.00000	-0.27296
-100960.82008	71712.95867	137.00000	123742.29957	-145.22968	0.00000	0.02710	123740.00000	-763.13831	0.00000	-0.27290
-100977.14849	71724.50822	137.00000	123762.29979	-145.22021	0.00000	0.02716	123760.00000	-763.23356	0.00000	-0.27284
-100993.47691	71736.05776	137.00000	123782.30002	-145.21072	0.00000	0.02721	123780.00000	-763.32879	0.00000	-0.27279
-101009.80534	71747.60728	137.00000	123802.30024	-145.20121	0.00000	0.02727	123800.00000	-763.42400	0.00000	-0.27273
-101026.13378	71759.15678	137.00000	123822.30046	-145.19168	0.00000	0.02733	123820.00000	-763.51919	0.00000	-0.27267
-101042.46223	71770.70627	137.00000	123842.30069	-145.18213	0.00000	0.02739	123840.00000	-763.61436	0.00000	-0.27261
-101058.79070	71782.25574	137.00000	123862.30091	-145.17256	0.00000	0.02744	123860.00000	-763.70951	0.00000	-0.27256
-101075.11917	71793.80520	137.00000	123882.30114	-145.16297	0.00000	0.02750	123880.00000	-763.80464	0.00000	-0.27250
-101091.44766	71805.35463	137.00000	123902.30136	-145.15336	0.00000	0.02756	123900.00000	-763.89975	0.00000	-0.27244
-101107.77616	71816.90406	137.00000	123922.30158	-145.14373	0.00000	0.02762	123920.00000	-763.99484	0.00000	-0.27238
-101124.10467	71828.45346	137.00000	123942.30181	-145.13408	0.00000	0.02767	123940.00000	-764.08991	0.00000	-0.27233
-101140.43320	71840.00285	137.00000	123962.30203	-145.12441	0.00000	0.02773	123960.00000	-764.18496	0.00000	-0.27227
-101156.76173	71851.55222	137.00000	123982.30226	-145.11472	0.00000	0.02779	123980.00000	-764.27999	0.00000	-0.27221
-101173.09027	71863.10158	137.00000	124002.30248	-145.10501	0.00000	0.02785	124000.00000	-764.37500	0.00000	-0.27215
-101189.41883	71874.65092	137.00000	124022.30270	-145.09528	0.00000	0.02790	124020.00000	-764.46999	0.00000	-0.27210
-101205.74740	71886.20024	137.00000	124042.30292	-145.08553	0.00000	0.02796	124040.00000	-764.56496	0.00000	-0.27204
-101222.07598	71897.74955	137.00000	124062.30315	-145.07576	0.00000	0.02802	124060.00000	-764.65991	0.00000	-0.27198
-101238.40457	71909.29884	137.00000	124082.30337	-145.06596	0.00000	0.02807	124080.00000	-764.75484	0.00000	-0.27193
-101254.73317	71920.84812	137.00000	124102.30359	-145.05615	0.00000	0.02813	124100.00000	-764.84975	0.00000	-0.27187
-101271.06179	71932.39737	137.00000	124122.30382	-145.04632	0.00000	0.02819	124120.00000	-764.94464	0.00000	-0.27181
-101287.39041	71943.94661	137.00000	124142.30404	-145.03647	0.00000	0.02825	124140.00000	-765.03951	0.00000	-0.27175
-101303.71905	71955.49584	137.00000	124162.30426	-145.02660	0.00000	0.02830	124160.00000	-765.13436	0.00000	-0.27170
-101320.04770	71967.04505	137.00000	124182.30448	-145.01671	0.00000	0.02836	124180.00000	-765.22919	0.00000	-0.27164
-101336.37636	71978.59424	137.00000	124202.30471	-145.00680	0.00000	0.02842	124200.00000	-765.32400	0.00000	-0.27158
-101352.70503	71990.14342	137.00000	124222.30493	-144.99687	0.00000	0.02848	124220.00000	-765.41879	0.00000	-0.27152
-101369.03371	72001.69258	137.00000	124242.30515	-144.98692	0.00000	0.02853	124240.00000	-765.51356	0.00000	-0.27147
-101385.36241	72013.24172	137.00000	124262.30537	-144.97695	0.00000	0.02859	124260.00000	-765.60831	0.00000	-0.27141
-101401.69111	72024.79085	137.00000	124282.30559	-144.96696	0.00000	0.02865	124280.00000	-765.70304	0.00000	-0.27135
-101418.01983	72036.33996	137.00000	124302.30582	-144.95695	0.00000	0.02870	124300.00000	-765.79775	0.00000	-0.27130
-101434.34856	72047.88905	137.00000	124322.30604	-144.94692	0.00000	0.02876	124320.00000	-765.89244	0.00000	-0.27124
-101450.67730	72059.43813	137.00000	124342.30626	-144.93687	0.00000	0.02882	124340.00000	-765.98711	0.00000	-0.27118
-101467.00605	72070.98719	137.00000	124362.30648	-144.92680	0.00000	0.02888	124360.00000	-766.08176	0.00000	-0.27112
-101483.33482	72082.53624	137.00000	124382.30670	-144.91671	0.00000	0.02893	124380.00000	-766.17639	0.00000	-0.27107
-101499.66359	72094.08527	137.00000	124402.30692	-144.90660	0.00000	0.02899	124400.00000	-766.27100	0.00000	-0.27101
-101515.99238	72105.63428	137.00000	124422.30714	-144.89646	0.00000	0.02905	124420.00000	-766.36559	0.00000	-0.27095
-101532.32118	72117.18327	137.00000	124442.30736	-144.88631	0.00000	0.02911	124440.00000	-766.46016	0.00000	-0.27089
-101548.64998	72128.73225	137.00000	124462.30759	-144.87614	0.00000	0.02916	124460.00000	-766.55471	0.00000	-0.27084
-101564.97881	72140.28122	137.00000	124482.30781	-144.86595	0.00000	0.02922	124480.00000	-766.64924	0.00000	-0.27078
-101581.30764	72151.83016	137.00000	124502.30803	-144.85574	0.00000	0.02928	124500.00000	-766.74375	0.00000	-0.27072
-101597.63648	72163.37909	137.00000	124522.30825	-144.84551	0.00000	0.02933	124520.00000	-766.83824	0.00000	-0.27067
-101613.96534	72174.92801	137.00000	124542.30847	-144.83526	0.00000	0.02939	124540.00000	-766.93271	0.00000	-0.27061
-101630.29420	72186.47691	137.00000	124562.30869	-144.82499	0.00000	0.02945	124560.00000	-767.02716	0.00000	-0.27055
-101646.62308	72198.02579	137.00000	124582.30891	-144.81470	0.00000	0.02951	124580.00000	-767.12159	0.00000	-0.27049
-101662.95197	72209.57465	137.00000	124602.30913	-144.80439	0.00000	0.02956	124600.00000	-767.21600	0.00000	-0.27044
-101679.28087	72221.12350	137.00000	124622.30935	-144.79406	0.00000	0.02962	124620.00000	-767.31039	0.00000	-0.27038
-101695.60978	72232.67233	137.00000	124642.30957	-144.78371	0.00000	0.02968	124640.00000	-767.40476	0.00000	-0.27032
-101711.93871	72244.22115	137.00000	124662.30979	-144.77334	0.00000	0.02974	124660.00000	-767.49911	0.00000	-0.27026
-101728.26764	72255.76995	137.00000	124682.31001	-144.76295	0.00000	0.02979	124680.00000	-767.59344	0.00000	-0.27021
-101744.59659	72267.31873	137.00000	124702.31023	-144.75254	0.00000	0.02985	124700.00000	-767.68775	0.00000	-0.27015
-101760.92555	72278.86750	137.00000	124722.31045	-144.74211	0.00000	0.02991	124720.00000	-767.78204	0.00000	-0.27009
-101777.25452	72290.41625	137.00000	124742.31067	-144.73166	0.00000	0.02996	124740.00000	-767.87631	0.00000	-0.27004
-101793.58350	72301.96498	137.00000	124762.31089	-144.72119	0.00000	0.03002	124760.00000	-767.97056	0.00000	-0.26998
-101809.91249	72313.51370	137.00000	124782.31111	-144.71069	0.00000	0.03008	124780.00000	-768.06479	0.00000	-0.26992
-101826.24150	72325.06240	137.00000	124802.31133	-144.70018	0.00000	0.03014	124800.00000	-768.15900	0.00000	-0.26986
-101842.57051	72336.61108	137.00000	124822.31154	-144.68965	0.00000	0.03019	124820.00000	-768.25319	0.00000	-0.26981
-101858.89954	72348.15975	137.00000	124842.31176	-144.67910	0.00000	0.03025	124840.00000	-768.34736	0.00000	-0.26975
-101875.22858	72359.70840	137.00000	124862.31198	-144.66853	0.00000	0.03031	124860.00000	-768.44151	0.00000	-0.26969
-101891.55763	72371.25704	137.00000	124882.31220	-144.65794	0.00000	0.03037	124880.00000	-768.53564	0.00000	-0.26963
-101907.88669	72382.80566	137.00000	124902.31242	-144.64733	0.00000	0.03042	124900.00000	-768.62975	0.00000	-0.26958
-101924.21576	72394.35426	137.00000	124922.31264	-144.63670	0.00000	0.03048	124920.00000	-768.72384	0.00000	-0.26952
-101940.54485	72405.90285	137.00000	124942.31286	-144.62605	0.00000	0.03054	124940.00000	-768.81791	0.00000	-0.26946
-101956.87394	72417.45142	137.00000	124962.31307	-144.61538	0.00000	0.03060	124960.00000	-768.91196	0.00000	-0.26940
-101973.20305	72428.99997	137.00000	124982.31329	-144.60469	0.00000	0.03065	124980.00000	-769.00599	0.00000	-0.26935
-101989.53217	72440.54851	137.00000	125002.31351	-144.59398	0.00000	0.03071	125000.00000	-769.10000	0.00000	-0.26929
-102005.86130	72452.09703	137.00000	125022.31373	-144.58325	0.00000	0.03077	125020.00000	-769.19399	0.00000	-0.26923
-102022.19044	72463.64553	137.00000	125042.31395	-144.57250	0.00000	0.03082	125040.00000	-769.28796	0.00000	-0.26918
-102038.51960	72475.19402	137.00000	125062.31416	-144.56173	0.00000	0.03088	125060.00000	-769.38191	0.00000	-0.26912
-102054.84876	72486.74249	137.00000	125082.31438	-144.55094	0.00000	0.03094	125080.00000	-769.47584	0.00000	-0.26906
-102071.17794	72498.29095	137.00000	125102.31460	-144.54013	0.00000	0.03100	125100.00000	-769.56975	0.00000	-0.26900
-102087.50712	72509.83939	137.00000	125122.31482	-144.52930	0.00000	0.03105	125120.00000	-769.66364	0.00000	-0.26895
-102103.83632	72521.38781	137.00000	125142.31503	-144.51844	0.00000	0.03111	125140.00000	-769.75751	0.00000	-0.26889
-102120.16553	72532.93622	137.00000	125162.31525	-144.50757	0.00000	0.03117	125160.00000	-769.85136	0.00000	-0.26883
-102136.49476	72544.48461	137.00000	125182.31547	-144.49668	0.00000	0.03123	125180.00000	-769.94519	0.00000	-0.26877
-102152.82399	72556.03298	137.00000	125202.31569	-144.48577	0.00000	0.03128	125200.00000	-770.03900	0.00000	-0.26872
-102169.15324	72567.58134	137.00000	125222.31590	-144.47484	0.00000	0.03134	125220.00000	-770.13279	0.00000	-0.26866
-102185.48249	72579.12968	137.00000	125242.31612	-144.46389	0.00000	0.03140	125240.00000	-770.22656	0.00000	-0.26860
-102201.81176	72590.67800	137.00000	125262.31634	-144.45292	0.00000	0.03145	125260.00000	-770.32031	0.00000	-0.26855
-102218.14104	72602.22631	137.00000	125282.31655	-144.44193	0.00000	0.03151	125280.00000	-770.41404	0.00000	-0.26849
-102234.47033	72613.77460	137.00000	125302.31677	-144.43092	0.00000	0.03157	125300.00000	-770.50775	0.00000	-0.26843
-102250.79963	72625.32288	137.00000	125322.31699	-144.41989	0.00000	0.03163	125320.00000	-770.60144	0.00000	-0.26837
-102267.12895	72636.87113	137.00000	125342.31720	-144.40884	0.00000	0.03168	125340.00000	-770.69511	0.00000	-0.26832
-102283.45827	72648.41938	137.00000	125362.31742	-144.39777	0.00000	0.03174	125360.00000	-770.78876	0.00000	-0.26826
-102299.78761	72659.96760	137.00000	125382.31763	-144.38668	0.00000	0.03180	125380.00000	-770.88239	0.00000	-0.26820
-102316.11696	72671.51581	137.00000	125402.31785	-144.37557	0.00000	0.03186	125400.00000	-770.97600	0.00000	-0.26814
-102332.44632	72683.06401	137.00000	125422.31807	-144.36444	0.00000	0.03191	125420.00000	-771.06959	0.00000	-0.26809
-102348.77569	72694.61218	137.00000	125442.31828	-144.35329	0.00000	0.03197	125440.00000	-771.16316	0.00000	-0.26803
-102365.10507	72706.16034	137.00000	125462.31850	-144.34212	0.00000	0.03203	125460.00000	-771.25671	0.00000	-0.26797
-102381.43447	72717.70849	137.00000	125482.31871	-144.33092	0.00000	0.03208	125480.00000	-771.35024	0.00000	-0.26792
-102397.76387	72729.25661	137.00000	125502.31893	-144.31971	0.00000	0.03214	125500.00000	-771.44375	0.00000	-0.26786
-102414.09329	72740.80473	137.00000	125522.31914	-144.30848	0.00000	0.03220	125520.00000	-771.53724	0.00000	-0.26780
-102430.42272	72752.35282	137.00000	125542.31936	-144.29723	0.00000	0.03226	125540.00000	-771.63071	0.00000	-0.26774
-102446.75216	72763.90090	137.00000	125562.31957	-144.28596	0.00000	0.03231	125560.00000	-771.72416	0.00000	-0.26769
-102463.08161	72775.44896	137.00000	125582.31979	-144.27467	0.00000	0.03237	125580.00000	-771.81759	0.00000	-0.26763
-102479.41107	72786.99701	137.00000	125602.32000	-144.26336	0.00000	0.03243	125600.00000	-771.91100	0.00000	-0.26757
-102495.74055	72798.54504	137.00000	125622.32022	-144.25203	0.00000	0.03249	125620.00000	-772.00439	0.00000	-0.26751
-102512.07003	72810.09305	137.00000	125642.32043	-144.24068	0.00000	0.03254	125640.00000	-772.09776	0.00000	-0.26746
-102528.39953	72821.64105	137.00000	125662.32065	-144.22931	0.00000	0.03260	125660.00000	-772.19111	0.00000	-0.26740
-102544.72904	72833.18903	137.00000	125682.32086	-144.21792	0.00000	0.03266	125680.00000	-772.28444	0.00000	-0.26734
-102561.05856	72844.73699	137.00000	125702.32108	-144.20651	0.00000	0.03272	125700.00000	-772.37775	0.00000	-0.26728
-102577.38809	72856.28494	137.00000	125722.32129	-144.19508	0.00000	0.03277	125720.00000	-772.47104	0.00000	-0.26723
-102593.71764	72867.83287	137.00000	125742.32151	-144.18363	0.00000	0.03283	125740.00000	-772.56431	0.00000	-0.26717
-102610.04719	72879.38078	137.00000	125762.32172	-144.17216	0.00000	0.03289	125760.00000	-772.65756	0.00000	-0.26711
-102626.37676	72890.92868	137.00000	125782.32193	-144.16067	0.00000	0.03294	125780.00000	-772.75079	0.00000	-0.26706
-102642.70634	72902.47656	137.00000	125802.32215	-144.14916	0.00000	0.03300	125800.00000	-772.84400	0.00000	-0.26700
-102659.03592	72914.02443	137.00000	125822.32236	-144.13763	0.00000	0.03306	125820.00000	-772.93719	0.00000	-0.26694
-102675.36553	72925.57228	137.00000	125842.32258	-144.12607	0.00000	0.03312	125840.00000	-773.03036	0.00000	-0.26688
-102691.69514	72937.12011	137.00000	125862.32279	-144.11450	0.00000	0.03317	125860.00000	-773.12351	0.00000	-0.26683
-102708.02476	72948.66793	137.00000	125882.32300	-144.10291	0.00000	0.03323	125880.00000	-773.21664	0.00000	-0.26677
-102724.35440	72960.21573	137.00000	125902.32322	-144.09130	0.00000	0.03329	125900.00000	-773.30975	0.00000	-0.26671
-102740.68404	72971.76351	137.00000	125922.32343	-144.07967	0.00000	0.03335	125920.00000	-773.40284	0.00000	-0.26665
-102757.01370	72983.31128	137.00000	125942.32364	-144.06802	0.00000	0.03340	125940.00000	-773.49591	0.00000	-0.26660
-102773.34337	72994.85903	137.00000	125962.32386	-144.05635	0.00000	0.03346	125960.00000	-773.58896	0.00000	-0.26654
-102789.67305	73006.40676	137.00000	125982.32407	-144.04466	0.00000	0.03352	125980.00000	-773.68199	0.00000	-0.26648
-102806.00274	73017.95448	137.00000	126002.32428	-144.03295	0.00000	0.03357	126000.00000	-773.77500	0.00000	-0.26643
-102822.33245	73029.50218	137.00000	126022.32449	-144.02122	0.00000	0.03363	126020.00000	-773.86799	0.00000	-0.26637
-102838.66216	73041.04987	137.00000	126042.32471	-144.00947	0.00000	0.03369	126040.00000	-773.96096	0.00000	-0.26631
-102854.99189	73052.59754	137.00000	126062.32492	-143.99770	0.00000	0.03375	126060.00000	-774.05391	0.00000	-0.26625
-102871.32163	73064.14519	137.00000	126082.32513	-143.98591	0.00000	0.03380	126080.00000	-774.14684	0.00000	-0.26620
-102887.65138	73075.69283	137.00000	126102.32534	-143.97410	0.00000	0.03386	126100.00000	-774.23975	0.00000	-0.26614
-102903.98114	73087.24045	137.00000	126122.32556	-143.96227	0.00000	0.03392	126120.00000	-774.33264	0.00000	-0.26608
-102920.31091	73098.78805	137.00000	126142.32577	-143.95042	0.00000	0.03398	126140.00000	-774.42551	0.00000	-0.26602
-102936.64070	73110.33564	137.00000	126162.32598	-143.93855	0.00000	0.03403	126160.00000	-774.51836	0.00000	-0.26597
-102952.97049	73121.88321	137.00000	126182.32619	-143.92666	0.00000	0.03409	126180.00000	-774.61119	0.00000	-0.26591
-102969.30030	73133.43076	137.00000	126202.32640	-143.91475	0.00000	0.03415	126200.00000	-774.70400	0.00000	-0.26585
-102985.63012	73144.97830	137.00000	126222.32662	-143.90281	0.00000	0.03420	126220.00000	-774.79679	0.00000	-0.26580
-103001.95995	73156.52582	137.00000	126242.32683	-143.89086	0.00000	0.03426	126240.00000	-774.88956	0.00000	-0.26574
-103018.28979	73168.07332	137.00000	126262.32704	-143.87889	0.00000	0.03432	126260.00000	-774.98231	0.00000	-0.26568
-103034.61964	73179.62081	137.00000	126282.32725	-143.86690	0.00000	0.03438	126280.00000	-775.07504	0.00000	-0.26562
-103050.94951	73191.16829	137.00000	126302.32746	-143.85489	0.00000	0.03443	126300.00000	-775.16775	0.00000	-0.26557
-103067.27939	73202.71574	137.00000	126322.32767	-143.84286	0.00000	0.03449	126320.00000	-775.26044	0.00000	-0.26551
-103083.60927	73214.26318	137.00000	126342.32788	-143.83081	0.00000	0.03455	126340.00000	-775.35311	0.00000	-0.26545
-103099.93917	73225.81060	137.00000	126362.32809	-143.81874	0.00000	0.03461	126360.00000	-775.44576	0.00000	-0.26539
-103116.26908	73237.35801	137.00000	126382.32831	-143.80665	0.00000	0.03466	126380.00000	-775.53839	0.00000	-0.26534
-103132.59900	73248.90540	137.00000	126402.32852	-143.79454	0.00000	0.03472	126400.00000	-775.63100	0.00000	-0.26528
-103148.92894	73260.45278	137.00000	126422.32873	-143.78241	0.00000	0.03478	126420.00000	-775.72359	0.00000	-0.26522
-103165.25888	73272.00013	137.00000	126442.32894	-143.77026	0.00000	0.03484	126440.00000	-775.81616	0.00000	-0.26516
-103181.58884	73283.54747	137.00000	126462.32915	-143.75809	0.00000	0.03489	126460.00000	-775.90871	0.00000	-0.26511
-103197.91881	73295.09480	137.00000	126482.32936	-143.74590	0.00000	0.03495	126480.00000	-776.00124	0.00000	-0.26505
-103214.24879	73306.64211	137.00000	126502.32957	-143.73369	0.00000	0.03501	126500.00000	-776.09375	0.00000	-0.26499
-103230.57878	73318.18940	137.00000	126522.32978	-143.72146	0.00000	0.03506	126520.00000	-776.18624	0.00000	-0.26494
-103246.90878	73329.73668	137.00000	126542.32999	-143.70921	0.00000	0.03512	126540.00000	-776.27871	0.00000	-0.26488
-103263.23879	73341.28394	137.00000	126562.33020	-143.69694	0.00000	0.03518	126560.00000	-776.37116	0.00000	-0.26482
-103279.56882	73352.83118	137.00000	126582.33041	-143.68464	0.00000	0.03524	126580.00000	-776.46359	0.00000	-0.26476
-103295.89886	73364.37840	137.00000	126602.33062	-143.67233	0.00000	0.03529	126600.00000	-776.55600	0.00000	-0.26471
-103312.22890	73375.92561	137.00000	126622.33083	-143.66000	0.00000	0.03535	126620.00000	-776.64839	0.00000	-0.26465
-103328.55896	73387.47281	137.00000	126642.33104	-143.64765	0.00000	0.03541	126640.00000	-776.74076	0.00000	-0.26459
-103344.88903	73399.01999	137.00000	126662.33125	-143.63528	0.00000	0.03547	126660.00000	-776.83311	0.00000	-0.26453
-103361.21912	73410.56715	137.00000	126682.33146	-143.62289	0.00000	0.03552	126680.00000	-776.92544	0.00000	-0.26448
-103377.54921	73422.11429	137.00000	126702.33166	-143.61048	0.00000	0.03558	126700.00000	-777.01775	0.00000	-0.26442
-103393.87932	73433.66142	137.00000	126722.33187	-143.59805	0.00000	0.03564	126720.00000	-777.11004	0.00000	-0.26436
-103410.20943	73445.20853	137.00000	126742.33208	-143.58560	0.00000	0.03569	126740.00000	-777.20231	0.00000	-0.26431
-103426.53956	73456.75563	137.00000	126762.33229	-143.57313	0.00000	0.03575	126760.00000	-777.29456	0.00000	-0.26425
-103442.86970	73468.30271	137.00000	126782.33250	-143.56064	0.00000	0.03581	126780.00000	-777.38679	0.00000	-0.26419
-103459.19985	73479.84977	137.00000	126802.33271	-143.54813	0.00000	0.03587	126800.00000	-777.47900	0.00000	-0.26413
-103475.53002	73491.39682	137.00000	126822.33292	-143.53560	0.00000	0.03592	126820.00000	-777.57119	0.00000	-0.26408
-103491.86019	73502.94385	137.00000	126842.33313	-143.52305	0.00000	0.03598	126840.00000	-777.66336	0.00000	-0.26402
-103508.19038	73514.49086	137.00000	126862.33333	-143.51048	0.00000	0.03604	126860.00000	-777.75551	0.00000	-0.26396
-103524.52057	73526.03786	137.00000	126882.33354	-143.49789	0.00000	0.03610	126880.00000	-777.84764	0.00000	-0.26390
-103540.85078	73537.58484	137.00000	126902.33375	-143.48528	0.00000	0.03615	126900.00000	-777.93975	0.00000	-0.26385
-103557.18100	73549.13180	137.00000	126922.33396	-143.47265	0.00000	0.03621	126920.00000	-778.03184	0.00000	-0.26379
-103573.51123	73560.67875	137.00000	126942.33417	-143.45999	0.00000	0.03627	126940.00000	-778.12391	0.00000	-0.26373
-103589.84148	73572.22568	137.00000	126962.33437	-143.44732	0.00000	0.03632	126960.00000	-778.21596	0.00000	-0.26368
-103606.17173	73583.77260	137.00000	126982.33458	-143.43463	0.00000	0.03638	126980.00000	-778.30799	0.00000	-0.26362
-103622.50200	73595.31950	137.00000	127002.33479	-143.42192	0.00000	0.03644	127000.00000	-778.40000	0.00000	-0.26356
-103638.83228	73606.86638	137.00000	127022.33500	-143.40919	0.00000	0.03650	127020.00000	-778.49199	0.00000	-0.26350
-103655.16256	73618.41324	137.00000	127042.33520	-143.39644	0.00000	0.03655	127040.00000	-778.58396	0.00000	-0.26345
-103671.49287	73629.96009	137.00000	127062.33541	-143.38367	0.00000	0.03661	127060.00000	-778.67591	0.00000	-0.26339
-103687.82318	73641.50693	137.00000	127082.33562	-143.37088	0.00000	0.03667	127080.00000	-778.76784	0.00000	-0.26333
-103704.15350	73653.05374	137.00000	127102.33583	-143.35807	0.00000	0.03673	127100.00000	-778.85975	0.00000	-0.26327
-103720.48384	73664.60054	137.00000	127122.33603	-143.34524	0.00000	0.03678	127120.00000	-778.95164	0.00000	-0.26322
-103736.81418	73676.14733	137.00000	127142.33624	-143.33239	0.00000	0.03684	127140.00000	-779.04351	0.00000	-0.26316
-103753.14454	73687.69410	137.00000	127162.33645	-143.31952	0.00000	0.03690	127160.00000	-779.13536	0.00000	-0.26310
-103769.47491	73699.24085	137.00000	127182.33665	-143.30663	0.00000	0.03696	127180.00000	-779.22719	0.00000	-0.26304
-103785.80529	73710.78758	137.00000	127202.33686	-143.29372	0.00000	0.03701	127200.00000	-779.31900	0.00000	-0.26299
-103802.13568	73722.33430	137.00000	127222.33707	-143.28079	0.00000	0.03707	127220.00000	-779.41079	0.00000	-0.26293
-103818.46609	73733.88100	137.00000	127242.33727	-143.26784	0.00000	0.03713	127240.00000	-779.50256	0.00000	-0.26287
-103834.79650	73745.42769	137.00000	127262.33748	-143.25487	0.00000	0.03718	127260.00000	-779.59431	0.00000	-0.26282
-103851.12693	73756.97436	137.00000	127282.33769	-143.24188	0.00000	0.03724	127280.00000	-779.68604	0.00000	-0.26276
-103867.45737	73768.52101	137.00000	127302.33789	-143.22887	0.00000	0.03730	127300.00000	-779.77775	0.00000	-0.26270
-103883.78782	73780.06765	137.00000	127322.33810	-143.21583	0.00000	0.03736	127320.00000	-779.86944	0.00000	-0.26264
-103900.11828	73791.61427	137.00000	127342.33830	-143.20278	0.00000	0.03741	127340.00000	-779.96111	0.00000	-0.26259
-103916.44875	73803.16087	137.00000	127362.33851	-143.18971	0.00000	0.03747	127360.00000	-780.05276	0.00000	-0.26253
-103932.77923	73814.70746	137.00000	127382.33871	-143.17662	0.00000	0.03753	127380.00000	-780.14439	0.00000	-0.26247
-103949.10973	73826.25403	137.00000	127402.33892	-143.16351	0.00000	0.03759	127400.00000	-780.23600	0.00000	-0.26241
-103965.44024	73837.80059	137.00000	127422.33913	-143.15038	0.00000	0.03764	127420.00000	-780.32759	0.00000	-0.26236
-103981.77075	73849.34713	137.00000	127442.33933	-143.13723	0.00000	0.03770	127440.00000	-780.41916	0.00000	-0.26230
-103998.10128	73860.89365	137.00000	127462.33954	-143.12406	0.00000	0.03776	127460.00000	-780.51071	0.00000	-0.26224
-104014.43183	73872.44015	137.00000	127482.33974	-143.11087	0.00000	0.03781	127480.00000	-780.60224	0.00000	-0.26219
-104030.76238	73883.98664	137.00000	127502.33995	-143.09766	0.00000	0.03787	127500.00000	-780.69375	0.00000	-0.26213
-104047.09294	73895.53312	137.00000	127522.34015	-143.08443	0.00000	0.03793	127520.00000	-780.78524	0.00000	-0.26207
-104063.42352	73907.07957	137.00000	127542.34036	-143.07118	0.00000	0.03799	127540.00000	-780.87671	0.00000	-0.26201
-104079.75411	73918.62601	137.00000	127562.34056	-143.05791	0.00000	0.03804	127560.00000	-780.96816	0.00000	-0.26196
-104096.08471	73930.17244	137.00000	127582.34076	-143.04462	0.00000	0.03810	127580.00000	-781.05959	0.00000	-0.26190
-104112.41532	73941.71884	137.00000	127602.34097	-143.03131	0.00000	0.03816	127600.00000	-781.15100	0.00000	-0.26184
-104128.74594	73953.26524	137.00000	127622.34117	-143.01798	0.00000	0.03822	127620.00000	-781.24239	0.00000	-0.26178
-104145.07657	73964.81161	137.00000	127642.34138	-143.00463	0.00000	0.03827	127640.00000	-781.33376	0.00000	-0.26173
-104161.40722	73976.35797	137.00000	127662.34158	-142.99126	0.00000	0.03833	127660.00000	-781.42511	0.00000	-0.26167
-104177.73787	73987.90431	137.00000	127682.34179	-142.97787	0.00000	0.03839	127680.00000	-781.51644	0.00000	-0.26161
-104194.06854	73999.45064	137.00000	127702.34199	-142.96445	0.00000	0.03844	127700.00000	-781.60775	0.00000	-0.26156
-104210.39922	74010.99695	137.00000	127722.34219	-142.95102	0.00000	0.03850	127720.00000	-781.69904	0.00000	-0.26150
-104226.72991	74022.54324	137.00000	127742.34240	-142.93757	0.00000	0.03856	127740.00000	-781.79031	0.00000	-0.26144
-104243.06061	74034.08951	137.00000	127762.34260	-142.92410	0.00000	0.03862	127760.00000	-781.88156	0.00000	-0.26138
-104259.39132	74045.63577	137.00000	127782.34280	-142.91061	0.00000	0.03867	127780.00000	-781.97279	0.00000	-0.26133
-104275.72205	74057.18202	137.00000	127802.34301	-142.89710	0.00000	0.03873	127800.00000	-782.06400	0.00000	-0.26127
-104292.05279	74068.72824	137.00000	127822.34321	-142.88357	0.00000	0.03879	127820.00000	-782.15519	0.00000	-0.26121
-104308.38353	74080.27446	137.00000	127842.34341	-142.87002	0.00000	0.03885	127840.00000	-782.24636	0.00000	-0.26115
-104324.71429	74091.82065	137.00000	127862.34362	-142.85645	0.00000	0.03890	127860.00000	-782.33751	0.00000	-0.26110
-104341.04506	74103.36683	137.00000	127882.34382	-142.84286	0.00000	0.03896	127880.00000	-782.42864	0.00000	-0.26104
-104357.37585	74114.91299	137.00000	127902.34402	-142.82925	0.00000	0.03902	127900.00000	-782.51975	0.00000	-0.26098
-104373.70664	74126.45914	137.00000	127922.34423	-142.81562	0.00000	0.03908	127920.00000	-782.61084	0.00000	-0.26092
-104390.03745	74138.00526	137.00000	127942.34443	-142.80197	0.00000	0.03913	127940.00000	-782.70191	0.00000	-0.26087
-104406.36826	74149.55138	137.00000	127962.34463	-142.78830	0.00000	0.03919	127960.00000	-782.79296	0.00000	-0.26081
-104422.69909	74161.09747	137.00000	127982.34483	-142.77461	0.00000	0.03925	127980.00000	-782.88399	0.00000	-0.26075
-104439.02993	74172.64355	137.00000	128002.34504	-142.76090	0.00000	0.03930	128000.00000	-782.97500	0.00000	-0.26070
-104455.36078	74184.18962	137.00000	128022.34524	-142.74717	0.00000	0.03936	128020.00000	-783.06599	0.00000	-0.26064
-104471.69164	74195.73566	137.00000	128042.34544	-142.73342	0.00000	0.03942	128040.00000	-783.15696	0.00000	-0.26058
-104488.02252	74207.28169	137.00000	128062.34564	-142.71965	0.00000	0.03948	128060.00000	-783.24791	0.00000	-0.26052
-104504.35340	74218.82771	137.00000	128082.34584	-142.70585	0.00000	0.03953	128080.00000	-783.33884	0.00000	-0.26047
-104520.68430	74230.37371	137.00000	128102.34605	-142.69204	0.00000	0.03959	128100.00000	-783.42975	0.00000	-0.26041
-104537.01521	74241.91969	137.00000	128122.34625	-142.67821	0.00000	0.03965	128120.00000	-783.52064	0.00000	-0.26035
-104553.34613	74253.46565	137.00000	128142.34645	-142.66436	0.00000	0.03971	128140.00000	-783.61151	0.00000	-0.26029
-104569.67706	74265.01160	137.00000	128162.34665	-142.65049	0.00000	0.03976	128160.00000	-783.70236	0.00000	-0.26024
-104586.00800	74276.55753	137.00000	128182.34685	-142.63660	0.00000	0.03982	128180.00000	-783.79319	0.00000	-0.26018
-104602.33896	74288.10345	137.00000	128202.34705	-142.62269	0.00000	0.03988	128200.00000	-783.88400	0.00000	-0.26012
-104618.66992	74299.64935	137.00000	128222.34726	-142.60876	0.00000	0.03993	128220.00000	-783.97479	0.00000	-0.26007
-104635.00090	74311.19523	137.00000	128242.34746	-142.59481	0.00000	0.03999	128240.00000	-784.06556	0.00000	-0.26001
-104651.33189	74322.74110	137.00000	128262.34766	-142.58084	0.00000	0.04005	128260.00000	-784.15631	0.00000	-0.25995
-104667.66289	74334.28695	137.00000	128282.34786	-142.56685	0.00000	0.04011	128280.00000	-784.24704	0.00000	-0.25989
-104683.99390	74345.83278	137.00000	128302.34806	-142.55284	0.00000	0.04016	128300.00000	-784.33775	0.00000	-0.25984
-104700.32493	74357.37860	137.00000	128322.34826	-142.53881	0.00000	0.04022	128320.00000	-784.42844	0.00000	-0.25978
-104716.65596	74368.92440	137.00000	128342.34846	-142.52476	0.00000	0.04028	128340.00000	-784.51911	0.00000	-0.25972
-104732.98701	74380.47019	137.00000	128362.34866	-142.51069	0.00000	0.04034	128360.00000	-784.60976	0.00000	-0.25966
-104749.31806	74392.01596	137.00000	128382.34886	-142.49660	0.00000	0.04039	128380.00000	-784.70039	0.00000	-0.25961
-104765.64913	74403.56171	137.00000	128402.34906	-142.48249	0.00000	0.04045	128400.00000	-784.79100	0.00000	-0.25955
-104781.98021	74415.10744	137.00000	128422.34926	-142.46836	0.00000	0.04051	128420.00000	-784.88159	0.00000	-0.25949
-104798.31131	74426.65316	137.00000	128442.34946	-142.45421	0.00000	0.04056	128440.00000	-784.97216	0.00000	-0.25944
-104814.64241	74438.19887	137.00000	128462.34966	-142.44003	0.00000	0.04062	128460.00000	-785.06271	0.00000	-0.25938
-104830.97352	74449.74455	137.00000	128482.34986	-142.42584	0.00000	0.04068	128480.00000	-785.15324	0.00000	-0.25932
-104847.30465	74461.29022	137.00000	128502.35006	-142.41163	0.00000	0.04074	128500.00000	-785.24375	0.00000	-0.25926
-104863.63579	74472.83588	137.00000	128522.35026	-142.39740	0.00000	0.04079	128520.00000	-785.33424	0.00000	-0.25921
-104879.96694	74484.38151	137.00000	128542.35046	-142.38315	0.00000	0.04085	128540.00000	-785.42471	0.00000	-0.25915
-104896.29810	74495.92713	137.00000	128562.35066	-142.36888	0.00000	0.04091	128560.00000	-785.51516	0.00000	-0.25909
-104912.62927	74507.47274	137.00000	128582.35086	-142.35459	0.00000	0.04097	128580.00000	-785.60559	0.00000	-0.25903
-104928.96046	74519.01833	137.00000	128602.35106	-142.34028	0.00000	0.04102	128600.00000	-785.69600	0.00000	-0.25898
-104945.29165	74530.56390	137.00000	128622.35126	-142.32595	0.00000	0.04108	128620.00000	-785.78639	0.00000	-0.25892
-104961.62286	74542.10945	137.00000	128642.35146	-142.31160	0.00000	0.04114	128640.00000	-785.87676	0.00000	-0.25886
-104977.95408	74553.65499	137.00000	128662.35166	-142.29723	0.00000	0.04119	128660.00000	-785.96711	0.00000	-0.25881
-104994.28531	74565.20052	137.00000	128682.35185	-142.28284	0.00000	0.04125	128680.00000	-786.05744	0.00000	-0.25875
-105010.61655	74576.74602	137.00000	128702.35205	-142.26843	0.00000	0.04131	128700.00000	-786.14775	0.00000	-0.25869
-105026.94780	74588.29151	137.00000	128722.35225	-142.25400	0.00000	0.04137	128720.00000	-786.23804	0.00000	-0.25863
-105043.27906	74599.83699	137.00000	128742.35245	-142.23955	0.00000	0.04142	128740.00000	-786.32831	0.00000	-0.25858
-105059.61034	74611.38244	137.00000	128762.35265	-142.22508	0.00000	0.04148	128760.00000	-786.41856	0.00000	-0.25852
-105075.94163	74622.92788	137.00000	128782.35285	-142.21059	0.00000	0.04154	128780.00000	-786.50879	0.00000	-0.25846
-105092.27292	74634.47331	137.00000	128802.35305	-142.19608	0.00000	0.04160	128800.00000	-786.59900	0.00000	-0.25840
-105108.60423	74646.01872	137.00000	128822.35324	-142.18155	0.00000	0.04165	128820.00000	-786.68919	0.00000	-0.25835
-105124.93556	74657.56411	137.00000	128842.35344	-142.16699	0.00000	0.04171	128840.00000	-786.77936	0.00000	-0.25829
-105141.26689	74669.10948	137.00000	128862.35364	-142.15242	0.00000	0.04177	128860.00000	-786.86951	0.00000	-0.25823
-105157.59823	74680.65484	137.00000	128882.35384	-142.13783	0.00000	0.04183	128880.00000	-786.95964	0.00000	-0.25817
-105173.92959	74692.20019	137.00000	128902.35403	-142.12322	0.00000	0.04188	128900.00000	-787.04975	0.00000	-0.25812
-105190.26096	74703.74551	137.00000	128922.35423	-142.10859	0.00000	0.04194	128920.00000	-787.13984	0.00000	-0.25806
-105206.59234	74715.29082	137.00000	128942.35443	-142.09394	0.00000	0.04200	128940.00000	-787.22991	0.00000	-0.25800
-105222.92373	74726.83611	137.00000	128962.35463	-142.07927	0.00000	0.04205	128960.00000	-787.31996	0.00000	-0.25795
-105239.25513	74738.38139	137.00000	128982.35482	-142.06458	0.00000	0.04211	128980.00000	-787.40999	0.00000	-0.25789
-105255.58654	74749.92665	137.00000	129002.35502	-142.04987	0.00000	0.04217	129000.00000	-787.50000	0.00000	-0.25783
-105271.91797	74761.47190	137.00000	129022.35522	-142.03514	0.00000	0.04223	129020.00000	-787.58999	0.00000	-0.25777
-105288.24940	74773.01712	137.00000	129042.35542	-142.02039	0.00000	0.04228	129040.00000	-787.67996	0.00000	-0.25772
-105304.58085	74784.56234	137.00000	129062.35561	-142.00562	0.00000	0.04234	129060.00000	-787.76991	0.00000	-0.25766
-105320.91231	74796.10753	137.00000	129082.35581	-141.99083	0.00000	0.04240	129080.00000	-787.85984	0.00000	-0.25760
-105337.24378	74807.65271	137.00000	129102.35601	-141.97602	0.00000	0.04246	129100.00000	-787.94975	0.00000	-0.25754
-105353.57526	74819.19787	137.00000	129122.35620	-141.96119	0.00000	0.04251	129120.00000	-788.03964	0.00000	-0.25749
-105369.90676	74830.74302	137.00000	129142.35640	-141.94634	0.00000	0.04257	129140.00000	-788.12951	0.00000	-0.25743
-105386.23826	74842.28815	137.00000	129162.35659	-141.93147	0.00000	0.04263	129160.00000	-788.21936	0.00000	-0.25737
-105402.56978	74853.83326	137.00000	129182.35679	-141.91658	0.00000	0.04268	129180.00000	-788.30919	0.00000	-0.25732
-105418.90130	74865.37836	137.00000	129202.35699	-141.90167	0.00000	0.04274	129200.00000	-788.39900	0.00000	-0.25726
-105435.23284	74876.92344	137.00000	129222.35718	-141.88674	0.00000	0.04280	129220.00000	-788.48879	0.00000	-0.25720
-105451.56439	74888.46850	137.00000	129242.35738	-141.87178	0.00000	0.04286	129240.00000	-788.57856	0.00000	-0.25714
-105467.89596	74900.01355	137.00000	129262.35757	-141.85681	0.00000	0.04291	129260.00000	-788.66831	0.00000	-0.25709
-105484.22753	74911.55858	137.00000	129282.35777	-141.84182	0.00000	0.04297	129280.00000	-788.75804	0.00000	-0.25703
-105500.55912	74923.10359	137.00000	129302.35797	-141.82681	0.00000	0.04303	129300.00000	-788.84775	0.00000	-0.25697
-105516.89071	74934.64859	137.00000	129322.35816	-141.81178	0.00000	0.04309	129320.00000	-788.93744	0.00000	-0.25691
-105533.22232	74946.19358	137.00000	129342.35836	-141.79673	0.00000	0.04314	129340.00000	-789.02711	0.00000	-0.25686
-105549.55394	74957.73854	137.00000	129362.35855	-141.78166	0.00000	0.04320	129360.00000	-789.11676	0.00000	-0.25680
-105565.88557	74969.28349	137.00000	129382.35875	-141.76657	0.00000	0.04326	129380.00000	-789.20639	0.00000	-0.25674
-105582.21722	74980.82842	137.00000	129402.35894	-141.75146	0.00000	0.04331	129400.00000	-789.29600	0.00000	-0.25669
-105598.54887	74992.37334	137.00000	129422.35914	-141.73633	0.00000	0.04337	129420.00000	-789.38559	0.00000	-0.25663
-105614.88054	75003.91824	137.00000	129442.35933	-141.72118	0.00000	0.04343	129440.00000	-789.47516	0.00000	-0.25657
-105631.21221	75015.46312	137.00000	129462.35953	-141.70601	0.00000	0.04349	129460.00000	-789.56471	0.00000	-0.25651
-105647.54390	75027.00799	137.00000	129482.35972	-141.69082	0.00000	0.04354	129480.00000	-789.65424	0.00000	-0.25646
-105663.87560	75038.55284	137.00000	129502.35992	-141.67561	0.00000	0.04360	129500.00000	-789.74375	0.00000	-0.25640
-105680.20731	75050.09768	137.00000	129522.36011	-141.66038	0.00000	0.04366	129520.00000	-789.83324	0.00000	-0.25634
-105696.53904	75061.64250	137.00000	129542.36030	-141.64513	0.00000	0.04372	129540.00000	-789.92271	0.00000	-0.25628
-105712.87077	75073.18730	137.00000	129562.36050	-141.62986	0.00000	0.04377	129560.00000	-790.01216	0.00000	-0.25623
-105729.20252	75084.73208	137.00000	129582.36069	-141.61457	0.00000	0.04383	129580.00000	-790.10159	0.00000	-0.25617
-105745.53427	75096.27685	137.00000	129602.36089	-141.59926	0.00000	0.04389	129600.00000	-790.19100	0.00000	-0.25611
-105761.86604	75107.82160	137.00000	129622.36108	-141.58393	0.00000	0.04395	129620.00000	-790.28039	0.00000	-0.25605
-105778.19782	75119.36634	137.00000	129642.36127	-141.56857	0.00000	0.04400	129640.00000	-790.36976	0.00000	-0.25600
-105794.52961	75130.91106	137.00000	129662.36147	-141.55320	0.00000	0.04406	129660.00000	-790.45911	0.00000	-0.25594
-105810.86142	75142.45576	137.00000	129682.36166	-141.53781	0.00000	0.04412	129680.00000	-790.54844	0.00000	-0.25588
-105827.19323	75154.00045	137.00000	129702.36186	-141.52240	0.00000	0.04417	129700.00000	-790.63775	0.00000	-0.25583
-105843.52506	75165.54512	137.00000	129722.36205	-141.50697	0.00000	0.04423	129720.00000	-790.72704	0.00000	-0.25577
-105859.85690	75177.08978	137.00000	129742.36224	-141.49152	0.00000	0.04429	129740.00000	-790.81631	0.00000	-0.25571
-105876.18875	75188.63441	137.00000	129762.36243	-141.47605	0.00000	0.04435	129760.00000	-790.90556	0.00000	-0.25565
-105892.52061	75200.17904	137.00000	129782.36263	-141.46056	0.00000	0.04440	129780.00000	-790.99479	0.00000	-0.25560
-105908.85248	75211.72364	137.00000	129802.36282	-141.44505	0.00000	0.04446	129800.00000	-791.08400	0.00000	-0.25554
-105925.18436	75223.26823	137.00000	129822.36301	-141.42952	0.00000	0.04452	129820.00000	-791.17319	0.00000	-0.25548
-105941.51626	75234.81280	137.00000	129842.36321	-141.41397	0.00000	0.04458	129840.00000	-791.26236	0.00000	-0.25542
-105957.84816	75246.35736	137.00000	129862.36340	-141.39840	0.00000	0.04463	129860.00000	-791.35151	0.00000	-0.25537
-105974.18008	75257.90190	137.00000	129882.36359	-141.38281	0.00000	0.04469	129880.00000	-791.44064	0.00000	-0.25531
-105990.51201	75269.44642	137.00000	129902.36378	-141.36720	0.00000	0.04475	129900.00000	-791.52975	0.00000	-0.25525
-106006.84395	75280.99093	137.00000	129922.36398	-141.35157	0.00000	0.04480	129920.00000	-791.61884	0.00000	-0.25520
-106023.17590	75292.53542	137.00000	129942.36417	-141.33592	0.00000	0.04486	129940.00000	-791.70791	0.00000	-0.25514
-106039.50787	75304.07989	137.00000	129962.36436	-141.32025	0.00000	0.04492	129960.00000	-791.79696	0.00000	-0.25508
-106055.83984	75315.62435	137.00000	129982.36455	-141.30456	0.00000	0.04498	129980.00000	-791.88599	0.00000	-0.25502
-106072.17183	75327.16879	137.00000	130002.36474	-141.28885	0.00000	0.04503	130000.00000	-791.97500	0.00000	-0.25497
-106088.50383	75338.71322	137.00000	130022.36494	-141.27312	0.00000	0.04509	130020.00000	-792.06399	0.00000	-0.25491
-106104.83584	75350.25763	137.00000	130042.36513	-141.25736	0.00000	0.04515	130040.00000	-792.15296	0.00000	-0.25485
-106121.16786	75361.80202	137.00000	130062.36532	-141.24159	0.00000	0.04521	130060.00000	-792.24191	0.00000	-0.25479
-106137.49989	75373.34640	137.00000	130082.36551	-141.22580	0.00000	0.04526	130080.00000	-792.33084	0.00000	-0.25474
-106153.83194	75384.89076	137.00000	130102.36570	-141.20999	0.00000	0.04532	130100.00000	-792.41975	0.00000	-0.25468
-106170.16399	75396.43510	137.00000	130122.36589	-141.19416	0.00000	0.04538	130120.00000	-792.50864	0.00000	-0.25462
-106186.49606	75407.97943	137.00000	130142.36608	-141.17831	0.00000	0.04543	130140.00000	-792.59751	0.00000	-0.25457
-106202.82814	75419.52374	137.00000	130162.36628	-141.16244	0.00000	0.04549	130160.00000	-792.68636	0.00000	-0.25451
-106219.16023	75431.06803	137.00000	130182.36647	-141.14655	0.00000	0.04555	130180.00000	-792.77519	0.00000	-0.25445
-106235.49233	75442.61231	137.00000	130202.36666	-141.13064	0.00000	0.04561	130200.00000	-792.86400	0.00000	-0.25439
-106251.82444	75454.15657	137.00000	130222.36685	-141.11471	0.00000	0.04566	130220.00000	-792.95279	0.00000	-0.25434
-106268.15657	75465.70081	137.00000	130242.36704	-141.09876	0.00000	0.04572	130240.00000	-793.04156	0.00000	-0.25428
-106284.48870	75477.24504	137.00000	130262.36723	-141.08279	0.00000	0.04578	130260.00000	-793.13031	0.00000	-0.25422
-106300.82085	75488.78925	137.00000	130282.36742	-141.06680	0.00000	0.04584	130280.00000	-793.21904	0.00000	-0.25416
-106317.15301	75500.33345	137.00000	130302.36761	-141.05079	0.00000	0.04589	130300.00000	-793.30775	0.00000	-0.25411
-106333.48518	75511.87763	137.00000	130322.36780	-141.03476	0.00000	0.04595	130320.00000	-793.39644	0.00000	-0.25405
-106349.81736	75523.42179	137.00000	130342.36799	-141.01871	0.00000	0.04601	130340.00000	-793.48511	0.00000	-0.25399
-106366.14956	75534.96594	137.00000	130362.36818	-141.00264	0.00000	0.04607	130360.00000	-793.57376	0.00000	-0.25393
-106382.48176	75546.51007	137.00000	130382.36837	-140.98655	0.00000	0.04612	130380.00000	-793.66239	0.00000	-0.25388
-106398.81398	75558.05418	137.00000	130402.36856	-140.97044	0.00000	0.04618	130400.00000	-793.75100	0.00000	-0.25382
-106415.14620	75569.59828	137.00000	130422.36875	-140.95431	0.00000	0.04624	130420.00000	-793.83959	0.00000	-0.25376
-106431.47844	75581.14236	137.00000	130442.36894	-140.93815	0.00000	0.04629	130440.00000	-793.92816	0.00000	-0.25371
-106447.81069	75592.68643	137.00000	130462.36913	-140.92198	0.00000	0.04635	130460.00000	-794.01671	0.00000	-0.25365
-106464.14296	75604.23047	137.00000	130482.36932	-140.90579	0.00000	0.04641	130480.00000	-794.10524	0.00000	-0.25359
-106480.47523	75615.77451	137.00000	130502.36951	-140.88958	0.00000	0.04647	130500.00000	-794.19375	0.00000	-0.25353
-106496.80752	75627.31852	137.00000	130522.36970	-140.87335	0.00000	0.04652	130520.00000	-794.28224	0.00000	-0.25348
-106513.13981	75638.86252	137.00000	130542.36989	-140.85710	0.00000	0.04658	130540.00000	-794.37071	0.00000	-0.25342
-106529.47212	75650.40650	137.00000	130562.37008	-140.84083	0.00000	0.04664	130560.00000	-794.45916	0.00000	-0.25336
-106545.80444	75661.95047	137.00000	130582.37026	-140.82454	0.00000	0.04670	130580.00000	-794.54759	0.00000	-0.25330
-106562.13677	75673.49442	137.00000	130602.37045	-140.80823	0.00000	0.04675	130600.00000	-794.63600	0.00000	-0.25325
-106578.46911	75685.03835	137.00000	130622.37064	-140.79190	0.00000	0.04681	130620.00000	-794.72439	0.00000	-0.25319
-106594.80147	75696.58227	137.00000	130642.37083	-140.77555	0.00000	0.04687	130640.00000	-794.81276	0.00000	-0.25313
-106611.13383	75708.12617	137.00000	130662.37102	-140.75918	0.00000	0.04692	130660.00000	-794.90111	0.00000	-0.25308
-106627.46621	75719.67006	137.00000	130682.37121	-140.74279	0.00000	0.04698	130680.00000	-794.98944	0.00000	-0.25302
-106643.79860	75731.21392	137.00000	130702.37140	-140.72638	0.00000	0.04704	130700.00000	-795.07775	0.00000	-0.25296
-106660.13100	75742.75777	137.00000	130722.37158	-140.70995	0.00000	0.04710	130720.00000	-795.16604	0.00000	-0.25290
-106676.46341	75754.30161	137.00000	130742.37177	-140.69350	0.00000	0.04715	130740.00000	-795.25431	0.00000	-0.25285
-106692.79583	75765.84543	137.00000	130762.37196	-140.67703	0.00000	0.04721	130760.00000	-795.34256	0.00000	-0.25279
-106709.12827	75777.38923	137.00000	130782.37215	-140.66054	0.00000	0.04727	130780.00000	-795.43079	0.00000	-0.25273
-106725.46071	75788.93302	137.00000	130802.37233	-140.64403	0.00000	0.04733	130800.00000	-795.51900	0.00000	-0.25267
-106741.79317	75800.47679	137.00000	130822.37252	-140.62750	0.00000	0.04738	130820.00000	-795.60719	0.00000	-0.25262
-106758.12564	75812.02054	137.00000	130842.37271	-140.61095	0.00000	0.04744	130840.00000	-795.69536	0.00000	-0.25256
-106774.45812	75823.56428	137.00000	130862.37290	-140.59437	0.00000	0.04750	130860.00000	-795.78351	0.00000	-0.25250
-106790.79061	75835.10800	137.00000	130882.37308	-140.57778	0.00000	0.04755	130880.00000	-795.87164	0.00000	-0.25245
-106807.12311	75846.65170	137.00000	130902.37327	-140.56117	0.00000	0.04761	130900.00000	-795.95975	0.00000	-0.25239
-106823.45563	75858.19539	137.00000	130922.37346	-140.54454	0.00000	0.04767	130920.00000	-796.04784	0.00000	-0.25233
-106839.78815	75869.73906	137.00000	130942.37365	-140.52789	0.00000	0.04773	130940.00000	-796.13591	0.00000	-0.25227
-106856.12069	75881.28272	137.00000	130962.37383	-140.51122	0.00000	0.04778	130960.00000	-796.22396	0.00000	-0.25222
-106872.45324	75892.82636	137.00000	130982.37402	-140.49453	0.00000	0.04784	130980.00000	-796.31199	0.00000	-0.25216
-106888.78580	75904.36998	137.00000	131002.37421	-140.47782	0.00000	0.04790	131000.00000	-796.40000	0.00000	-0.25210
-106905.11837	75915.91358	137.00000	131022.37439	-140.46109	0.00000	0.04796	131020.00000	-796.48799	0.00000	-0.25204
-106921.45095	75927.45717	137.00000	131042.37458	-140.44434	0.00000	0.04801	131040.00000	-796.57596	0.00000	-0.25199
-106937.78355	75939.00075	137.00000	131062.37477	-140.42757	0.00000	0.04807	131060.00000	-796.66391	0.00000	-0.25193
-106954.11616	75950.54430	137.00000	131082.37495	-140.41078	0.00000	0.04813	131080.00000	-796.75184	0.00000	-0.25187
-106970.44877	75962.08784	137.00000	131102.37514	-140.39397	0.00000	0.04819	131100.00000	-796.83975	0.00000	-0.25181
-106986.78140	75973.63137	137.00000	131122.37532	-140.37714	0.00000	0.04824	131120.00000	-796.92764	0.00000	-0.25176
-107003.11404	75985.17488	137.00000	131142.37551	-140.36029	0.00000	0.04830	131140.00000	-797.01551	0.00000	-0.25170
-107019.44670	75996.71837	137.00000	131162.37570	-140.34342	0.00000	0.04836	131160.00000	-797.10336	0.00000	-0.25164
-107035.77936	76008.26184	137.00000	131182.37588	-140.32653	0.00000	0.04841	131180.00000	-797.19119	0.00000	-0.25159
-107052.11203	76019.80530	137.00000	131202.37607	-140.30962	0.00000	0.04847	131200.00000	-797.27900	0.00000	-0.25153
-107068.44472	76031.34874	137.00000	131222.37625	-140.29269	0.00000	0.04853	131220.00000	-797.36679	0.00000	-0.25147
-107084.77742	76042.89217	137.00000	131242.37644	-140.27574	0.00000	0.04859	131240.00000	-797.45456	0.00000	-0.25141
-107101.11013	76054.43558	137.00000	131262.37662	-140.25876	0.00000	0.04864	131260.00000	-797.54231	0.00000	-0.25136
-107117.44285	76065.97897	137.00000	131282.37681	-140.24177	0.00000	0.04870	131280.00000	-797.63004	0.00000	-0.25130
-107133.77558	76077.52235	137.00000	131302.37699	-140.22476	0.00000	0.04876	131300.00000	-797.71775	0.00000	-0.25124
-107150.10833	76089.06571	137.00000	131322.37718	-140.20773	0.00000	0.04882	131320.00000	-797.80544	0.00000	-0.25118
-107166.44108	76100.60905	137.00000	131342.37736	-140.19068	0.00000	0.04887	131340.00000	-797.89311	0.00000	-0.25113
-107182.77385	76112.15238	137.00000	131362.37755	-140.17361	0.00000	0.04893	131360.00000	-797.98076	0.00000	-0.25107
-107199.10663	76123.69569	137.00000	131382.37773	-140.15652	0.00000	0.04899	131380.00000	-798.06839	0.00000	-0.25101
-107215.43942	76135.23898	137.00000	131402.37792	-140.13941	0.00000	0.04904	131400.00000	-798.15600	0.00000	-0.25096
-107231.77222	76146.78226	137.00000	131422.37810	-140.12228	0.00000	0.04910	131420.00000	-798.24359	0.00000	-0.25090
-107248.10503	76158.32552	137.00000	131442.37829	-140.10513	0.00000	0.04916	131440.00000	-798.33116	0.00000	-0.25084
-107264.43786	76169.86877	137.00000	131462.37847	-140.08796	0.00000	0.04922	131460.00000	-798.41871	0.00000	-0.25078
-107280.77069	76181.41200	137.00000	131482.37865	-140.07077	0.00000	0.04927	131480.00000	-798.50624	0.00000	-0.25073
-107297.10354	76192.95521	137.00000	131502.37884	-140.05356	0.00000	0.04933	131500.00000	-798.59375	0.00000	-0.25067
-107313.43640	76204.49841	137.00000	131522.37902	-140.03633	0.00000	0.04939	131520.00000	-798.68124	0.00000	-0.25061
-107329.76927	76216.04159	137.00000	131542.37921	-140.01908	0.00000	0.04945	131540.00000	-798.76871	0.00000	-0.25055
-107346.10215	76227.58475	137.00000	131562.37939	-140.00181	0.00000	0.04950	131560.00000	-798.85616	0.00000	-0.25050
-107362.43504	76239.12790	137.00000	131582.37957	-139.98452	0.00000	0.04956	131580.00000	-798.94359	0.00000	-0.25044
-107378.76795	76250.67103	137.00000	131602.37976	-139.96721	0.00000	0.04962	131600.00000	-799.03100	0.00000	-0.25038
-107395.10086	76262.21414	137.00000	131622.37994	-139.94988	0.00000	0.04967	131620.00000	-799.11839	0.00000	-0.25033
-107411.43379	76273.75724	137.00000	131642.38012	-139.93253	0.00000	0.04973	131640.00000	-799.20576	0.00000	-0.25027
-107427.76673	76285.30032	137.00000	131662.38031	-139.91516	0.00000	0.04979	131660.00000	-799.29311	0.00000	-0.25021
-107444.09968	76296.84339	137.00000	131682.38049	-139.89776	0.00000	0.04985	131680.00000	-799.38044	0.00000	-0.25015
-107460.43264	76308.38644	137.00000	131702.38067	-139.88035	0.00000	0.04990	131700.00000	-799.46775	0.00000	-0.25010
-107476.76561	76319.92947	137.00000	131722.38086	-139.86292	0.00000	0.04996	131720.00000	-799.55504	0.00000	-0.25004
-107493.09860	76331.47249	137.00000	131742.38104	-139.84547	0.00000	0.05002	131740.00000	-799.64231	0.00000	-0.24998
-107509.43160	76343.01549	137.00000	131762.38122	-139.82800	0.00000	0.05008	131760.00000	-799.72956	0.00000	-0.24992
-107525.76460	76354.55847	137.00000	131782.38140	-139.81051	0.00000	0.05013	131780.00000	-799.81679	0.00000	-0.24987
-107542.09762	76366.10144	137.00000	131802.38159	-139.79300	0.00000	0.05019	131800.00000	-799.90400	0.00000	-0.24981
-107558.43065	76377.64439	137.00000	131822.38177	-139.77547	0.00000	0.05025	131820.00000	-799.99119	0.00000	-0.24975
-107574.76370	76389.18732	137.00000	131842.38195	-139.75792	0.00000	0.05030	131840.00000	-800.07836	0.00000	-0.24970
-107591.09675	76400.73024	137.00000	131862.38213	-139.74035	0.00000	0.05036	131860.00000	-800.16551	0.00000	-0.24964
-107607.42981	76412.27314	137.00000	131882.38232	-139.72276	0.00000	0.05042	131880.00000	-800.25264	0.00000	-0.24958
-107623.76289	76423.81602	137.00000	131902.38250	-139.70515	0.00000	0.05048	131900.00000	-800.33975	0.00000	-0.24952
-107640.09598	76435.35889	137.00000	131922.38268	-139.68752	0.00000	0.05053	131920.00000	-800.42684	0.00000	-0.24947
-107656.42908	76446.90175	137.00000	131942.38286	-139.66987	0.00000	0.05059	131940.00000	-800.51391	0.00000	-0.24941
-107672.76219	76458.44458	137.00000	131962.38304	-139.65220	0.00000	0.05065	131960.00000	-800.60096	0.00000	-0.24935
-107689.09531	76469.98740	137.00000	131982.38322	-139.63451	0.00000	0.05071	131980.00000	-800.68799	0.00000	-0.24929
-107705.42845	76481.53020	137.00000	132002.38341	-139.61680	0.00000	0.05076	132000.00000	-800.77500	0.00000	-0.24924
-107721.76159	76493.07299	137.00000	132022.38359	-139.59907	0.00000	0.05082	132020.00000	-800.86199	0.00000	-0.24918
-107738.09475	76504.61576	137.00000	132042.38377	-139.58132	0.00000	0.05088	132040.00000	-800.94896	0.00000	-0.24912
-107754.42792	76516.15852	137.00000	132062.38395	-139.56355	0.00000	0.05094	132060.00000	-801.03591	0.00000	-0.24906
-107770.76110	76527.70125	137.00000	132082.38413	-139.54576	0.00000	0.05099	132080.00000	-801.12284	0.00000	-0.24901
-107787.09429	76539.24397	137.00000	132102.38431	-139.52795	0.00000	0.05105	132100.00000	-801.20975	0.00000	-0.24895
-107803.42749	76550.78668	137.00000	132122.38449	-139.51011	0.00000	0.05111	132120.00000	-801.29664	0.00000	-0.24889
-107819.76071	76562.32937	137.00000	132142.38467	-139.49226	0.00000	0.05116	132140.00000	-801.38351	0.00000	-0.24884
-107836.09393	76573.87204	137.00000	132162.38485	-139.47439	0.00000	0.05122	132160.00000	-801.47036	0.00000	-0.24878
-107852.42717	76585.41470	137.00000	132182.38503	-139.45650	0.00000	0.05128	132180.00000	-801.55719	0.00000	-0.24872
-107868.76042	76596.95733	137.00000	132202.38521	-139.43859	0.00000	0.05134	132200.00000	-801.64400	0.00000	-0.24866
-107885.09368	76608.49996	137.00000	132222.38539	-139.42066	0.00000	0.05139	132220.00000	-801.73079	0.00000	-0.24861
-107901.42695	76620.04256	137.00000	132242.38557	-139.40271	0.00000	0.05145	132240.00000	-801.81756	0.00000	-0.24855
-107917.76023	76631.58515	137.00000	132262.38575	-139.38474	0.00000	0.05151	132260.00000	-801.90431	0.00000	-0.24849
-107934.09353	76643.12773	137.00000	132282.38593	-139.36675	0.00000	0.05157	132280.00000	-801.99104	0.00000	-0.24843
-107950.42683	76654.67029	137.00000	132302.38611	-139.34874	0.00000	0.05162	132300.00000	-802.07775	0.00000	-0.24838
-107966.76015	76666.21283	137.00000	132322.38629	-139.33071	0.00000	0.05168	132320.00000	-802.16444	0.00000	-0.24832
-107983.09348	76677.75535	137.00000	132342.38647	-139.31266	0.00000	0.05174	132340.00000	-802.25111	0.00000	-0.24826
-107999.42682	76689.29786	137.00000	132362.38665	-139.29459	0.00000	0.05179	132360.00000	-802.33776	0.00000	-0.24821
-108015.76017	76700.84035	137.00000	132382.38683	-139.27650	0.00000	0.05185	132380.00000	-802.42439	0.00000	-0.24815
-108032.09354	76712.38283	137.00000	132402.38701	-139.25839	0.00000	0.05191	132400.00000	-802.51100	0.00000	-0.24809
-108048.42691	76723.92529	137.00000	132422.38719	-139.24026	0.00000	0.05197	132420.00000	-802.59759	0.00000	-0.24803
-108064.76030	76735.46773	137.00000	132442.38737	-139.22211	0.00000	0.05202	132440.00000	-802.68416	0.00000	-0.24798
-108081.09369	76747.01015	137.00000	132462.38755	-139.20394	0.00000	0.05208	132460.00000	-802.77071	0.00000	-0.24792
-108097.42710	76758.55256	137.00000	132482.38773	-139.18575	0.00000	0.05214	132480.00000	-802.85724	0.00000	-0.24786
-108113.76052	76770.09496	137.00000	132502.38791	-139.16754	0.00000	0.05220	132500.00000	-802.94375	0.00000	-0.24780
-108130.09396	76781.63734	137.00000	132522.38809	-139.14931	0.00000	0.05225	132520.00000	-803.03024	0.00000	-0.24775
-108146.42740	76793.17970	137.00000	132542.38826	-139.13105	0.00000	0.05231	132540.00000	-803.11671	0.00000	-0.24769
-108162.76086	76804.72204	137.00000	132562.38844	-139.11278	0.00000	0.05237	132560.00000	-803.20316	0.00000	-0.24763
-108179.09432	76816.26437	137.00000	132582.38862	-139.09449	0.00000	0.05242	132580.00000	-803.28959	0.00000	-0.24758
-108195.42780	76827.80668	137.00000	132602.38880	-139.07618	0.00000	0.05248	132600.00000	-803.37600	0.00000	-0.24752
-108211.76129	76839.34898	137.00000	132622.38898	-139.05785	0.00000	0.05254	132620.00000	-803.46239	0.00000	-0.24746
-108228.09479	76850.89125	137.00000	132642.38916	-139.03950	0.00000	0.05260	132640.00000	-803.54876	0.00000	-0.24740
-108244.42830	76862.43352	137.00000	132662.38933	-139.02113	0.00000	0.05265	132660.00000	-803.63511	0.00000	-0.24735
-108260.76183	76873.97576	137.00000	132682.38951	-139.00274	0.00000	0.05271	132680.00000	-803.72144	0.00000	-0.24729
-108277.09536	76885.51799	137.00000	132702.38969	-138.98433	0.00000	0.05277	132700.00000	-803.80775	0.00000	-0.24723
-108293.42891	76897.06021	137.00000	132722.38987	-138.96590	0.00000	0.05283	132720.00000	-803.89404	0.00000	-0.24717
-108309.76247	76908.60240	137.00000	132742.39004	-138.94745	0.00000	0.05288	132740.00000	-803.98031	0.00000	-0.24712
-108326.09604	76920.14458	137.00000	132762.39022	-138.92898	0.00000	0.05294	132760.00000	-804.06656	0.00000	-0.24706
-108342.42962	76931.68675	137.00000	132782.39040	-138.91049	0.00000	0.05300	132780.00000	-804.15279	0.00000	-0.24700
-108358.76321	76943.22890	137.00000	132802.39058	-138.89198	0.00000	0.05306	132800.00000	-804.23900	0.00000	-0.24694
-108375.09682	76954.77103	137.00000	132822.39075	-138.87345	0.00000	0.05311	132820.00000	-804.32519	0.00000	-0.24689
-108391.43043	76966.31314	137.00000	132842.39093	-138.85490	0.00000	0.05317	132840.00000	-804.41136	0.00000	-0.24683
-108407.76406	76977.85524	137.00000	132862.39111	-138.83633	0.00000	0.05323	132860.00000	-804.49751	0.00000	-0.24677
-108424.09770	76989.39732	137.00000	132882.39128	-138.81774	0.00000	0.05328	132880.00000	-804.58364	0.00000	-0.24672
-108440.43135	77000.93939	137.00000	132902.39146	-138.79913	0.00000	0.05334	132900.00000	-804.66975	0.00000	-0.24666
-108456.76501	77012.48144	137.00000	132922.39164	-138.78050	0.00000	0.05340	132920.00000	-804.75584	0.00000	-0.24660
-108473.09868	77024.02347	137.00000	132942.39181	-138.76185	0.00000	0.05346	132940.00000	-804.84191	0.00000	-0.24654
-108489.43237	77035.56549	137.00000	132962.39199	-138.74318	0.00000	0.05351	132960.00000	-804.92796	0.00000	-0.24649
-108505.76607	77047.10749	137.00000	132982.39217	-138.72448	0.00000	0.05357	132980.00000	-805.01399	0.00000	-0.24643
-108522.09977	77058.64947	137.00000	133002.39234	-138.70577	0.00000	0.05363	133000.00000	-805.10000	0.00000	-0.24637
-108538.43349	77070.19144	137.00000	133022.39252	-138.68704	0.00000	0.05369	133020.00000	-805.18599	0.00000	-0.24631
-108554.76722	77081.73339	137.00000	133042.39270	-138.66829	0.00000	0.05374	133040.00000	-805.27196	0.00000	-0.24626
-108571.10096	77093.27533	137.00000	133062.39287	-138.64952	0.00000	0.05380	133060.00000	-805.35791	0.00000	-0.24620
-108587.43472	77104.81725	137.00000	133082.39305	-138.63073	0.00000	0.05386	133080.00000	-805.44384	0.00000	-0.24614
-108603.76848	77116.35915	137.00000	133102.39322	-138.61192	0.00000	0.05391	133100.00000	-805.52975	0.00000	-0.24609
-108620.10226	77127.90103	137.00000	133122.39340	-138.59309	0.00000	0.05397	133120.00000	-805.61564	0.00000	-0.24603
-108636.43605	77139.44290	137.00000	133142.39357	-138.57424	0.00000	0.05403	133140.00000	-805.70151	0.00000	-0.24597
-108652.76985	77150.98476	137.00000	133162.39375	-138.55537	0.00000	0.05409	133160.00000	-805.78736	0.00000	-0.24591
-108669.10366	77162.52659	137.00000	133182.39392	-138.53648	0.00000	0.05414	133180.00000	-805.87319	0.00000	-0.24586
-108685.43748	77174.06841	137.00000	133202.39410	-138.51757	0.00000	0.05420	133200.00000	-805.95900	0.00000	-0.24580
-108701.77131	77185.61022	137.00000	133222.39427	-138.49864	0.00000	0.05426	133220.00000	-806.04479	0.00000	-0.24574
-108718.10516	77197.15200	137.00000	133242.39445	-138.47969	0.00000	0.05432	133240.00000	-806.13056	0.00000	-0.24568
-108734.43902	77208.69377	137.00000	133262.39462	-138.46072	0.00000	0.05437	133260.00000	-806.21631	0.00000	-0.24563
-108750.77288	77220.23553	137.00000	133282.39480	-138.44173	0.00000	0.05443	133280.00000	-806.30204	0.00000	-0.24557
-108767.10676	77231.77727	137.00000	133302.39497	-138.42272	0.00000	0.05449	133300.00000	-806.38775	0.00000	-0.24551
-108783.44065	77243.31899	137.00000	133322.39515	-138.40369	0.00000	0.05454	133320.00000	-806.47344	0.00000	-0.24546
-108799.77456	77254.86069	137.00000	133342.39532	-138.38464	0.00000	0.05460	133340.00000	-806.55911	0.00000	-0.24540
-108816.10847	77266.40238	137.00000	133362.39550	-138.36557	0.00000	0.05466	133360.00000	-806.64476	0.00000	-0.24534
-108832.44240	77277.94406	137.00000	133382.39567	-138.34648	0.00000	0.05472	133380.00000	-806.73039	0.00000	-0.24528
-108848.77633	77289.48571	137.00000	133402.39585	-138.32737	0.00000	0.05477	133400.00000	-806.81600	0.00000	-0.24523
-108865.11028	77301.02735	137.00000	133422.39602	-138.30823	0.00000	0.05483	133420.00000	-806.90159	0.00000	-0.24517
-108881.44424	77312.56898	137.00000	133442.39619	-138.28908	0.00000	0.05489	133440.00000	-806.98716	0.00000	-0.24511
-108897.77821	77324.11058	137.00000	133462.39637	-138.26991	0.00000	0.05495	133460.00000	-807.07271	0.00000	-0.24505
-108914.11220	77335.65217	137.00000	133482.39654	-138.25072	0.00000	0.05500	133480.00000	-807.15824	0.00000	-0.24500
-108930.44619	77347.19375	137.00000	133502.39671	-138.23151	0.00000	0.05506	133500.00000	-807.24375	0.00000	-0.24494
-108946.78020	77358.73531	137.00000	133522.39689	-138.21228	0.00000	0.05512	133520.00000	-807.32924	0.00000	-0.24488
-108963.11421	77370.27685	137.00000	133542.39706	-138.19303	0.00000	0.05518	133540.00000	-807.41471	0.00000	-0.24482
-108979.44824	77381.81837	137.00000	133562.39723	-138.17376	0.00000	0.05523	133560.00000	-807.50016	0.00000	-0.24477
-108995.78228	77393.35988	137.00000	133582.39741	-138.15447	0.00000	0.05529	133580.00000	-807.58559	0.00000	-0.24471
-109012.11633	77404.90137	137.00000	133602.39758	-138.13516	0.00000	0.05535	133600.00000	-807.67100	0.00000	-0.24465
-109028.45040	77416.44285	137.00000	133622.39775	-138.11583	0.00000	0.05540	133620.00000	-807.75639	0.00000	-0.24460
-109044.78447	77427.98431	137.00000	133642.39793	-138.09648	0.00000	0.05546	133640.00000	-807.84176	0.00000	-0.24454
-109061.11856	77439.52575	137.00000	133662.39810	-138.07711	0.00000	0.05552	133660.00000	-807.92711	0.00000	-0.24448
-109077.45266	77451.06718	137.00000	133682.39827	-138.05772	0.00000	0.05558	133680.00000	-808.01244	0.00000	-0.24442
-109093.78677	77462.60859	137.00000	133702.39844	-138.03831	0.00000	0.05563	133700.00000	-808.09775	0.00000	-0.24437
-109110.12089	77474.14999	137.00000	133722.39862	-138.01888	0.00000	0.05569	133720.00000	-808.18304	0.00000	-0.24431
-109126.45502	77485.69136	137.00000	133742.39879	-137.99943	0.00000	0.05575	133740.00000	-808.26831	0.00000	-0.24425
-109142.78916	77497.23273	137.00000	133762.39896	-137.97996	0.00000	0.05581	133760.00000	-808.35356	0.00000	-0.24419
-109159.12332	77508.77407	137.00000	133782.39913	-137.96047	0.00000	0.05586	133780.00000	-808.43879	0.00000	-0.24414
-109175.45748	77520.31540	137.00000	133802.39931	-137.94096	0.00000	0.05592	133800.00000	-808.52400	0.00000	-0.24408
-109191.79166	77531.85671	137.00000	133822.39948	-137.92143	0.00000	0.05598	133820.00000	-808.60919	0.00000	-0.24402
-109208.12585	77543.39801	137.00000	133842.39965	-137.90188	0.00000	0.05603	133840.00000	-808.69436	0.00000	-0.24397
-109224.46005	77554.93929	137.00000	133862.39982	-137.88230	0.00000	0.05609	133860.00000	-808.77951	0.00000	-0.24391
-109240.79426	77566.48055	137.00000	133882.39999	-137.86271	0.00000	0.05615	133880.00000	-808.86464	0.00000	-0.24385
-109257.12849	77578.02180	137.00000	133902.40016	-137.84310	0.00000	0.05621	133900.00000	-808.94975	0.00000	-0.24379
-109273.46272	77589.56303	137.00000	133922.40033	-137.82347	0.00000	0.05626	133920.00000	-809.03484	0.00000	-0.24374
-109289.79697	77601.10424	137.00000	133942.40051	-137.80382	0.00000	0.05632	133940.00000	-809.11991	0.00000	-0.24368
-109306.13123	77612.64544	137.00000	133962.40068	-137.78415	0.00000	0.05638	133960.00000	-809.20496	0.00000	-0.24362
-109322.46550	77624.18662	137.00000	133982.40085	-137.76446	0.00000	0.05644	133980.00000	-809.28999	0.00000	-0.24356
-109338.79978	77635.72778	137.00000	134002.40102	-137.74475	0.00000	0.05649	134000.00000	-809.37500	0.00000	-0.24351
-109355.13407	77647.26893	137.00000	134022.40119	-137.72502	0.00000	0.05655	134020.00000	-809.45999	0.00000	-0.24345
-109371.46837	77658.81007	137.00000	134042.40136	-137.70527	0.00000	0.05661	134040.00000	-809.54496	0.00000	-0.24339
-109387.80269	77670.35118	137.00000	134062.40153	-137.68550	0.00000	0.05666	134060.00000	-809.62991	0.00000	-0.24334
-109404.13702	77681.89228	137.00000	134082.40170	-137.66571	0.00000	0.05672	134080.00000	-809.71484	0.00000	-0.24328
-109420.47136	77693.43336	137.00000	134102.40187	-137.64590	0.00000	0.05678	134100.00000	-809.79975	0.00000	-0.24322
-109436.80571	77704.97443	137.00000	134122.40204	-137.62607	0.00000	0.05684	134120.00000	-809.88464	0.00000	-0.24316
-109453.14007	77716.51548	137.00000	134142.40221	-137.60622	0.00000	0.05689	134140.00000	-809.96951	0.00000	-0.24311
-109469.47444	77728.05651	137.00000	134162.40238	-137.58635	0.00000	0.05695	134160.00000	-810.05436	0.00000	-0.24305
-109485.80882	77739.59753	137.00000	134182.40255	-137.56646	0.00000	0.05701	134180.00000	-810.13919	0.00000	-0.24299
-109502.14322	77751.13853	137.00000	134202.40272	-137.54655	0.00000	0.05707	134200.00000	-810.22400	0.00000	-0.24293
-109518.47763	77762.67952	137.00000	134222.40289	-137.52662	0.00000	0.05712	134220.00000	-810.30879	0.00000	-0.24288
-109534.81205	77774.22048	137.00000	134242.40306	-137.50667	0.00000	0.05718	134240.00000	-810.39356	0.00000	-0.24282
-109551.14648	77785.76144	137.00000	134262.40323	-137.48670	0.00000	0.05724	134260.00000	-810.47831	0.00000	-0.24276
-109567.48092	77797.30237	137.00000	134282.40340	-137.46671	0.00000	0.05730	134280.00000	-810.56304	0.00000	-0.24270
-109583.81537	77808.84329	137.00000	134302.40357	-137.44670	0.00000	0.05735	134300.00000	-810.64775	0.00000	-0.24265
-109600.14984	77820.38419	137.00000	134322.40374	-137.42666	0.00000	0.05741	134320.00000	-810.73244	0.00000	-0.24259
-109616.48431	77831.92508	137.00000	134342.40391	-137.40661	0.00000	0.05747	134340.00000	-810.81711	0.00000	-0.24253
-109632.81880	77843.46595	137.00000	134362.40408	-137.38654	0.00000	0.05752	134360.00000	-810.90176	0.00000	-0.24248
-109649.15330	77855.00680	137.00000	134382.40425	-137.36645	0.00000	0.05758	134380.00000	-810.98639	0.00000	-0.24242
-109665.48781	77866.54764	137.00000	134402.40442	-137.34634	0.00000	0.05764	134400.00000	-811.07100	0.00000	-0.24236
-109681.82233	77878.08846	137.00000	134422.40459	-137.32621	0.00000	0.05770	134420.00000	-811.15559	0.00000	-0.24230
-109698.15687	77889.62927	137.00000	134442.40475	-137.30606	0.00000	0.05775	134440.00000	-811.24016	0.00000	-0.24225
-109714.49141	77901.17005	137.00000	134462.40492	-137.28589	0.00000	0.05781	134460.00000	-811.32471	0.00000	-0.24219
-109730.82597	77912.71083	137.00000	134482.40509	-137.26570	0.00000	0.05787	134480.00000	-811.40924	0.00000	-0.24213
-109747.16053	77924.25158	137.00000	134502.40526	-137.24549	0.00000	0.05793	134500.00000	-811.49375	0.00000	-0.24207
-109763.49511	77935.79232	137.00000	134522.40543	-137.22526	0.00000	0.05798	134520.00000	-811.57824	0.00000	-0.24202
-109779.82971	77947.33304	137.00000	134542.40560	-137.20501	0.00000	0.05804	134540.00000	-811.66271	0.00000	-0.24196
-109796.16431	77958.87375	137.00000	134562.40576	-137.18474	0.00000	0.05810	134560.00000	-811.74716	0.00000	-0.24190
-109812.49892	77970.41444	137.00000	134582.40593	-137.16445	0.00000	0.05815	134580.00000	-811.83159	0.00000	-0.24185
-109828.83355	77981.95511	137.00000	134602.40610	-137.14414	0.00000	0.05821	134600.00000	-811.91600	0.00000	-0.24179
-109845.16818	77993.49577	137.00000	134622.40627	-137.12381	0.00000	0.05827	134620.00000	-812.00039	0.00000	-0.24173
-109861.50283	78005.03641	137.00000	134642.40643	-137.10346	0.00000	0.05833	134640.00000	-812.08476	0.00000	-0.24167
-109877.83749	78016.57703	137.00000	134662.40660	-137.08309	0.00000	0.05838	134660.00000	-812.16911	0.00000	-0.24162
-109894.17216	78028.11764	137.00000	134682.40677	-137.06270	0.00000	0.05844	134680.00000	-812.25344	0.00000	-0.24156
-109910.50685	78039.65823	137.00000	134702.40694	-137.04229	0.00000	0.05850	134700.00000	-812.33775	0.00000	-0.24150
-109926.84154	78051.19881	137.00000	134722.40710	-137.02186	0.00000	0.05856	134720.00000	-812.42204	0.00000	-0.24144
-109943.17624	78062.73937	137.00000	134742.40727	-137.00141	0.00000	0.05861	134740.00000	-812.50631	0.00000	-0.24139
-109959.51096	78074.27991	137.00000	134762.40744	-136.98094	0.00000	0.05867	134760.00000	-812.59056	0.00000	-0.24133
-109975.84569	78085.82043	137.00000	134782.40760	-136.96044	0.00000	0.05873	134780.00000	-812.67479	0.00000	-0.24127
-109992.18043	78097.36094	137.00000	134802.40777	-136.93993	0.00000	0.05878	134800.00000	-812.75900	0.00000	-0.24122
-110008.51518	78108.90144	137.00000	134822.40794	-136.91940	0.00000	0.05884	134820.00000	-812.84319	0.00000	-0.24116
-110024.84995	78120.44191	137.00000	134842.40810	-136.89885	0.00000	0.05890	134840.00000	-812.92736	0.00000	-0.24110
-110041.18472	78131.98237	137.00000	134862.40827	-136.87828	0.00000	0.05896	134860.00000	-813.01151	0.00000	-0.24104
-110057.51951	78143.52282	137.00000	134882.40844	-136.85769	0.00000	0.05901	134880.00000	-813.09564	0.00000	-0.24099
-110073.85430	78155.06325	137.00000	134902.40860	-136.83708	0.00000	0.05907	134900.00000	-813.17975	0.00000	-0.24093
-110090.18911	78166.60366	137.00000	134922.40877	-136.81645	0.00000	0.05913	134920.00000	-813.26384	0.00000	-0.24087
-110106.52393	78178.14405	137.00000	134942.40894	-136.79580	0.00000	0.05919	134940.00000	-813.34791	0.00000	-0.24081
-110122.85876	78189.68443	137.00000	134962.40910	-136.77513	0.00000	0.05924	134960.00000	-813.43196	0.00000	-0.24076
-110139.19361	78201.22479	137.00000	134982.40927	-136.75444	0.00000	0.05930	134980.00000	-813.51599	0.00000	-0.24070
-110155.52846	78212.76514	137.00000	135002.40943	-136.73373	0.00000	0.05936	135000.00000	-813.60000	0.00000	-0.24064
-110171.86333	78224.30547	137.00000	135022.40960	-136.71300	0.00000	0.05942	135020.00000	-813.68399	0.00000	-0.24058
-110188.19821	78235.84578	137.00000	135042.40976	-136.69225	0.00000	0.05947	135040.00000	-813.76796	0.00000	-0.24053
-110204.53309	78247.38608	137.00000	135062.40993	-136.67148	0.00000	0.05953	135060.00000	-813.85191	0.00000	-0.24047
-110220.86800	78258.92636	137.00000	135082.41010	-136.65069	0.00000	0.05959	135080.00000	-813.93584	0.00000	-0.24041
-110237.20291	78270.46662	137.00000	135102.41026	-136.62988	0.00000	0.05964	135100.00000	-814.01975	0.00000	-0.24036
-110253.53783	78282.00687	137.00000	135122.41043	-136.60905	0.00000	0.05970	135120.00000	-814.10364	0.00000	-0.24030
-110269.87277	78293.54710	137.00000	135142.41059	-136.58820	0.00000	0.05976	135140.00000	-814.18751	0.00000	-0.24024
-110286.20771	78305.08731	137.00000	135162.41076	-136.56733	0.00000	0.05982	135160.00000	-814.27136	0.00000	-0.24018
-110302.54267	78316.62751	137.00000	135182.41092	-136.54644	0.00000	0.05987	135180.00000	-814.35519	0.00000	-0.24013
-110318.87764	78328.16769	137.00000	135202.41108	-136.52553	0.00000	0.05993	135200.00000	-814.43900	0.00000	-0.24007
-110335.21262	78339.70786	137.00000	135222.41125	-136.50460	0.00000	0.05999	135220.00000	-814.52279	0.00000	-0.24001
-110351.54761	78351.24801	137.00000	135242.41141	-136.48365	0.00000	0.06005	135240.00000	-814.60656	0.00000	-0.23995
-110367.88262	78362.78814	137.00000	135262.41158	-136.46267	0.00000	0.06010	135260.00000	-814.69031	0.00000	-0.23990
-110384.21763	78374.32826	137.00000	135282.41174	-136.44168	0.00000	0.06016	135280.00000	-814.77404	0.00000	-0.23984
-110400.55266	78385.86836	137.00000	135302.41191	-136.42067	0.00000	0.06022	135300.00000	-814.85775	0.00000	-0.23978
-110416.88770	78397.40844	137.00000	135322.41207	-136.39964	0.00000	0.06027	135320.00000	-814.94144	0.00000	-0.23973
-110433.22275	78408.94851	137.00000	135342.41223	-136.37859	0.00000	0.06033	135340.00000	-815.02511	0.00000	-0.23967
-110449.55781	78420.48856	137.00000	135362.41240	-136.35752	0.00000	0.06039	135360.00000	-815.10876	0.00000	-0.23961
-110465.89288	78432.02859	137.00000	135382.41256	-136.33643	0.00000	0.06045	135380.00000	-815.19239	0.00000	-0.23955
-110482.22797	78443.56861	137.00000	135402.41273	-136.31532	0.00000	0.06050	135400.00000	-815.27600	0.00000	-0.23950
-110498.56306	78455.10861	137.00000	135422.41289	-136.29419	0.00000	0.06056	135420.00000	-815.35959	0.00000	-0.23944
-110514.89817	78466.64860	137.00000	135442.41305	-136.27304	0.00000	0.06062	135440.00000	-815.44316	0.00000	-0.23938
-110531.23329	78478.18857	137.00000	135462.41322	-136.25187	0.00000	0.06068	135460.00000	-815.52671	0.00000	-0.23932
-110547.56842	78489.72852	137.00000	135482.41338	-136.23068	0.00000	0.06073	135480.00000	-815.61024	0.00000	-0.23927
-110563.90356	78501.26846	137.00000	135502.41354	-136.20947	0.00000	0.06079	135500.00000	-815.69375	0.00000	-0.23921
-110580.23871	78512.80838	137.00000	135522.41371	-136.18824	0.00000	0.06085	135520.00000	-815.77724	0.00000	-0.23915
-110596.57388	78524.34828	137.00000	135542.41387	-136.16699	0.00000	0.06090	135540.00000	-815.86071	0.00000	-0.23910
-110612.90905	78535.88817	137.00000	135562.41403	-136.14572	0.00000	0.06096	135560.00000	-815.94416	0.00000	-0.23904
-110629.24424	78547.42804	137.00000	135582.41419	-136.12443	0.00000	0.06102	135580.00000	-816.02759	0.00000	-0.23898
-110645.57944	78558.96789	137.00000	135602.41436	-136.10312	0.00000	0.06108	135600.00000	-816.11100	0.00000	-0.23892
-110661.91465	78570.50773	137.00000	135622.41452	-136.08179	0.00000	0.06113	135620.00000	-816.19439	0.00000	-0.23887
-110678.24987	78582.04755	137.00000	135642.41468	-136.06044	0.00000	0.06119	135640.00000	-816.27776	0.00000	-0.23881
-110694.58510	78593.58736	137.00000	135662.41484	-136.03907	0.00000	0.06125	135660.00000	-816.36111	0.00000	-0.23875
-110710.92035	78605.12714	137.00000	135682.41501	-136.01768	0.00000	0.06131	135680.00000	-816.44444	0.00000	-0.23869
-110727.25560	78616.66692	137.00000	135702.41517	-135.99627	0.00000	0.06136	135700.00000	-816.52775	0.00000	-0.23864
-110743.59087	78628.20667	137.00000	135722.41533	-135.97483	0.00000	0.06142	135720.00000	-816.61104	0.00000	-0.23858
-110759.92615	78639.74641	137.00000	135742.41549	-135.95338	0.00000	0.06148	135740.00000	-816.69431	0.00000	-0.23852
-110776.26144	78651.28613	137.00000	135762.41565	-135.93191	0.00000	0.06153	135760.00000	-816.77756	0.00000	-0.23847
-110792.59674	78662.82584	137.00000	135782.41581	-135.91042	0.00000	0.06159	135780.00000	-816.86079	0.00000	-0.23841
-110808.93206	78674.36553	137.00000	135802.41598	-135.88891	0.00000	0.06165	135800.00000	-816.94400	0.00000	-0.23835
-110825.26738	78685.90521	137.00000	135822.41614	-135.86738	0.00000	0.06171	135820.00000	-817.02719	0.00000	-0.23829
-110841.60272	78697.44486	137.00000	135842.41630	-135.84583	0.00000	0.06176	135840.00000	-817.11036	0.00000	-0.23824
-110857.93807	78708.98450	137.00000	135862.41646	-135.82426	0.00000	0.06182	135860.00000	-817.19351	0.00000	-0.23818
-110874.27343	78720.52413	137.00000	135882.41662	-135.80267	0.00000	0.06188	135880.00000	-817.27664	0.00000	-0.23812
-110890.60880	78732.06374	137.00000	135902.41678	-135.78106	0.00000	0.06194	135900.00000	-817.35975	0.00000	-0.23806
-110906.94418	78743.60333	137.00000	135922.41694	-135.75943	0.00000	0.06199	135920.00000	-817.44284	0.00000	-0.23801
-110923.27957	78755.14291	137.00000	135942.41710	-135.73778	0.00000	0.06205	135940.00000	-817.52591	0.00000	-0.23795
-110939.61498	78766.68247	137.00000	135962.41726	-135.71611	0.00000	0.06211	135960.00000	-817.60896	0.00000	-0.23789
-110955.95040	78778.22201	137.00000	135982.41743	-135.69442	0.00000	0.06217	135980.00000	-817.69199	0.00000	-0.23783
-110972.28582	78789.76153	137.00000	136002.41759	-135.67271	0.00000	0.06222	136000.00000	-817.77500	0.00000	-0.23778
-110988.62126	78801.30104	137.00000	136022.41775	-135.65098	0.00000	0.06228	136020.00000	-817.85799	0.00000	-0.23772
-111004.95672	78812.84054	137.00000	136042.41791	-135.62923	0.00000	0.06234	136040.00000	-817.94096	0.00000	-0.23766
-111021.29218	78824.38002	137.00000	136062.41807	-135.60746	0.00000	0.06239	136060.00000	-818.02391	0.00000	-0.23761
-111037.62765	78835.91948	137.00000	136082.41823	-135.58567	0.00000	0.06245	136080.00000	-818.10684	0.00000	-0.23755
-111053.96314	78847.45892	137.00000	136102.41839	-135.56386	0.00000	0.06251	136100.00000	-818.18975	0.00000	-0.23749
-111070.29864	78858.99835	137.00000	136122.41855	-135.54203	0.00000	0.06257	136120.00000	-818.27264	0.00000	-0.23743
-111086.63414	78870.53776	137.00000	136142.41871	-135.52018	0.00000	0.06262	136140.00000	-818.35551	0.00000	-0.23738
-111102.96966	78882.07716	137.00000	136162.41887	-135.49831	0.00000	0.06268	136160.00000	-818.43836	0.00000	-0.23732
-111119.30520	78893.61654	137.00000	136182.41903	-135.47642	0.00000	0.06274	136180.00000	-818.52119	0.00000	-0.23726
-111135.64074	78905.15590	137.00000	136202.41919	-135.45450	0.00000	0.06280	136200.00000	-818.60400	0.00000	-0.23720
-111151.97629	78916.69525	137.00000	136222.41934	-135.43257	0.00000	0.06285	136220.00000	-818.68679	0.00000	-0.23715
-111168.31186	78928.23458	137.00000	136242.41950	-135.41062	0.00000	0.06291	136240.00000	-818.76956	0.00000	-0.23709
-111184.64744	78939.77389	137.00000	136262.41966	-135.38865	0.00000	0.06297	136260.00000	-818.85231	0.00000	-0.23703
-111200.98303	78951.31319	137.00000	136282.41982	-135.36666	0.00000	0.06302	136280.00000	-818.93504	0.00000	-0.23698
-111217.31863	78962.85247	137.00000	136302.41998	-135.34465	0.00000	0.06308	136300.00000	-819.01775	0.00000	-0.23692
-111233.65424	78974.39173	137.00000	136322.42014	-135.32262	0.00000	0.06314	136320.00000	-819.10044	0.00000	-0.23686
-111249.98986	78985.93098	137.00000	136342.42030	-135.30057	0.00000	0.06320	136340.00000	-819.18311	0.00000	-0.23680
-111266.32550	78997.47021	137.00000	136362.42046	-135.27850	0.00000	0.06325	136360.00000	-819.26576	0.00000	-0.23675
-111282.66114	79009.00943	137.00000	136382.42062	-135.25641	0.00000	0.06331	136380.00000	-819.34839	0.00000	-0.23669
-111298.99680	79020.54862	137.00000	136402.42077	-135.23430	0.00000	0.06337	136400.00000	-819.43100	0.00000	-0.23663
-111315.33247	79032.08781	137.00000	136422.42093	-135.21217	0.00000	0.06343	136420.00000	-819.51359	0.00000	-0.23657
-111331.66815	79043.62697	137.00000	136442.42109	-135.19002	0.00000	0.06348	136440.00000	-819.59616	0.00000	-0.23652
-111348.00384	79055.16612	137.00000	136462.42125	-135.16785	0.00000	0.06354	136460.00000	-819.67871	0.00000	-0.23646
-111364.33955	79066.70526	137.00000	136482.42141	-135.14566	0.00000	0.06360	136480.00000	-819.76124	0.00000	-0.23640
-111380.67526	79078.24437	137.00000	136502.42156	-135.12345	0.00000	0.06365	136500.00000	-819.84375	0.00000	-0.23635
-111397.01099	79089.78347	137.00000	136522.42172	-135.10122	0.00000	0.06371	136520.00000	-819.92624	0.00000	-0.23629
-111413.34672	79101.32256	137.00000	136542.42188	-135.07897	0.00000	0.06377	136540.00000	-820.00871	0.00000	-0.23623
-111429.68247	79112.86163	137.00000	136562.42204	-135.05670	0.00000	0.06383	136560.00000	-820.09116	0.00000	-0.23617
-111446.01824	79124.40068	137.00000	136582.42219	-135.03441	0.00000	0.06388	136580.00000	-820.17359	0.00000	-0.23612
-111462.35401	79135.93971	137.00000	136602.42235	-135.01210	0.00000	0.06394	136600.00000	-820.25600	0.00000	-0.23606
-111478.68979	79147.47873	137.00000	136622.42251	-134.98977	0.00000	0.06400	136620.00000	-820.33839	0.00000	-0.23600
-111495.02559	79159.01773	137.00000	136642.42267	-134.96742	0.00000	0.06406	136640.00000	-820.42076	0.00000	-0.23594
-111511.36139	79170.55672	137.00000	136662.42282	-134.94505	0.00000	0.06411	136660.00000	-820.50311	0.00000	-0.23589
-111527.69721	79182.09569	137.00000	136682.42298	-134.92266	0.00000	0.06417	136680.00000	-820.58544	0.00000	-0.23583
-111544.03304	79193.63464	137.00000	136702.42314	-134.90024	0.00000	0.06423	136700.00000	-820.66775	0.00000	-0.23577
-111560.36888	79205.17358	137.00000	136722.42329	-134.87781	0.00000	0.06429	136720.00000	-820.75004	0.00000	-0.23571
-111576.70474	79216.71250	137.00000	136742.42345	-134.85536	0.00000	0.06434	136740.00000	-820.83231	0.00000	-0.23566
-111593.04060	79228.25140	137.00000	136762.42361	-134.83289	0.00000	0.06440	136760.00000	-820.91456	0.00000	-0.23560
-111609.37648	79239.79029	137.00000	136782.42376	-134.81040	0.00000	0.06446	136780.00000	-820.99679	0.00000	-0.23554
-111625.71236	79251.32916	137.00000	136802.42392	-134.78789	0.00000	0.06451	136800.00000	-821.07900	0.00000	-0.23549
-111642.04826	79262.86802	137.00000	136822.42408	-134.76536	0.00000	0.06457	136820.00000	-821.16119	0.00000	-0.23543
-111658.38417	79274.40686	137.00000	136842.42423	-134.74281	0.00000	0.06463	136840.00000	-821.24336	0.00000	-0.23537
-111674.72009	79285.94568	137.00000	136862.42439	-134.72024	0.00000	0.06469	136860.00000	-821.32551	0.00000	-0.23531
-111691.05603	79297.48448	137.00000	136882.42454	-134.69765	0.00000	0.06474	136880.00000	-821.40764	0.00000	-0.23526
-111707.39197	79309.02327	137.00000	136902.42470	-134.67504	0.00000	0.06480	136900.00000	-821.48975	0.00000	-0.23520
-111723.72793	79320.56205	137.00000	136922.42485	-134.65241	0.00000	0.06486	136920.00000	-821.57184	0.00000	-0.23514
-111740.06389	79332.10080	137.00000	136942.42501	-134.62976	0.00000	0.06492	136940.00000	-821.65391	0.00000	-0.23508
-111756.39987	79343.63954	137.00000	136962.42517	-134.60709	0.00000	0.06497	136960.00000	-821.73596	0.00000	-0.23503
-111772.73586	79355.17827	137.00000	136982.42532	-134.58440	0.00000	0.06503	136980.00000	-821.81799	0.00000	-0.23497
-111789.07187	79366.71697	137.00000	137002.42548	-134.56169	0.00000	0.06509	137000.00000	-821.90000	0.00000	-0.23491
-111805.40788	79378.25566	137.00000	137022.42563	-134.53896	0.00000	0.06514	137020.00000	-821.98199	0.00000	-0.23486
-111821.74390	79389.79434	137.00000	137042.42579	-134.51621	0.00000	0.06520	137040.00000	-822.06396	0.00000	-0.23480
-111838.07994	79401.33300	137.00000	137062.42594	-134.49344	0.00000	0.06526	137060.00000	-822.14591	0.00000	-0.23474
-111854.41599	79412.87164	137.00000	137082.42610	-134.47065	0.00000	0.06532	137080.00000	-822.22784	0.00000	-0.23468
-111870.75205	79424.41026	137.00000	137102.42625	-134.44784	0.00000	0.06537	137100.00000	-822.30975	0.00000	-0.23463
-111887.08812	79435.94887	137.00000	137122.42641	-134.42501	0.00000	0.06543	137120.00000	-822.39164	0.00000	-0.23457
-111903.42420	79447.48747	137.00000	137142.42656	-134.40216	0.00000	0.06549	137140.00000	-822.47351	0.00000	-0.23451
-111919.76029	79459.02604	137.00000	137162.42671	-134.37929	0.00000	0.06555	137160.00000	-822.55536	0.00000	-0.23445
-111936.09640	79470.56460	137.00000	137182.42687	-134.35640	0.00000	0.06560	137180.00000	-822.63719	0.00000	-0.23440
-111952.43252	79482.10315	137.00000	137202.42702	-134.33348	0.00000	0.06566	137200.00000	-822.71900	0.00000	-0.23434
-111968.76864	79493.64167	137.00000	137222.42718	-134.31055	0.00000	0.06572	137220.00000	-822.80079	0.00000	-0.23428
-111985.10478	79505.18018	137.00000	137242.42733	-134.28760	0.00000	0.06577	137240.00000	-822.88256	0.00000	-0.23423
-112001.44093	79516.71868	137.00000	137262.42749	-134.26463	0.00000	0.06583	137260.00000	-822.96431	0.00000	-0.23417
-112017.77710	79528.25716	137.00000	137282.42764	-134.24164	0.00000	0.06589	137280.00000	-823.04604	0.00000	-0.23411
-112034.11327	79539.79562	137.00000	137302.42779	-134.21863	0.00000	0.06595	137300.00000	-823.12775	0.00000	-0.23405
-112050.44946	79551.33406	137.00000	137322.42795	-134.19560	0.00000	0.06600	137320.00000	-823.20944	0.00000	-0.23400
-112066.78565	79562.87249	137.00000	137342.42810	-134.17255	0.00000	0.06606	137340.00000	-823.29111	0.00000	-0.23394
-112083.12186	79574.41090	137.00000	137362.42825	-134.14948	0.00000	0.06612	137360.00000	-823.37276	0.00000	-0.23388
-112099.45808	79585.94930	137.00000	137382.42841	-134.12639	0.00000	0.06618	137380.00000	-823.45439	0.00000	-0.23382
-112115.79431	79597.48768	137.00000	137402.42856	-134.10328	0.00000	0.06623	137400.00000	-823.53600	0.00000	-0.23377
-112132.13056	79609.02604	137.00000	137422.42871	-134.08015	0.00000	0.06629	137420.00000	-823.61759	0.00000	-0.23371
-112148.46681	79620.56439	137.00000	137442.42887	-134.05700	0.00000	0.06635	137440.00000	-823.69916	0.00000	-0.23365
-112164.80308	79632.10272	137.00000	137462.42902	-134.03383	0.00000	0.06641	137460.00000	-823.78071	0.00000	-0.23359
-112181.13935	79643.64104	137.00000	137482.42917	-134.01064	0.00000	0.06646	137480.00000	-823.86224	0.00000	-0.23354
-112197.47564	79655.17933	137.00000	137502.42932	-133.98743	0.00000	0.06652	137500.00000	-823.94375	0.00000	-0.23348
-112213.81194	79666.71761	137.00000	137522.42948	-133.96420	0.00000	0.06658	137520.00000	-824.02524	0.00000	-0.23342
-112230.14825	79678.25588	137.00000	137542.42963	-133.94095	0.00000	0.06663	137540.00000	-824.10671	0.00000	-0.23337
-112246.48458	79689.79413	137.00000	137562.42978	-133.91768	0.00000	0.06669	137560.00000	-824.18816	0.00000	-0.23331
-112262.82091	79701.33236	137.00000	137582.42993	-133.89439	0.00000	0.06675	137580.00000	-824.26959	0.00000	-0.23325
-112279.15726	79712.87058	137.00000	137602.43009	-133.87108	0.00000	0.06681	137600.00000	-824.35100	0.00000	-0.23319
-112295.49361	79724.40878	137.00000	137622.43024	-133.84775	0.00000	0.06686	137620.00000	-824.43239	0.00000	-0.23314
-112311.82998	79735.94696	137.00000	137642.43039	-133.82440	0.00000	0.06692	137640.00000	-824.51376	0.00000	-0.23308
-112328.16636	79747.48513	137.00000	137662.43054	-133.80103	0.00000	0.06698	137660.00000	-824.59511	0.00000	-0.23302
-112344.50276	79759.02328	137.00000	137682.43069	-133.77764	0.00000	0.06704	137680.00000	-824.67644	0.00000	-0.23296
-112360.83916	79770.56141	137.00000	137702.43084	-133.75422	0.00000	0.06709	137700.00000	-824.75775	0.00000	-0.23291
-112377.17557	79782.09953	137.00000	137722.43100	-133.73079	0.00000	0.06715	137720.00000	-824.83904	0.00000	-0.23285
-112393.51200	79793.63763	137.00000	137742.43115	-133.70734	0.00000	0.06721	137740.00000	-824.92031	0.00000	-0.23279
-112409.84844	79805.17571	137.00000	137762.43130	-133.68387	0.00000	0.06726	137760.00000	-825.00156	0.00000	-0.23274
-112426.18489	79816.71378	137.00000	137782.43145	-133.66038	0.00000	0.06732	137780.00000	-825.08279	0.00000	-0.23268
-112442.52135	79828.25183	137.00000	137802.43160	-133.63687	0.00000	0.06738	137800.00000	-825.16400	0.00000	-0.23262
-112458.85782	79839.78987	137.00000	137822.43175	-133.61334	0.00000	0.06744	137820.00000	-825.24519	0.00000	-0.23256
-112475.19430	79851.32789	137.00000	137842.43190	-133.58979	0.00000	0.06749	137840.00000	-825.32636	0.00000	-0.23251
-112491.53080	79862.86589	137.00000	137862.43205	-133.56622	0.00000	0.06755	137860.00000	-825.40751	0.00000	-0.23245
-112507.86731	79874.40388	137.00000	137882.43220	-133.54263	0.00000	0.06761	137880.00000	-825.48864	0.00000	-0.23239
-112524.20382	79885.94185	137.00000	137902.43235	-133.51902	0.00000	0.06767	137900.00000	-825.56975	0.00000	-0.23233
-112540.54035	79897.47980	137.00000	137922.43250	-133.49539	0.00000	0.06772	137920.00000	-825.65084	0.00000	-0.23228
-112556.87689	79909.01774	137.00000	137942.43266	-133.47174	0.00000	0.06778	137940.00000	-825.73191	0.00000	-0.23222
-112573.21345	79920.55566	137.00000	137962.43281	-133.44807	0.00000	0.06784	137960.00000	-825.81296	0.00000	-0.23216
-112589.55001	79932.09357	137.00000	137982.43296	-133.42438	0.00000	0.06789	137980.00000	-825.89399	0.00000	-0.23211
-112605.88659	79943.63145	137.00000	138002.43311	-133.40067	0.00000	0.06795	138000.00000	-825.97500	0.00000	-0.23205
-112622.22317	79955.16933	137.00000	138022.43326	-133.37694	0.00000	0.06801	138020.00000	-826.05599	0.00000	-0.23199
-112638.55977	79966.70718	137.00000	138042.43341	-133.35319	0.00000	0.06807	138040.00000	-826.13696	0.00000	-0.23193
-112654.89638	79978.24502	137.00000	138062.43355	-133.32942	0.00000	0.06812	138060.00000	-826.21791	0.00000	-0.23188
-112671.23300	79989.78284	137.00000	138082.43370	-133.30563	0.00000	0.06818	138080.00000	-826.29884	0.00000	-0.23182
-112687.56964	80001.32065	137.00000	138102.43385	-133.28182	0.00000	0.06824	138100.00000	-826.37975	0.00000	-0.23176
-112703.90628	80012.85844	137.00000	138122.43400	-133.25799	0.00000	0.06830	138120.00000	-826.46064	0.00000	-0.23170
-112720.24294	80024.39621	137.00000	138142.43415	-133.23414	0.00000	0.06835	138140.00000	-826.54151	0.00000	-0.23165
-112736.57960	80035.93397	137.00000	138162.43430	-133.21027	0.00000	0.06841	138160.00000	-826.62236	0.00000	-0.23159
-112752.91628	80047.47171	137.00000	138182.43445	-133.18638	0.00000	0.06847	138180.00000	-826.70319	0.00000	-0.23153
-112769.25297	80059.00944	137.00000	138202.43460	-133.16247	0.00000	0.06853	138200.00000	-826.78400	0.00000	-0.23147
-112785.58967	80070.54714	137.00000	138222.43475	-133.13853	0.00000	0.06858	138220.00000	-826.86479	0.00000	-0.23142
-112801.92639	80082.08483	137.00000	138242.43490	-133.11458	0.00000	0.06864	138240.00000	-826.94556	0.00000	-0.23136
-112818.26311	80093.62251	137.00000	138262.43505	-133.09061	0.00000	0.06870	138260.00000	-827.02631	0.00000	-0.23130
-112834.59985	80105.16017	137.00000	138282.43519	-133.06662	0.00000	0.06875	138280.00000	-827.10704	0.00000	-0.23125
-112850.93659	80116.69781	137.00000	138302.43534	-133.04261	0.00000	0.06881	138300.00000	-827.18775	0.00000	-0.23119
-112867.27335	80128.23544	137.00000	138322.43549	-133.01858	0.00000	0.06887	138320.00000	-827.26844	0.00000	-0.23113
-112883.61012	80139.77305	137.00000	138342.43564	-132.99453	0.00000	0.06893	138340.00000	-827.34911	0.00000	-0.23107
-112899.94691	80151.31064	137.00000	138362.43579	-132.97046	0.00000	0.06898	138360.00000	-827.42976	0.00000	-0.23102
-112916.28370	80162.84822	137.00000	138382.43594	-132.94637	0.00000	0.06904	138380.00000	-827.51039	0.00000	-0.23096
-112932.62050	80174.38578	137.00000	138402.43608	-132.92226	0.00000	0.06910	138400.00000	-827.59100	0.00000	-0.23090
-112948.95732	80185.92332	137.00000	138422.43623	-132.89813	0.00000	0.06916	138420.00000	-827.67159	0.00000	-0.23084
-112965.29415	80197.46085	137.00000	138442.43638	-132.87398	0.00000	0.06921	138440.00000	-827.75216	0.00000	-0.23079
-112981.63099	80208.99836	137.00000	138462.43653	-132.84981	0.00000	0.06927	138460.00000	-827.83271	0.00000	-0.23073
-112997.96784	80220.53586	137.00000	138482.43667	-132.82562	0.00000	0.06933	138480.00000	-827.91324	0.00000	-0.23067
-113014.30470	80232.07334	137.00000	138502.43682	-132.80141	0.00000	0.06938	138500.00000	-827.99375	0.00000	-0.23062
-113030.64157	80243.61080	137.00000	138522.43697	-132.77718	0.00000	0.06944	138520.00000	-828.07424	0.00000	-0.23056
-113046.97846	80255.14824	137.00000	138542.43712	-132.75293	0.00000	0.06950	138540.00000	-828.15471	0.00000	-0.23050
-113063.31536	80266.68567	137.00000	138562.43726	-132.72866	0.00000	0.06956	138560.00000	-828.23516	0.00000	-0.23044
-113079.65226	80278.22309	137.00000	138582.43741	-132.70437	0.00000	0.06961	138580.00000	-828.31559	0.00000	-0.23039
-113095.98918	80289.76048	137.00000	138602.43756	-132.68006	0.00000	0.06967	138600.00000	-828.39600	0.00000	-0.23033
-113112.32612	80301.29786	137.00000	138622.43770	-132.65573	0.00000	0.06973	138620.00000	-828.47639	0.00000	-0.23027
-113128.66306	80312.83523	137.00000	138642.43785	-132.63138	0.00000	0.06979	138640.00000	-828.55676	0.00000	-0.23021
-113145.00001	80324.37257	137.00000	138662.43800	-132.60701	0.00000	0.06984	138660.00000	-828.63711	0.00000	-0.23016
-113161.33698	80335.90991	137.00000	138682.43814	-132.58262	0.00000	0.06990	138680.00000	-828.71744	0.00000	-0.23010
-113177.67395	80347.44722	137.00000	138702.43829	-132.55821	0.00000	0.06996	138700.00000	-828.79775	0.00000	-0.23004
-113194.01094	80358.98452	137.00000	138722.43844	-132.53378	0.00000	0.07001	138720.00000	-828.87804	0.00000	-0.22999
-113210.34794	80370.52180	137.00000	138742.43858	-132.50932	0.00000	0.07007	138740.00000	-828.95831	0.00000	-0.22993
-113226.68495	80382.05907	137.00000	138762.43873	-132.48485	0.00000	0.07013	138760.00000	-829.03856	0.00000	-0.22987
-113243.02198	80393.59632	137.00000	138782.43887	-132.46036	0.00000	0.07019	138780.00000	-829.11879	0.00000	-0.22981
-113259.35901	80405.13355	137.00000	138802.43902	-132.43585	0.00000	0.07024	138800.00000	-829.19900	0.00000	-0.22976
-113275.69606	80416.67077	137.00000	138822.43917	-132.41132	0.00000	0.07030	138820.00000	-829.27919	0.00000	-0.22970
-113292.03311	80428.20797	137.00000	138842.43931	-132.38677	0.00000	0.07036	138840.00000	-829.35936	0.00000	-0.22964
-113308.37018	80439.74515	137.00000	138862.43946	-132.36220	0.00000	0.07042	138860.00000	-829.43951	0.00000	-0.22958
-113324.70726	80451.28232	137.00000	138882.43960	-132.33761	0.00000	0.07047	138880.00000	-829.51964	0.00000	-0.22953
-113341.04435	80462.81947	137.00000	138902.43975	-132.31300	0.00000	0.07053	138900.00000	-829.59975	0.00000	-0.22947
-113357.38146	80474.35660	137.00000	138922.43989	-132.28837	0.00000	0.07059	138920.00000	-829.67984	0.00000	-0.22941
-113373.71857	80485.89372	137.00000	138942.44004	-132.26372	0.00000	0.07064	138940.00000	-829.75991	0.00000	-0.22936
-113390.05570	80497.43082	137.00000	138962.44018	-132.23905	0.00000	0.07070	138960.00000	-829.83996	0.00000	-0.22930
-113406.39284	80508.96791	137.00000	138982.44033	-132.21436	0.00000	0.07076	138980.00000	-829.91999	0.00000	-0.22924
-113422.72999	80520.50498	137.00000	139002.44047	-132.18965	0.00000	0.07082	139000.00000	-830.00000	0.00000	-0.22918
-113439.06715	80532.04203	137.00000	139022.44062	-132.16492	0.00000	0.07087	139020.00000	-830.07999	0.00000	-0.22913
-113455.40432	80543.57907	137.00000	139042.44076	-132.14017	0.00000	0.07093	139040.00000	-830.15996	0.00000	-0.22907
-113471.74150	80555.11609	137.00000	139062.44091	-132.11540	0.00000	0.07099	139060.00000	-830.23991	0.00000	-0.22901
-113488.07870	80566.65309	137.00000	139082.44105	-132.09061	0.00000	0.07105	139080.00000	-830.31984	0.00000	-0.22895
-113504.41590	80578.19008	137.00000	139102.44119	-132.06580	0.00000	0.07110	139100.00000	-830.39975	0.00000	-0.22890
-113520.75312	80589.72705	137.00000	139122.44134	-132.04097	0.00000	0.07116	139120.00000	-830.47964	0.00000	-0.22884
-113537.09035	80601.26400	137.00000	139142.44148	-132.01612	0.00000	0.07122	139140.00000	-830.55951	0.00000	-0.22878
-113553.42759	80612.80094	137.00000	139162.44163	-131.99125	0.00000	0.07128	139160.00000	-830.63936	0.00000	-0.22872
-113569.76484	80624.33786	137.00000	139182.44177	-131.96636	0.00000	0.07133	139180.00000	-830.71919	0.00000	-0.22867
-113586.10211	80635.87477	137.00000	139202.44191	-131.94145	0.00000	0.07139	139200.00000	-830.79900	0.00000	-0.22861
-113602.43938	80647.41166	137.00000	139222.44206	-131.91652	0.00000	0.07145	139220.00000	-830.87879	0.00000	-0.22855
-113618.77667	80658.94853	137.00000	139242.44220	-131.89157	0.00000	0.07150	139240.00000	-830.95856	0.00000	-0.22850
-113635.11397	80670.48538	137.00000	139262.44234	-131.86660	0.00000	0.07156	139260.00000	-831.03831	0.00000	-0.22844
-113651.45128	80682.02222	137.00000	139282.44249	-131.84160	0.00000	0.07162	139280.00000	-831.11804	0.00000	-0.22838
-113667.78860	80693.55905	137.00000	139302.44263	-131.81659	0.00000	0.07168	139300.00000	-831.19775	0.00000	-0.22832
-113684.12593	80705.09585	137.00000	139322.44277	-131.79156	0.00000	0.07173	139320.00000	-831.27744	0.00000	-0.22827
-113700.46327	80716.63265	137.00000	139342.44292	-131.76651	0.00000	0.07179	139340.00000	-831.35711	0.00000	-0.22821
-113716.80063	80728.16942	137.00000	139362.44306	-131.74144	0.00000	0.07185	139360.00000	-831.43676	0.00000	-0.22815
-113733.13800	80739.70618	137.00000	139382.44320	-131.71635	0.00000	0.07191	139380.00000	-831.51639	0.00000	-0.22809
-113749.47537	80751.24292	137.00000	139402.44335	-131.69124	0.00000	0.07196	139400.00000	-831.59600	0.00000	-0.22804
-113765.81276	80762.77964	137.00000	139422.44349	-131.66611	0.00000	0.07202	139420.00000	-831.67559	0.00000	-0.22798
-113782.15017	80774.31635	137.00000	139442.44363	-131.64096	0.00000	0.07208	139440.00000	-831.75516	0.00000	-0.22792
-113798.48758	80785.85304	137.00000	139462.44377	-131.61579	0.00000	0.07213	139460.00000	-831.83471	0.00000	-0.22787
-113814.82500	80797.38972	137.00000	139482.44392	-131.59060	0.00000	0.07219	139480.00000	-831.91424	0.00000	-0.22781
-113831.16244	80808.92638	137.00000	139502.44406	-131.56539	0.00000	0.07225	139500.00000	-831.99375	0.00000	-0.22775
-113847.49989	80820.46302	137.00000	139522.44420	-131.54016	0.00000	0.07231	139520.00000	-832.07324	0.00000	-0.22769
-113863.83735	80831.99965	137.00000	139542.44434	-131.51491	0.00000	0.07236	139540.00000	-832.15271	0.00000	-0.22764
-113880.17482	80843.53626	137.00000	139562.44448	-131.48964	0.00000	0.07242	139560.00000	-832.23216	0.00000	-0.22758
-113896.51230	80855.07285	137.00000	139582.44463	-131.46435	0.00000	0.07248	139580.00000	-832.31159	0.00000	-0.22752
-113912.84979	80866.60943	137.00000	139602.44477	-131.43904	0.00000	0.07254	139600.00000	-832.39100	0.00000	-0.22746
-113929.18730	80878.14599	137.00000	139622.44491	-131.41371	0.00000	0.07259	139620.00000	-832.47039	0.00000	-0.22741
-113945.52481	80889.68254	137.00000	139642.44505	-131.38836	0.00000	0.07265	139640.00000	-832.54976	0.00000	-0.22735
-113961.86234	80901.21907	137.00000	139662.44519	-131.36299	0.00000	0.07271	139660.00000	-832.62911	0.00000	-0.22729
-113978.19988	80912.75558	137.00000	139682.44533	-131.33760	0.00000	0.07276	139680.00000	-832.70844	0.00000	-0.22724
-113994.53743	80924.29207	137.00000	139702.44547	-131.31219	0.00000	0.07282	139700.00000	-832.78775	0.00000	-0.22718
-114010.87499	80935.82855	137.00000	139722.44561	-131.28676	0.00000	0.07288	139720.00000	-832.86704	0.00000	-0.22712
-114027.21256	80947.36502	137.00000	139742.44576	-131.26131	0.00000	0.07294	139740.00000	-832.94631	0.00000	-0.22706
-114043.55015	80958.90146	137.00000	139762.44590	-131.23584	0.00000	0.07299	139760.00000	-833.02556	0.00000	-0.22701
-114059.88775	80970.43789	137.00000	139782.44604	-131.21035	0.00000	0.07305	139780.00000	-833.10479	0.00000	-0.22695
-114076.22535	80981.97431	137.00000	139802.44618	-131.18484	0.00000	0.07311	139800.00000	-833.18400	0.00000	-0.22689
-114092.56297	80993.51070	137.00000	139822.44632	-131.15930	0.00000	0.07317	139820.00000	-833.26319	0.00000	-0.22683
-114108.90060	81005.04708	137.00000	139842.44646	-131.13375	0.00000	0.07322	139840.00000	-833.34236	0.00000	-0.22678
-114125.23825	81016.58345	137.00000	139862.44660	-131.10818	0.00000	0.07328	139860.00000	-833.42151	0.00000	-0.22672
-114141.57590	81028.11980	137.00000	139882.44674	-131.08259	0.00000	0.07334	139880.00000	-833.50064	0.00000	-0.22666
-114157.91356	81039.65613	137.00000	139902.44688	-131.05698	0.00000	0.07340	139900.00000	-833.57975	0.00000	-0.22660
-114174.25124	81051.19244	137.00000	139922.44702	-131.03135	0.00000	0.07345	139920.00000	-833.65884	0.00000	-0.22655
-114190.58893	81062.72874	137.00000	139942.44716	-131.00570	0.00000	0.07351	139940.00000	-833.73791	0.00000	-0.22649
-114206.92663	81074.26503	137.00000	139962.44730	-130.98003	0.00000	0.07357	139960.00000	-833.81696	0.00000	-0.22643
-114223.26434	81085.80129	137.00000	139982.44744	-130.95434	0.00000	0.07362	139980.00000	-833.89599	0.00000	-0.22638
-114239.60206	81097.33754	137.00000	140002.44758	-130.92863	0.00000	0.07368	140000.00000	-833.97500	0.00000	-0.22632
-114255.93980	81108.87378	137.00000	140022.44772	-130.90290	0.00000	0.07374	140020.00000	-834.05399	0.00000	-0.22626
-114272.27754	81120.40999	137.00000	140042.44786	-130.87715	0.00000	0.07380	140040.00000	-834.13296	0.00000	-0.22620
-114288.61530	81131.94619	137.00000	140062.44800	-130.85138	0.00000	0.07385	140060.00000	-834.21191	0.00000	-0.22615
-114304.95307	81143.48238	137.00000	140082.44813	-130.82559	0.00000	0.07391	140080.00000	-834.29084	0.00000	-0.22609
-114321.29085	81155.01855	137.00000	140102.44827	-130.79978	0.00000	0.07397	140100.00000	-834.36975	0.00000	-0.22603
-114337.62864	81166.55470	137.00000	140122.44841	-130.77395	0.00000	0.07403	140120.00000	-834.44864	0.00000	-0.22597
-114353.96644	81178.09083	137.00000	140142.44855	-130.74810	0.00000	0.07408	140140.00000	-834.52751	0.00000	-0.22592
-114370.30426	81189.62695	137.00000	140162.44869	-130.72223	0.00000	0.07414	140160.00000	-834.60636	0.00000	-0.22586
-114386.64208	81201.16306	137.00000	140182.44883	-130.69634	0.00000	0.07420	140180.00000	-834.68519	0.00000	-0.22580
-114402.97992	81212.69914	137.00000	140202.44897	-130.67043	0.00000	0.07425	140200.00000	-834.76400	0.00000	-0.22575
-114419.31777	81224.23521	137.00000	140222.44911	-130.64450	0.00000	0.07431	140220.00000	-834.84279	0.00000	-0.22569
-114435.65563	81235.77126	137.00000	140242.44924	-130.61855	0.00000	0.07437	140240.00000	-834.92156	0.00000	-0.22563
-114451.99350	81247.30730	137.00000	140262.44938	-130.59258	0.00000	0.07443	140260.00000	-835.00031	0.00000	-0.22557
-114468.33138	81258.84332	137.00000	140282.44952	-130.56659	0.00000	0.07448	140280.00000	-835.07904	0.00000	-0.22552
-114484.66928	81270.37933	137.00000	140302.44966	-130.54058	0.00000	0.07454	140300.00000	-835.15775	0.00000	-0.22546
-114501.00719	81281.91531	137.00000	140322.44980	-130.51455	0.00000	0.07460	140320.00000	-835.23644	0.00000	-0.22540
-114517.34510	81293.45129	137.00000	140342.44993	-130.48850	0.00000	0.07466	140340.00000	-835.31511	0.00000	-0.22534
-114533.68303	81304.98724	137.00000	140362.45007	-130.46243	0.00000	0.07471	140360.00000	-835.39376	0.00000	-0.22529
-114550.02097	81316.52318	137.00000	140382.45021	-130.43633	0.00000	0.07477	140380.00000	-835.47239	0.00000	-0.22523
-114566.35892	81328.05910	137.00000	140402.45035	-130.41022	0.00000	0.07483	140400.00000	-835.55100	0.00000	-0.22517
-114582.69689	81339.59501	137.00000	140422.45048	-130.38409	0.00000	0.07488	140420.00000	-835.62959	0.00000	-0.22512
-114599.03486	81351.13090	137.00000	140442.45062	-130.35794	0.00000	0.07494	140440.00000	-835.70816	0.00000	-0.22506
-114615.37285	81362.66677	137.00000	140462.45076	-130.33177	0.00000	0.07500	140460.00000	-835.78671	0.00000	-0.22500
-114631.71085	81374.20263	137.00000	140482.45090	-130.30558	0.00000	0.07506	140480.00000	-835.86524	0.00000	-0.22494
-114648.04886	81385.73847	137.00000	140502.45103	-130.27937	0.00000	0.07511	140500.00000	-835.94375	0.00000	-0.22489
-114664.38688	81397.27429	137.00000	140522.45117	-130.25314	0.00000	0.07517	140520.00000	-836.02224	0.00000	-0.22483
-114680.72491	81408.81010	137.00000	140542.45131	-130.22689	0.00000	0.07523	140540.00000	-836.10071	0.00000	-0.22477
-114697.06295	81420.34589	137.00000	140562.45144	-130.20062	0.00000	0.07529	140560.00000	-836.17916	0.00000	-0.22471
-114713.40101	81431.88166	137.00000	140582.45158	-130.17433	0.00000	0.07534	140580.00000	-836.25759	0.00000	-0.22466
-114729.73908	81443.41742	137.00000	140602.45172	-130.14802	0.00000	0.07540	140600.00000	-836.33600	0.00000	-0.22460
-114746.07715	81454.95316	137.00000	140622.45185	-130.12169	0.00000	0.07546	140620.00000	-836.41439	0.00000	-0.22454
-114762.41524	81466.48889	137.00000	140642.45199	-130.09534	0.00000	0.07552	140640.00000	-836.49276	0.00000	-0.22448
-114778.75334	81478.02460	137.00000	140662.45212	-130.06897	0.00000	0.07557	140660.00000	-836.57111	0.00000	-0.22443
-114795.09146	81489.56029	137.00000	140682.45226	-130.04258	0.00000	0.07563	140680.00000	-836.64944	0.00000	-0.22437
-114811.42958	81501.09597	137.00000	140702.45240	-130.01617	0.00000	0.07569	140700.00000	-836.72775	0.00000	-0.22431
-114827.76772	81512.63163	137.00000	140722.45253	-129.98974	0.00000	0.07574	140720.00000	-836.80604	0.00000	-0.22426
-114844.10586	81524.16727	137.00000	140742.45267	-129.96329	0.00000	0.07580	140740.00000	-836.88431	0.00000	-0.22420
-114860.44402	81535.70290	137.00000	140762.45280	-129.93682	0.00000	0.07586	140760.00000	-836.96256	0.00000	-0.22414
-114876.78219	81547.23851	137.00000	140782.45294	-129.91033	0.00000	0.07592	140780.00000	-837.04079	0.00000	-0.22408
-114893.12037	81558.77411	137.00000	140802.45307	-129.88382	0.00000	0.07597	140800.00000	-837.11900	0.00000	-0.22403
-114909.45857	81570.30968	137.00000	140822.45321	-129.85729	0.00000	0.07603	140820.00000	-837.19719	0.00000	-0.22397
-114925.79677	81581.84525	137.00000	140842.45334	-129.83074	0.00000	0.07609	140840.00000	-837.27536	0.00000	-0.22391
-114942.13499	81593.38079	137.00000	140862.45348	-129.80417	0.00000	0.07615	140860.00000	-837.35351	0.00000	-0.22385
-114958.47321	81604.91632	137.00000	140882.45361	-129.77758	0.00000	0.07620	140880.00000	-837.43164	0.00000	-0.22380
-114974.81145	81616.45183	137.00000	140902.45375	-129.75097	0.00000	0.07626	140900.00000	-837.50975	0.00000	-0.22374
-114991.14970	81627.98733	137.00000	140922.45388	-129.72434	0.00000	0.07632	140920.00000	-837.58784	0.00000	-0.22368
-115007.48797	81639.52281	137.00000	140942.45402	-129.69769	0.00000	0.07637	140940.00000	-837.66591	0.00000	-0.22363
-115023.82624	81651.05827	137.00000	140962.45415	-129.67101	0.00000	0.07643	140960.00000	-837.74396	0.00000	-0.22357
-115040.16452	81662.59372	137.00000	140982.45429	-129.64432	0.00000	0.07649	140980.00000	-837.82199	0.00000	-0.22351
-115056.50282	81674.12915	137.00000	141002.45442	-129.61761	0.00000	0.07655	141000.00000	-837.90000	0.00000	-0.22345
-115072.84113	81685.66457	137.00000	141022.45456	-129.59088	0.00000	0.07660	141020.00000	-837.97799	0.00000	-0.22340
-115089.17945	81697.19996	137.00000	141042.45469	-129.56413	0.00000	0.07666	141040.00000	-838.05596	0.00000	-0.22334
-115105.51778	81708.73535	137.00000	141062.45482	-129.53736	0.00000	0.07672	141060.00000	-838.13391	0.00000	-0.22328
-115121.85612	81720.27071	137.00000	141082.45496	-129.51057	0.00000	0.07678	141080.00000	-838.21184	0.00000	-0.22322
-115138.19447	81731.80606	137.00000	141102.45509	-129.48376	0.00000	0.07683	141100.00000	-838.28975	0.00000	-0.22317
-115154.53284	81743.34139	137.00000	141122.45522	-129.45693	0.00000	0.07689	141120.00000	-838.36764	0.00000	-0.22311
-115170.87121	81754.87671	137.00000	141142.45536	-129.43008	0.00000	0.07695	141140.00000	-838.44551	0.00000	-0.22305
-115187.20960	81766.41201	137.00000	141162.45549	-129.40321	0.00000	0.07700	141160.00000	-838.52336	0.00000	-0.22300
-115203.54800	81777.94729	137.00000	141182.45562	-129.37632	0.00000	0.07706	141180.00000	-838.60119	0.00000	-0.22294
-115219.88641	81789.48256	137.00000	141202.45576	-129.34941	0.00000	0.07712	141200.00000	-838.67900	0.00000	-0.22288
-115236.22484	81801.01781	137.00000	141222.45589	-129.32248	0.00000	0.07718	141220.00000	-838.75679	0.00000	-0.22282
-115252.56327	81812.55304	137.00000	141242.45602	-129.29553	0.00000	0.07723	141240.00000	-838.83456	0.00000	-0.22277
-115268.90171	81824.08826	137.00000	141262.45616	-129.26856	0.00000	0.07729	141260.00000	-838.91231	0.00000	-0.22271
-115285.24017	81835.62346	137.00000	141282.45629	-129.24157	0.00000	0.07735	141280.00000	-838.99004	0.00000	-0.22265
-115301.57864	81847.15865	137.00000	141302.45642	-129.21456	0.00000	0.07741	141300.00000	-839.06775	0.00000	-0.22259
-115317.91712	81858.69382	137.00000	141322.45656	-129.18753	0.00000	0.07746	141320.00000	-839.14544	0.00000	-0.22254
-115334.25561	81870.22897	137.00000	141342.45669	-129.16048	0.00000	0.07752	141340.00000	-839.22311	0.00000	-0.22248
-115350.59411	81881.76410	137.00000	141362.45682	-129.13341	0.00000	0.07758	141360.00000	-839.30076	0.00000	-0.22242
-115366.93263	81893.29922	137.00000	141382.45695	-129.10632	0.00000	0.07764	141380.00000	-839.37839	0.00000	-0.22236
-115383.27115	81904.83433	137.00000	141402.45709	-129.07921	0.00000	0.07769	141400.00000	-839.45600	0.00000	-0.22231
-115399.60969	81916.36941	137.00000	141422.45722	-129.05208	0.00000	0.07775	141420.00000	-839.53359	0.00000	-0.22225
-115415.94824	81927.90448	137.00000	141442.45735	-129.02493	0.00000	0.07781	141440.00000	-839.61116	0.00000	-0.22219
-115432.28680	81939.43954	137.00000	141462.45748	-128.99776	0.00000	0.07786	141460.00000	-839.68871	0.00000	-0.22214
-115448.62537	81950.97457	137.00000	141482.45761	-128.97057	0.00000	0.07792	141480.00000	-839.76624	0.00000	-0.22208
-115464.96395	81962.50960	137.00000	141502.45774	-128.94336	0.00000	0.07798	141500.00000	-839.84375	0.00000	-0.22202
-115481.30255	81974.04460	137.00000	141522.45788	-128.91613	0.00000	0.07804	141520.00000	-839.92124	0.00000	-0.22196
-115497.64115	81985.57959	137.00000	141542.45801	-128.88887	0.00000	0.07809	141540.00000	-839.99871	0.00000	-0.22191
-115513.97977	81997.11456	137.00000	141562.45814	-128.86160	0.00000	0.07815	141560.00000	-840.07616	0.00000	-0.22185
-115530.31840	82008.64952	137.00000	141582.45827	-128.83431	0.00000	0.07821	141580.00000	-840.15359	0.00000	-0.22179
-115546.65704	82020.18446	137.00000	141602.45840	-128.80700	0.00000	0.07827	141600.00000	-840.23100	0.00000	-0.22173
-115562.99569	82031.71938	137.00000	141622.45853	-128.77967	0.00000	0.07832	141620.00000	-840.30839	0.00000	-0.22168
-115579.33435	82043.25429	137.00000	141642.45866	-128.75232	0.00000	0.07838	141640.00000	-840.38576	0.00000	-0.22162
-115595.67303	82054.78918	137.00000	141662.45879	-128.72495	0.00000	0.07844	141660.00000	-840.46311	0.00000	-0.22156
-115612.01172	82066.32405	137.00000	141682.45892	-128.69756	0.00000	0.07849	141680.00000	-840.54044	0.00000	-0.22151
-115628.35041	82077.85891	137.00000	141702.45906	-128.67015	0.00000	0.07855	141700.00000	-840.61775	0.00000	-0.22145
-115644.68912	82089.39375	137.00000	141722.45919	-128.64272	0.00000	0.07861	141720.00000	-840.69504	0.00000	-0.22139
-115661.02784	82100.92857	137.00000	141742.45932	-128.61527	0.00000	0.07867	141740.00000	-840.77231	0.00000	-0.22133
-115677.36658	82112.46338	137.00000	141762.45945	-128.58780	0.00000	0.07872	141760.00000	-840.84956	0.00000	-0.22128
-115693.70532	82123.99817	137.00000	141782.45958	-128.56031	0.00000	0.07878	141780.00000	-840.92679	0.00000	-0.22122
-115710.04407	82135.53295	137.00000	141802.45971	-128.53280	0.00000	0.07884	141800.00000	-841.00400	0.00000	-0.22116
-115726.38284	82147.06771	137.00000	141822.45984	-128.50527	0.00000	0.07890	141820.00000	-841.08119	0.00000	-0.22110
-115742.72162	82158.60245	137.00000	141842.45997	-128.47772	0.00000	0.07895	141840.00000	-841.15836	0.00000	-0.22105
-115759.06041	82170.13718	137.00000	141862.46010	-128.45015	0.00000	0.07901	141860.00000	-841.23551	0.00000	-0.22099
-115775.39921	82181.67189	137.00000	141882.46023	-128.42256	0.00000	0.07907	141880.00000	-841.31264	0.00000	-0.22093
-115791.73802	82193.20658	137.00000	141902.46036	-128.39495	0.00000	0.07912	141900.00000	-841.38975	0.00000	-0.22088
-115808.07685	82204.74126	137.00000	141922.46049	-128.36732	0.00000	0.07918	141920.00000	-841.46684	0.00000	-0.22082
-115824.41568	82216.27592	137.00000	141942.46062	-128.33967	0.00000	0.07924	141940.00000	-841.54391	0.00000	-0.22076
-115840.75453	82227.81056	137.00000	141962.46074	-128.31200	0.00000	0.07930	141960.00000	-841.62096	0.00000	-0.22070
-115857.09339	82239.34519	137.00000	141982.46087	-128.28431	0.00000	0.07935	141980.00000	-841.69799	0.00000	-0.22065
-115873.43226	82250.87980	137.00000	142002.46100	-128.25660	0.00000	0.07941	142000.00000	-841.77500	0.00000	-0.22059
-115889.77114	82262.41440	137.00000	142022.46113	-128.22887	0.00000	0.07947	142020.00000	-841.85199	0.00000	-0.22053
-115906.11003	82273.94898	137.00000	142042.46126	-128.20112	0.00000	0.07953	142040.00000	-841.92896	0.00000	-0.22047
-115922.44893	82285.48354	137.00000	142062.46139	-128.17335	0.00000	0.07958	142060.00000	-842.00591	0.00000	-0.22042
-115938.78785	82297.01808	137.00000	142082.46152	-128.14556	0.00000	0.07964	142080.00000	-842.08284	0.00000	-0.22036
-115955.12678	82308.55261	137.00000	142102.46165	-128.11775	0.00000	0.07970	142100.00000	-842.15975	0.00000	-0.22030
-115971.46572	82320.08713	137.00000	142122.46177	-128.08992	0.00000	0.07976	142120.00000	-842.23664	0.00000	-0.22024
-115987.80467	82331.62162	137.00000	142142.46190	-128.06206	0.00000	0.07981	142140.00000	-842.31351	0.00000	-0.22019
-116004.14363	82343.15610	137.00000	142162.46203	-128.03419	0.00000	0.07987	142160.00000	-842.39036	0.00000	-0.22013
-116020.48260	82354.69057	137.00000	142182.46216	-128.00630	0.00000	0.07993	142180.00000	-842.46719	0.00000	-0.22007
-116036.82158	82366.22502	137.00000	142202.46229	-127.97839	0.00000	0.07998	142200.00000	-842.54400	0.00000	-0.22002
-116053.16058	82377.75945	137.00000	142222.46242	-127.95046	0.00000	0.08004	142220.00000	-842.62079	0.00000	-0.21996
-116069.49959	82389.29386	137.00000	142242.46254	-127.92251	0.00000	0.08010	142240.00000	-842.69756	0.00000	-0.21990
-116085.83861	82400.82826	137.00000	142262.46267	-127.89454	0.00000	0.08016	142260.00000	-842.77431	0.00000	-0.21984
-116102.17764	82412.36264	137.00000	142282.46280	-127.86655	0.00000	0.08021	142280.00000	-842.85104	0.00000	-0.21979
-116118.51668	82423.89701	137.00000	142302.46293	-127.83854	0.00000	0.08027	142300.00000	-842.92775	0.00000	-0.21973
-116134.85573	82435.43136	137.00000	142322.46305	-127.81051	0.00000	0.08033	142320.00000	-843.00444	0.00000	-0.21967
-116151.19480	82446.96569	137.00000	142342.46318	-127.78246	0.00000	0.08039	142340.00000	-843.08111	0.00000	-0.21961
-116167.53387	82458.50001	137.00000	142362.46331	-127.75439	0.00000	0.08044	142360.00000	-843.15776	0.00000	-0.21956
-116183.87296	82470.03431	137.00000	142382.46343	-127.72630	0.00000	0.08050	142380.00000	-843.23439	0.00000	-0.21950
-116200.21206	82481.56859	137.00000	142402.46356	-127.69819	0.00000	0.08056	142400.00000	-843.31100	0.00000	-0.21944
-116216.55117	82493.10286	137.00000	142422.46369	-127.67006	0.00000	0.08061	142420.00000	-843.38759	0.00000	-0.21939
-116232.89029	82504.63711	137.00000	142442.46382	-127.64191	0.00000	0.08067	142440.00000	-843.46416	0.00000	-0.21933
-116249.22943	82516.17135	137.00000	142462.46394	-127.61374	0.00000	0.08073	142460.00000	-843.54071	0.00000	-0.21927
-116265.56857	82527.70557	137.00000	142482.46407	-127.58555	0.00000	0.08079	142480.00000	-843.61724	0.00000	-0.21921
-116281.90773	82539.23977	137.00000	142502.46420	-127.55734	0.00000	0.08084	142500.00000	-843.69375	0.00000	-0.21916
-116298.24690	82550.77395	137.00000	142522.46432	-127.52911	0.00000	0.08090	142520.00000	-843.77024	0.00000	-0.21910
-116314.58608	82562.30812	137.00000	142542.46445	-127.50086	0.00000	0.08096	142540.00000	-843.84671	0.00000	-0.21904
-116330.92527	82573.84228	137.00000	142562.46457	-127.47259	0.00000	0.08102	142560.00000	-843.92316	0.00000	-0.21898
-116347.26447	82585.37641	137.00000	142582.46470	-127.44430	0.00000	0.08107	142580.00000	-843.99959	0.00000	-0.21893
-116363.60368	82596.91053	137.00000	142602.46483	-127.41599	0.00000	0.08113	142600.00000	-844.07600	0.00000	-0.21887
-116379.94291	82608.44464	137.00000	142622.46495	-127.38766	0.00000	0.08119	142620.00000	-844.15239	0.00000	-0.21881
-116396.28215	82619.97872	137.00000	142642.46508	-127.35931	0.00000	0.08124	142640.00000	-844.22876	0.00000	-0.21876
-116412.62139	82631.51279	137.00000	142662.46520	-127.33094	0.00000	0.08130	142660.00000	-844.30511	0.00000	-0.21870
-116428.96065	82643.04685	137.00000	142682.46533	-127.30255	0.00000	0.08136	142680.00000	-844.38144	0.00000	-0.21864
-116445.29992	82654.58089	137.00000	142702.46545	-127.27414	0.00000	0.08142	142700.00000	-844.45775	0.00000	-0.21858
-116461.63921	82666.11491	137.00000	142722.46558	-127.24571	0.00000	0.08147	142720.00000	-844.53404	0.00000	-0.21853
-116477.97850	82677.64891	137.00000	142742.46570	-127.21725	0.00000	0.08153	142740.00000	-844.61031	0.00000	-0.21847
-116494.31781	82689.18290	137.00000	142762.46583	-127.18878	0.00000	0.08159	142760.00000	-844.68656	0.00000	-0.21841
-116510.65712	82700.71688	137.00000	142782.46595	-127.16029	0.00000	0.08165	142780.00000	-844.76279	0.00000	-0.21835
-116526.99645	82712.25083	137.00000	142802.46608	-127.13178	0.00000	0.08170	142800.00000	-844.83900	0.00000	-0.21830
-116543.33579	82723.78477	137.00000	142822.46620	-127.10325	0.00000	0.08176	142820.00000	-844.91519	0.00000	-0.21824
-116559.67514	82735.31870	137.00000	142842.46633	-127.07470	0.00000	0.08182	142840.00000	-844.99136	0.00000	-0.21818
-116576.01451	82746.85260	137.00000	142862.46645	-127.04613	0.00000	0.08187	142860.00000	-845.06751	0.00000	-0.21813
-116592.35388	82758.38649	137.00000	142882.46658	-127.01754	0.00000	0.08193	142880.00000	-845.14364	0.00000	-0.21807
-116608.69327	82769.92037	137.00000	142902.46670	-126.98893	0.00000	0.08199	142900.00000	-845.21975	0.00000	-0.21801
-116625.03267	82781.45423	137.00000	142922.46683	-126.96030	0.00000	0.08205	142920.00000	-845.29584	0.00000	-0.21795
-116641.37207	82792.98807	137.00000	142942.46695	-126.93165	0.00000	0.08210	142940.00000	-845.37191	0.00000	-0.21790
-116657.71149	82804.52189	137.00000	142962.46707	-126.90298	0.00000	0.08216	142960.00000	-845.44796	0.00000	-0.21784
-116674.05093	82816.05570	137.00000	142982.46720	-126.87429	0.00000	0.08222	142980.00000	-845.52399	0.00000	-0.21778
-116690.39037	82827.58949	137.00000	143002.46732	-126.84558	0.00000	0.08228	143000.00000	-845.60000	0.00000	-0.21772
-116706.72982	82839.12327	137.00000	143022.46745	-126.81685	0.00000	0.08233	143020.00000	-845.67599	0.00000	-0.21767
-116723.06929	82850.65703	137.00000	143042.46757	-126.78810	0.00000	0.08239	143040.00000	-845.75196	0.00000	-0.21761
-116739.40877	82862.19077	137.00000	143062.46769	-126.75933	0.00000	0.08245	143060.00000	-845.82791	0.00000	-0.21755
-116755.74826	82873.72450	137.00000	143082.46782	-126.73054	0.00000	0.08251	143080.00000	-845.90384	0.00000	-0.21749
-116772.08776	82885.25821	137.00000	143102.46794	-126.70173	0.00000	0.08256	143100.00000	-845.97975	0.00000	-0.21744
-116788.42727	82896.79191	137.00000	143122.46806	-126.67290	0.00000	0.08262	143120.00000	-846.05564	0.00000	-0.21738
-116804.76679	82908.32558	137.00000	143142.46819	-126.64405	0.00000	0.08268	143140.00000	-846.13151	0.00000	-0.21732
-116821.10633	82919.85924	137.00000	143162.46831	-126.61518	0.00000	0.08273	143160.00000	-846.20736	0.00000	-0.21727
-116837.44588	82931.39289	137.00000	143182.46843	-126.58629	0.00000	0.08279	143180.00000	-846.28319	0.00000	-0.21721
-116853.78543	82942.92652	137.00000	143202.46855	-126.55738	0.00000	0.08285	143200.00000	-846.35900	0.00000	-0.21715
-116870.12500	82954.46013	137.00000	143222.46868	-126.52845	0.00000	0.08291	143220.00000	-846.43479	0.00000	-0.21709
-116886.46458	82965.99373	137.00000	143242.46880	-126.49950	0.00000	0.08296	143240.00000	-846.51056	0.00000	-0.21704
-116902.80418	82977.52731	137.00000	143262.46892	-126.47053	0.00000	0.08302	143260.00000	-846.58631	0.00000	-0.21698
-116919.14378	82989.06087	137.00000	143282.46905	-126.44154	0.00000	0.08308	143280.00000	-846.66204	0.00000	-0.21692
-116935.48340	83000.59442	137.00000	143302.46917	-126.41253	0.00000	0.08314	143300.00000	-846.73775	0.00000	-0.21686
-116951.82302	83012.12795	137.00000	143322.46929	-126.38350	0.00000	0.08319	143320.00000	-846.81344	0.00000	-0.21681
-116968.16266	83023.66146	137.00000	143342.46941	-126.35445	0.00000	0.08325	143340.00000	-846.88911	0.00000	-0.21675
-116984.50231	83035.19496	137.00000	143362.46953	-126.32538	0.00000	0.08331	143360.00000	-846.96476	0.00000	-0.21669
-117000.84197	83046.72844	137.00000	143382.46966	-126.29628	0.00000	0.08336	143380.00000	-847.04039	0.00000	-0.21664
-117017.18165	83058.26190	137.00000	143402.46978	-126.26717	0.00000	0.08342	143400.00000	-847.11600	0.00000	-0.21658
-117033.52133	83069.79535	137.00000	143422.46990	-126.23804	0.00000	0.08348	143420.00000	-847.19159	0.00000	-0.21652
-117049.86103	83081.32878	137.00000	143442.47002	-126.20889	0.00000	0.08354	143440.00000	-847.26716	0.00000	-0.21646
-117066.20073	83092.86220	137.00000	143462.47014	-126.17972	0.00000	0.08359	143460.00000	-847.34271	0.00000	-0.21641
-117082.54045	83104.39560	137.00000	143482.47026	-126.15053	0.00000	0.08365	143480.00000	-847.41824	0.00000	-0.21635
-117098.88018	83115.92898	137.00000	143502.47038	-126.12132	0.00000	0.08371	143500.00000	-847.49375	0.00000	-0.21629
-117115.21992	83127.46235	137.00000	143522.47051	-126.09209	0.00000	0.08377	143520.00000	-847.56924	0.00000	-0.21623
-117131.55968	83138.99570	137.00000	143542.47063	-126.06284	0.00000	0.08382	143540.00000	-847.64471	0.00000	-0.21618
-117147.89944	83150.52903	137.00000	143562.47075	-126.03357	0.00000	0.08388	143560.00000	-847.72016	0.00000	-0.21612
-117164.23922	83162.06235	137.00000	143582.47087	-126.00428	0.00000	0.08394	143580.00000	-847.79559	0.00000	-0.21606
-117180.57900	83173.59565	137.00000	143602.47099	-125.97497	0.00000	0.08399	143600.00000	-847.87100	0.00000	-0.21601
-117196.91880	83185.12894	137.00000	143622.47111	-125.94564	0.00000	0.08405	143620.00000	-847.94639	0.00000	-0.21595
-117213.25861	83196.66220	137.00000	143642.47123	-125.91629	0.00000	0.08411	143640.00000	-848.02176	0.00000	-0.21589
-117229.59844	83208.19546	137.00000	143662.47135	-125.88692	0.00000	0.08417	143660.00000	-848.09711	0.00000	-0.21583
-117245.93827	83219.72869	137.00000	143682.47147	-125.85753	0.00000	0.08422	143680.00000	-848.17244	0.00000	-0.21578
-117262.27811	83231.26191	137.00000	143702.47159	-125.82812	0.00000	0.08428	143700.00000	-848.24775	0.00000	-0.21572
-117278.61797	83242.79511	137.00000	143722.47171	-125.79869	0.00000	0.08434	143720.00000	-848.32304	0.00000	-0.21566
-117294.95784	83254.32830	137.00000	143742.47183	-125.76924	0.00000	0.08440	143740.00000	-848.39831	0.00000	-0.21560
-117311.29772	83265.86147	137.00000	143762.47195	-125.73977	0.00000	0.08445	143760.00000	-848.47356	0.00000	-0.21555
-117327.63761	83277.39462	137.00000	143782.47207	-125.71028	0.00000	0.08451	143780.00000	-848.54879	0.00000	-0.21549
-117343.97751	83288.92776	137.00000	143802.47219	-125.68077	0.00000	0.08457	143800.00000	-848.62400	0.00000	-0.21543
-117360.31742	83300.46088	137.00000	143822.47231	-125.65124	0.00000	0.08463	143820.00000	-848.69919	0.00000	-0.21537
-117376.65735	83311.99398	137.00000	143842.47243	-125.62169	0.00000	0.08468	143840.00000	-848.77436	0.00000	-0.21532
-117392.99729	83323.52707	137.00000	143862.47255	-125.59212	0.00000	0.08474	143860.00000	-848.84951	0.00000	-0.21526
-117409.33723	83335.06014	137.00000	143882.47267	-125.56253	0.00000	0.08480	143880.00000	-848.92464	0.00000	-0.21520
-117425.67719	83346.59320	137.00000	143902.47279	-125.53292	0.00000	0.08485	143900.00000	-848.99975	0.00000	-0.21515
-117442.01716	83358.12624	137.00000	143922.47291	-125.50329	0.00000	0.08491	143920.00000	-849.07484	0.00000	-0.21509
-117458.35715	83369.65926	137.00000	143942.47302	-125.47364	0.00000	0.08497	143940.00000	-849.14991	0.00000	-0.21503
-117474.69714	83381.19227	137.00000	143962.47314	-125.44397	0.00000	0.08503	143960.00000	-849.22496	0.00000	-0.21497
-117491.03715	83392.72526	137.00000	143982.47326	-125.41428	0.00000	0.08508	143980.00000	-849.29999	0.00000	-0.21492
-117507.37716	83404.25823	137.00000	144002.47338	-125.38457	0.00000	0.08514	144000.00000	-849.37500	0.00000	-0.21486
-117523.71719	83415.79119	137.00000	144022.47350	-125.35483	0.00000	0.08520	144020.00000	-849.44999	0.00000	-0.21480
-117540.05723	83427.32413	137.00000	144042.47362	-125.32508	0.00000	0.08526	144040.00000	-849.52496	0.00000	-0.21474
-117556.39728	83438.85705	137.00000	144062.47374	-125.29531	0.00000	0.08531	144060.00000	-849.59991	0.00000	-0.21469
-117572.73735	83450.38996	137.00000	144082.47385	-125.26552	0.00000	0.08537	144080.00000	-849.67484	0.00000	-0.21463
-117589.07742	83461.92285	137.00000	144102.47397	-125.23571	0.00000	0.08543	144100.00000	-849.74975	0.00000	-0.21457
-117605.41751	83473.45573	137.00000	144122.47409	-125.20588	0.00000	0.08548	144120.00000	-849.82464	0.00000	-0.21452
-117621.75760	83484.98858	137.00000	144142.47421	-125.17603	0.00000	0.08554	144140.00000	-849.89951	0.00000	-0.21446
-117638.09771	83496.52143	137.00000	144162.47433	-125.14616	0.00000	0.08560	144160.00000	-849.97436	0.00000	-0.21440
-117654.43783	83508.05425	137.00000	144182.47444	-125.11627	0.00000	0.08566	144180.00000	-850.04919	0.00000	-0.21434
-117670.77796	83519.58706	137.00000	144202.47456	-125.08636	0.00000	0.08571	144200.00000	-850.12400	0.00000	-0.21429
-117687.11811	83531.11986	137.00000	144222.47468	-125.05643	0.00000	0.08577	144220.00000	-850.19879	0.00000	-0.21423
-117703.45826	83542.65263	137.00000	144242.47480	-125.02648	0.00000	0.08583	144240.00000	-850.27356	0.00000	-0.21417
-117719.79843	83554.18539	137.00000	144262.47491	-124.99651	0.00000	0.08589	144260.00000	-850.34831	0.00000	-0.21411
-117736.13860	83565.71814	137.00000	144282.47503	-124.96652	0.00000	0.08594	144280.00000	-850.42304	0.00000	-0.21406
-117752.47879	83577.25086	137.00000	144302.47515	-124.93651	0.00000	0.08600	144300.00000	-850.49775	0.00000	-0.21400
-117768.81899	83588.78357	137.00000	144322.47526	-124.90648	0.00000	0.08606	144320.00000	-850.57244	0.00000	-0.21394
-117785.15921	83600.31627	137.00000	144342.47538	-124.87643	0.00000	0.08611	144340.00000	-850.64711	0.00000	-0.21389
-117801.49943	83611.84895	137.00000	144362.47550	-124.84636	0.00000	0.08617	144360.00000	-850.72176	0.00000	-0.21383
-117817.83966	83623.38161	137.00000	144382.47561	-124.81627	0.00000	0.08623	144380.00000	-850.79639	0.00000	-0.21377
-117834.17991	83634.91426	137.00000	144402.47573	-124.78616	0.00000	0.08629	144400.00000	-850.87100	0.00000	-0.21371
-117850.52017	83646.44689	137.00000	144422.47585	-124.75603	0.00000	0.08634	144420.00000	-850.94559	0.00000	-0.21366
-117866.86044	83657.97950	137.00000	144442.47596	-124.72588	0.00000	0.08640	144440.00000	-851.02016	0.00000	-0.21360
-117883.20072	83669.51209	137.00000	144462.47608	-124.69571	0.00000	0.08646	144460.00000	-851.09471	0.00000	-0.21354
-117899.54101	83681.04467	137.00000	144482.47620	-124.66552	0.00000	0.08652	144480.00000	-851.16924	0.00000	-0.21348
-117915.88131	83692.57724	137.00000	144502.47631	-124.63531	0.00000	0.08657	144500.00000	-851.24375	0.00000	-0.21343
-117932.22162	83704.10979	137.00000	144522.47643	-124.60509	0.00000	0.08657	144520.00000	-851.31825	0.00000	-0.21343
-117948.56193	83715.64235	137.00000	144542.47654	-124.57487	0.00000	0.08657	144540.00000	-851.39275	0.00000	-0.21343
-117964.90224	83727.17491	137.00000	144562.47666	-124.54465	0.00000	0.08657	144560.00000	-851.46725	0.00000	-0.21343
-117981.24255	83738.70746	137.00000	144582.47677	-124.51443	0.00000	0.08657	144580.00000	-851.54175	0.00000	-0.21343
-117997.58286	83750.24002	137.00000	144602.47689	-124.48421	0.00000	0.08657	144600.00000	-851.61625	0.00000	-0.21343
-118013.92317	83761.77257	137.00000	144622.47701	-124.45399	0.00000	0.08657	144620.00000	-851.69075	0.00000	-0.21343
-118030.26348	83773.30513	137.00000	144642.47712	-124.42377	0.00000	0.08657	144640.00000	-851.76525	0.00000	-0.21343
-118046.60379	83784.83768	137.00000	144662.47724	-124.39355	0.00000	0.08657	144660.00000	-851.83975	0.00000	-0.21343
-118062.94410	83796.37024	137.00000	144682.47735	-124.36333	0.00000	0.08657	144680.00000	-851.91425	0.00000	-0.21343
-118079.28441	83807.90279	137.00000	144702.47747	-124.33310	0.00000	0.08657	144700.00000	-851.98875	0.00000	-0.21343
-118095.62472	83819.43535	137.00000	144722.47759	-124.30288	0.00000	0.08657	144720.00000	-852.06325	0.00000	-0.21343
-118111.96503	83830.96791	137.00000	144742.47770	-124.27266	0.00000	0.08657	144740.00000	-852.13775	0.00000	-0.21343
-118128.30534	83842.50046	137.00000	144762.47782	-124.24244	0.00000	0.08657	144760.00000	-852.21225	0.00000	-0.21343
-118144.64565	83854.03302	137.00000	144782.47793	-124.21222	0.00000	0.08657	144780.00000	-852.28675	0.00000	-0.21343
-118160.98596	83865.56557	137.00000	144802.47805	-124.18200	0.00000	0.08657	144800.00000	-852.36125	0.00000	-0.21343
-118177.32627	83877.09813	137.00000	144822.47817	-124.15178	0.00000	0.08657	144820.00000	-852.43575	0.00000	-0.21343
-118193.66657	83888.63068	137.00000	144842.47828	-124.12156	0.00000	0.08657	144840.00000	-852.51025	0.00000	-0.21343
-118210.00688	83900.16324	137.00000	144862.47840	-124.09134	0.00000	0.08657	144860.00000	-852.58475	0.00000	-0.21343
-118226.34719	83911.69579	137.00000	144882.47851	-124.06112	0.00000	0.08657	144880.00000	-852.65925	0.00000	-0.21343
-118242.68750	83923.22835	137.00000	144902.47863	-124.03090	0.00000	0.08657	144900.00000	-852.73375	0.00000	-0.21343
-118259.02781	83934.76091	137.00000	144922.47875	-124.00068	0.00000	0.08657	144920.00000	-852.80825	0.00000	-0.21343
-118275.36812	83946.29346	137.00000	144942.47886	-123.97046	0.00000	0.08657	144940.00000	-852.88275	0.00000	-0.21343
-118291.70843	83957.82602	137.00000	144962.47898	-123.94024	0.00000	0.08657	144960.00000	-852.95725	0.00000	-0.21343
-118308.04874	83969.35857	137.00000	144982.47909	-123.91002	0.00000	0.08657	144980.00000	-853.03175	0.00000	-0.21343
-118324.38905	83980.89113	137.00000	145002.47921	-123.87980	0.00000	0.08657	145000.00000	-853.10625	0.00000	-0.21343
-118340.72936	83992.42368	137.00000	145022.47933	-123.84958	0.00000	0.08657	145020.00000	-853.18075	0.00000	-0.21343
-118357.06967	84003.95624	137.00000	145042.47944	-123.81936	0.00000	0.08657	145040.00000	-853.25525	0.00000	-0.21343
-118373.40998	84015.48879	137.00000	145062.47956	-123.78914	0.00000	0.08657	145060.00000	-853.32975	0.00000	-0.21343
-118389.75029	84027.02135	137.00000	145082.47967	-123.75892	0.00000	0.08657	145080.00000	-853.40425	0.00000	-0.21343
-118406.09060	84038.55391	137.00000	145102.47979	-123.72870	0.00000	0.08657	145100.00000	-853.47875	0.00000	-0.21343
-118422.43091	84050.08646	137.00000	145122.47990	-123.69848	0.00000	0.08657	145120.00000	-853.55325	0.00000	-0.21343
-118438.77122	84061.61902	137.00000	145142.48002	-123.66826	0.00000	0.08657	145140.00000	-853.62775	0.00000	-0.21343
-118455.11153	84073.15157	137.00000	145162.48014	-123.63804	0.00000	0.08657	145160.00000	-853.70225	0.00000	-0.21343
-118471.45184	84084.68413	137.00000	145182.48025	-123.60782	0.00000	0.08657	145180.00000	-853.77675	0.00000	-0.21343
-118487.79214	84096.21668	137.00000	145202.48037	-123.57760	0.00000	0.08657	145200.00000	-853.85125	0.00000	-0.21343
-118504.13245	84107.74924	137.00000	145222.48048	-123.54738	0.00000	0.08657	145220.00000	-853.92575	0.00000	-0.21343
-118520.47276	84119.28179	137.00000	145242.48060	-123.51716	0.00000	0.08657	145240.00000	-854.00025	0.00000	-0.21343
-118536.81307	84130.81435	137.00000	145262.48072	-123.48694	0.00000	0.08657	145260.00000	-854.07475	0.00000	-0.21343
-118553.15338	84142.34691	137.00000	145282.48083	-123.45672	0.00000	0.08657	145280.00000	-854.14925	0.00000	-0.21343
-118569.49369	84153.87946	137.00000	145302.48095	-123.42650	0.00000	0.08657	145300.00000	-854.22375	0.00000	-0.21343
-118585.83400	84165.41202	137.00000	145322.48106	-123.39628	0.00000	0.08657	145320.00000	-854.29825	0.00000	-0.21343
-118602.17431	84176.94457	137.00000	145342.48118	-123.36606	0.00000	0.08657	145340.00000	-854.37275	0.00000	-0.21343
-118618.51462	84188.47713	137.00000	145362.48130	-123.33583	0.00000	0.08657	145360.00000	-854.44725	0.00000	-0.21343
-118634.85493	84200.00968	137.00000	145382.48141	-123.30561	0.00000	0.08657	145380.00000	-854.52175	0.00000	-0.21343
-118651.19524	84211.54224	137.00000	145402.48153	-123.27539	0.00000	0.08657	145400.00000	-854.59625	0.00000	-0.21343
-118667.53555	84223.07479	137.00000	145422.48164	-123.24517	0.00000	0.08657	145420.00000	-854.67075	0.00000	-0.21343
-118683.87586	84234.60735	137.00000	145442.48176	-123.21495	0.00000	0.08657	145440.00000	-854.74525	0.00000	-0.21343
-118700.21617	84246.13991	137.00000	145462.48188	-123.18473	0.00000	0.08657	145460.00000	-854.81975	0.00000	-0.21343
-118716.55648	84257.67246	137.00000	145482.48199	-123.15451	0.00000	0.08657	145480.00000	-854.89425	0.00000	-0.21343
-118732.89679	84269.20502	137.00000	145502.48211	-123.12429	0.00000	0.08657	145500.00000	-854.96875	0.00000	-0.21343
-118749.23710	84280.73757	137.00000	145522.48222	-123.09407	0.00000	0.08657	145520.00000	-855.04325	0.00000	-0.21343
-118765.57741	84292.27013	137.00000	145542.48234	-123.06385	0.00000	0.08657	145540.00000	-855.11775	0.00000	-0.21343
-118781.91771	84303.80268	137.00000	145562.48246	-123.03363	0.00000	0.08657	145560.00000	-855.19225	0.00000	-0.21343
-118798.25802	84315.33524	137.00000	145582.48257	-123.00341	0.00000	0.08657	145580.00000	-855.26675	0.00000	-0.21343
-118814.59833	84326.86779	137.00000	145602.48269	-122.97319	0.00000	0.08657	145600.00000	-855.34125	0.00000	-0.21343
-118830.93864	84338.40035	137.00000	145622.48280	-122.94297	0.00000	0.08657	145620.00000	-855.41575	0.00000	-0.21343
-118847.27895	84349.93291	137.00000	145642.48292	-122.91275	0.00000	0.08657	145640.00000	-855.49025	0.00000	-0.21343
-118863.61926	84361.46546	137.00000	145662.48303	-122.88253	0.00000	0.08657	145660.00000	-855.56475	0.00000	-0.21343
-118879.95957	84372.99802	137.00000	145682.48315	-122.85231	0.00000	0.08657	145680.00000	-855.63925	0.00000	-0.21343
-118896.29988	84384.53057	137.00000	145702.48327	-122.82209	0.00000	0.08657	145700.00000	-855.71375	0.00000	-0.21343
-118912.64019	84396.06313	137.00000	145722.48338	-122.79187	0.00000	0.08657	145720.00000	-855.78825	0.00000	-0.21343
-118928.98050	84407.59568	137.00000	145742.48350	-122.76165	0.00000	0.08657	145740.00000	-855.86275	0.00000	-0.21343
-118945.32081	84419.12824	137.00000	145762.48361	-122.73143	0.00000	0.08657	145760.00000	-855.93725	0.00000	-0.21343
-118961.66112	84430.66079	137.00000	145782.48373	-122.70121	0.00000	0.08657	145780.00000	-856.01175	0.00000	-0.21343
-118978.00143	84442.19335	137.00000	145802.48385	-122.67099	0.00000	0.08657	145800.00000	-856.08625	0.00000	-0.21343
-118994.34174	84453.72591	137.00000	145822.48396	-122.64077	0.00000	0.08657	145820.00000	-856.16075	0.00000	-0.21343
-119010.68205	84465.25846	137.00000	145842.48408	-122.61055	0.00000	0.08657	145840.00000	-856.23525	0.00000	-0.21343
-119027.02236	84476.79102	137.00000	145862.48419	-122.58033	0.00000	0.08657	145860.00000	-856.30975	0.00000	-0.21343
-119043.36267	84488.32357	137.00000	145882.48431	-122.55011	0.00000	0.08657	145880.00000	-856.38425	0.00000	-0.21343
-119059.70298	84499.85613	137.00000	145902.48443	-122.51989	0.00000	0.08657	145900.00000	-856.45875	0.00000	-0.21343
-119076.04328	84511.38868	137.00000	145922.48454	-122.48967	0.00000	0.08657	145920.00000	-856.53325	0.00000	-0.21343
-119092.38359	84522.92124	137.00000	145942.48466	-122.45945	0.00000	0.08657	145940.00000	-856.60775	0.00000	-0.21343
-119108.72390	84534.45379	137.00000	145962.48477	-122.42923	0.00000	0.08657	145960.00000	-856.68225	0.00000	-0.21343
-119125.06421	84545.98635	137.00000	145982.48489	-122.39901	0.00000	0.08657	145980.00000	-856.75675	0.00000	-0.21343
-119141.40452	84557.51891	137.00000	146002.48501	-122.36879	0.00000	0.08657	146000.00000	-856.83125	0.00000	-0.21343
-119157.74483	84569.05146	137.00000	146022.48512	-122.33857	0.00000	0.08657	146020.00000	-856.90575	0.00000	-0.21343
-119174.08514	84580.58402	137.00000	146042.48524	-122.30834	0.00000	0.08657	146040.00000	-856.98025	0.00000	-0.21343
-119190.42545	84592.11657	137.00000	146062.48535	-122.27812	0.00000	0.08657	146060.00000	-857.05475	0.00000	-0.21343
-119206.76576	84603.64913	137.00000	146082.48547	-122.24790	0.00000	0.08657	146080.00000	-857.12925	0.00000	-0.21343
-119223.10607	84615.18168	137.00000	146102.48559	-122.21768	0.00000	0.08657	146100.00000	-857.20375	0.00000	-0.21343
-119239.44638	84626.71424	137.00000	146122.48570	-122.18746	0.00000	0.08657	146120.00000	-857.27825	0.00000	-0.21343
-119255.78669	84638.24679	137.00000	146142.48582	-122.15724	0.00000	0.08657	146140.00000	-857.35275	0.00000	-0.21343
-119272.12700	84649.77935	137.00000	146162.48593	-122.12702	0.00000	0.08657	146160.00000	-857.42725	0.00000	-0.21343
-119288.46731	84661.31190	137.00000	146182.48605	-122.09680	0.00000	0.08657	146180.00000	-857.50175	0.00000	-0.21343
-119304.80762	84672.84446	137.00000	146202.48616	-122.06658	0.00000	0.08657	146200.00000	-857.57625	0.00000	-0.21343
-119321.14793	84684.37702	137.00000	146222.48628	-122.03636	0.00000	0.08657	146220.00000	-857.65075	0.00000	-0.21343
-119337.48824	84695.90957	137.00000	146242.48640	-122.00614	0.00000	0.08657	146240.00000	-857.72525	0.00000	-0.21343
-119353.82855	84707.44213	137.00000	146262.48651	-121.97592	0.00000	0.08657	146260.00000	-857.79975	0.00000	-0.21343
-119370.16885	84718.97468	137.00000	146282.48663	-121.94570	0.00000	0.08657	146280.00000	-857.87425	0.00000	-0.21343
-119386.50916	84730.50724	137.00000	146302.48674	-121.91548	0.00000	0.08657	146300.00000	-857.94875	0.00000	-0.21343
-119402.84947	84742.03979	137.00000	146322.48686	-121.88526	0.00000	0.08657	146320.00000	-858.02325	0.00000	-0.21343
-119419.18978	84753.57235	137.00000	146342.48698	-121.85504	0.00000	0.08657	146340.00000	-858.09775	0.00000	-0.21343
-119435.53009	84765.10490	137.00000	146362.48709	-121.82482	0.00000	0.08657	146360.00000	-858.17225	0.00000	-0.21343
-119451.87040	84776.63746	137.00000	146382.48721	-121.79460	0.00000	0.08657	146380.00000	-858.24675	0.00000	-0.21343
-119468.21071	84788.17002	137.00000	146402.48732	-121.76438	0.00000	0.08657	146400.00000	-858.32125	0.00000	-0.21343
-119484.55102	84799.70257	137.00000	146422.48744	-121.73416	0.00000	0.08657	146420.00000	-858.39575	0.00000	-0.21343
-119500.89133	84811.23513	137.00000	146442.48756	-121.70394	0.00000	0.08657	146440.00000	-858.47025	0.00000	-0.21343
-119517.23164	84822.76768	137.00000	146462.48767	-121.67372	0.00000	0.08657	146460.00000	-858.54475	0.00000	-0.21343
-119533.57195	84834.30024	137.00000	146482.48779	-121.64350	0.00000	0.08657	146480.00000	-858.61925	0.00000	-0.21343
-119549.91226	84845.83279	137.00000	146502.48790	-121.61328	0.00000	0.08657	146500.00000	-858.69375	0.00000	-0.21343
-119566.25257	84857.36535	137.00000	146522.48802	-121.58306	0.00000	0.08657	146520.00000	-858.76825	0.00000	-0.21343
-119582.59288	84868.89790	137.00000	146542.48814	-121.55284	0.00000	0.08657	146540.00000	-858.84275	0.00000	-0.21343
-119598.93319	84880.43046	137.00000	146562.48825	-121.52262	0.00000	0.08657	146560.00000	-858.91725	0.00000	-0.21343
-119615.27350	84891.96302	137.00000	146582.48837	-121.49240	0.00000	0.08657	146580.00000	-858.99175	0.00000	-0.21343
-119631.61381	84903.49557	137.00000	146602.48848	-121.46218	0.00000	0.08657	146600.00000	-859.06625	0.00000	-0.21343
-119647.95412	84915.02813	137.00000	146622.48860	-121.43196	0.00000	0.08657	146620.00000	-859.14075	0.00000	-0.21343
-119664.29442	84926.56068	137.00000	146642.48872	-121.40174	0.00000	0.08657	146640.00000	-859.21525	0.00000	-0.21343
-119680.63473	84938.09324	137.00000	146662.48883	-121.37152	0.00000	0.08657	146660.00000	-859.28975	0.00000	-0.21343
-119696.97504	84949.62579	137.00000	146682.48895	-121.34130	0.00000	0.08657	146680.00000	-859.36425	0.00000	-0.21343
-119713.31535	84961.15835	137.00000	146702.48906	-121.31107	0.00000	0.08657	146700.00000	-859.43875	0.00000	-0.21343
-119729.65566	84972.69090	137.00000	146722.48918	-121.28085	0.00000	0.08657	146720.00000	-859.51325	0.00000	-0.21343
-119745.99597	84984.22346	137.00000	146742.48929	-121.25063	0.00000	0.08657	146740.00000	-859.58775	0.00000	-0.21343
-119762.33628	84995.75602	137.00000	146762.48941	-121.22041	0.00000	0.08657	146760.00000	-859.66225	0.00000	-0.21343
-119778.67659	85007.28857	137.00000	146782.48953	-121.19019	0.00000	0.08657	146780.00000	-859.73675	0.00000	-0.21343
-119795.01690	85018.82113	137.00000	146802.48964	-121.15997	0.00000	0.08657	146800.00000	-859.81125	0.00000	-0.21343
-119811.35721	85030.35368	137.00000	146822.48976	-121.12975	0.00000	0.08657	146820.00000	-859.88575	0.00000	-0.21343
-119827.69752	85041.88624	137.00000	146842.48987	-121.09953	0.00000	0.08657	146840.00000	-859.96025	0.00000	-0.21343
-119844.03783	85053.41879	137.00000	146862.48999	-121.06931	0.00000	0.08657	146860.00000	-860.03475	0.00000	-0.21343
-119860.37814	85064.95135	137.00000	146882.49011	-121.03909	0.00000	0.08657	146880.00000	-860.10925	0.00000	-0.21343
-119876.71845	85076.48390	137.00000	146902.49022	-121.00887	0.00000	0.08657	146900.00000	-860.18375	0.00000	-0.21343
-119893.05876	85088.01646	137.00000	146922.49034	-120.97865	0.00000	0.08657	146920.00000	-860.25825	0.00000	-0.21343
-119909.39907	85099.54902	137.00000	146942.49045	-120.94843	0.00000	0.08657	146940.00000	-860.33275	0.00000	-0.21343
-119925.73938	85111.08157	137.00000	146962.49057	-120.91821	0.00000	0.08657	146960.00000	-860.40725	0.00000	-0.21343
-119942.07969	85122.61413	137.00000	146982.49069	-120.88799	0.00000	0.08657	146980.00000	-860.48175	0.00000	-0.21343
-119958.41999	85134.14668	137.00000	147002.49080	-120.85777	0.00000	0.08657	147000.00000	-860.55625	0.00000	-0.21343
-119974.76030	85145.67924	137.00000	147022.49092	-120.82755	0.00000	0.08657	147020.00000	-860.63075	0.00000	-0.21343
-119991.10061	85157.21179	137.00000	147042.49103	-120.79733	0.00000	0.08657	147040.00000	-860.70525	0.00000	-0.21343
-120007.44092	85168.74435	137.00000	147062.49115	-120.76711	0.00000	0.08657	147060.00000	-860.77975	0.00000	-0.21343
-120023.78123	85180.27690	137.00000	147082.49127	-120.73689	0.00000	0.08657	147080.00000	-860.85425	0.00000	-0.21343
-120040.12154	85191.80946	137.00000	147102.49138	-120.70667	0.00000	0.08657	147100.00000	-860.92875	0.00000	-0.21343
-120056.46185	85203.34202	137.00000	147122.49150	-120.67645	0.00000	0.08657	147120.00000	-861.00325	0.00000	-0.21343
-120072.80216	85214.87457	137.00000	147142.49161	-120.64623	0.00000	0.08657	147140.00000	-861.07775	0.00000	-0.21343
-120089.14247	85226.40713	137.00000	147162.49173	-120.61601	0.00000	0.08657	147160.00000	-861.15225	0.00000	-0.21343
-120105.48278	85237.93968	137.00000	147182.49185	-120.58579	0.00000	0.08657	147180.00000	-861.22675	0.00000	-0.21343
-120121.82309	85249.47224	137.00000	147202.49196	-120.55557	0.00000	0.08657	147200.00000	-861.30125	0.00000	-0.21343
-120138.16340	85261.00479	137.00000	147222.49208	-120.52535	0.00000	0.08657	147220.00000	-861.37575	0.00000	-0.21343
-120154.50371	85272.53735	137.00000	147242.49219	-120.49513	0.00000	0.08657	147240.00000	-861.45025	0.00000	-0.21343
-120170.84402	85284.06990	137.00000	147262.49231	-120.46491	0.00000	0.08657	147260.00000	-861.52475	0.00000	-0.21343
-120187.18433	85295.60246	137.00000	147282.49242	-120.43469	0.00000	0.08657	147280.00000	-861.59925	0.00000	-0.21343
-120203.52464	85307.13502	137.00000	147302.49254	-120.40447	0.00000	0.08657	147300.00000	-861.67375	0.00000	-0.21343
-120219.86495	85318.66757	137.00000	147322.49266	-120.37425	0.00000	0.08657	147320.00000	-861.74825	0.00000	-0.21343
-120236.20526	85330.20013	137.00000	147342.49277	-120.34403	0.00000	0.08657	147340.00000	-861.82275	0.00000	-0.21343
-120252.54556	85341.73268	137.00000	147362.49289	-120.31381	0.00000	0.08657	147360.00000	-861.89725	0.00000	-0.21343
-120268.88587	85353.26524	137.00000	147382.49300	-120.28358	0.00000	0.08657	147380.00000	-861.97175	0.00000	-0.21343
-120285.22618	85364.79779	137.00000	147402.49312	-120.25336	0.00000	0.08657	147400.00000	-862.04625	0.00000	-0.21343
-120301.56649	85376.33035	137.00000	147422.49324	-120.22314	0.00000	0.08657	147420.00000	-862.12075	0.00000	-0.21343
-120317.90680	85387.86290	137.00000	147442.49335	-120.19292	0.00000	0.08657	147440.00000	-862.19525	0.00000	-0.21343
-120334.24711	85399.39546	137.00000	147462.49347	-120.16270	0.00000	0.08657	147460.00000	-862.26975	0.00000	-0.21343
-120350.58742	85410.92802	137.00000	147482.49358	-120.13248	0.00000	0.08657	147480.00000	-862.34425	0.00000	-0.21343
-120366.92773	85422.46057	137.00000	147502.49370	-120.10226	0.00000	0.08657	147500.00000	-862.41875	0.00000	-0.21343
-120383.26804	85433.99313	137.00000	147522.49382	-120.07204	0.00000	0.08657	147520.00000	-862.49325	0.00000	-0.21343
-120399.60835	85445.52568	137.00000	147542.49393	-120.04182	0.00000	0.08657	147540.00000	-862.56775	0.00000	-0.21343
-120415.94866	85457.05824	137.00000	147562.49405	-120.01160	0.00000	0.08657	147560.00000	-862.64225	0.00000	-0.21343
-120432.28897	85468.59079	137.00000	147582.49416	-119.98138	0.00000	0.08657	147580.00000	-862.71675	0.00000	-0.21343
-120448.62928	85480.12335	137.00000	147602.49428	-119.95116	0.00000	0.08657	147600.00000	-862.79125	0.00000	-0.21343
-120464.96959	85491.65590	137.00000	147622.49440	-119.92094	0.00000	0.08657	147620.00000	-862.86575	0.00000	-0.21343
-120481.30990	85503.18846	137.00000	147642.49451	-119.89072	0.00000	0.08657	147640.00000	-862.94025	0.00000	-0.21343
-120497.65021	85514.72102	137.00000	147662.49463	-119.86050	0.00000	0.08657	147660.00000	-863.01475	0.00000	-0.21343
-120513.99052	85526.25357	137.00000	147682.49474	-119.83028	0.00000	0.08657	147680.00000	-863.08925	0.00000	-0.21343
-120530.33083	85537.78613	137.00000	147702.49486	-119.80006	0.00000	0.08657	147700.00000	-863.16375	0.00000	-0.21343
-120546.67113	85549.31868	137.00000	147722.49498	-119.76984	0.00000	0.08657	147720.00000	-863.23825	0.00000	-0.21343
-120563.01144	85560.85124	137.00000	147742.49509	-119.73962	0.00000	0.08657	147740.00000	-863.31275	0.00000	-0.21343
-120579.35175	85572.38379	137.00000	147762.49521	-119.70940	0.00000	0.08657	147760.00000	-863.38725	0.00000	-0.21343
-120595.69206	85583.91635	137.00000	147782.49532	-119.67918	0.00000	0.08657	147780.00000	-863.46175	0.00000	-0.21343
-120612.03237	85595.44890	137.00000	147802.49544	-119.64896	0.00000	0.08657	147800.00000	-863.53625	0.00000	-0.21343
-120628.37268	85606.98146	137.00000	147822.49555	-119.61874	0.00000	0.08657	147820.00000	-863.61075	0.00000	-0.21343
-120644.71299	85618.51402	137.00000	147842.49567	-119.58852	0.00000	0.08657	147840.00000	-863.68525	0.00000	-0.21343
-120661.05330	85630.04657	137.00000	147862.49579	-119.55830	0.00000	0.08657	147860.00000	-863.75975	0.00000	-0.21343
-120677.39361	85641.57913	137.00000	147882.49590	-119.52808	0.00000	0.08657	147880.00000	-863.83425	0.00000	-0.21343
-120693.73392	85653.11168	137.00000	147902.49602	-119.49786	0.00000	0.08657	147900.00000	-863.90875	0.00000	-0.21343
-120710.07423	85664.64424	137.00000	147922.49613	-119.46764	0.00000	0.08657	147920.00000	-863.98325	0.00000	-0.21343
-120726.41454	85676.17679	137.00000	147942.49625	-119.43742	0.00000	0.08657	147940.00000	-864.05775	0.00000	-0.21343
-120742.75485	85687.70935	137.00000	147962.49637	-119.40720	0.00000	0.08657	147960.00000	-864.13225	0.00000	-0.21343
-120759.09516	85699.24190	137.00000	147982.49648	-119.37698	0.00000	0.08657	147980.00000	-864.20675	0.00000	-0.21343
-120775.43547	85710.77446	137.00000	148002.49660	-119.34676	0.00000	0.08657	148000.00000	-864.28125	0.00000	-0.21343
-120791.77578	85722.30702	137.00000	148022.49671	-119.31654	0.00000	0.08657	148020.00000	-864.35575	0.00000	-0.21343
-120808.11609	85733.83957	137.00000	148042.49683	-119.28632	0.00000	0.08657	148040.00000	-864.43025	0.00000	-0.21343
-120824.45639	85745.37213	137.00000	148062.49695	-119.25609	0.00000	0.08657	148060.00000	-864.50475	0.00000	-0.21343
-120840.79670	85756.90468	137.00000	148082.49706	-119.22587	0.00000	0.08657	148080.00000	-864.57925	0.00000	-0.21343
-120857.13701	85768.43724	137.00000	148102.49718	-119.19565	0.00000	0.08657	148100.00000	-864.65375	0.00000	-0.21343
-120873.47732	85779.96979	137.00000	148122.49729	-119.16543	0.00000	0.08657	148120.00000	-864.72825	0.00000	-0.21343
-120889.81763	85791.50235	137.00000	148142.49741	-119.13521	0.00000	0.08657	148140.00000	-864.80275	0.00000	-0.21343
-120906.15794	85803.03490	137.00000	148162.49753	-119.10499	0.00000	0.08657	148160.00000	-864.87725	0.00000	-0.21343
-120922.49825	85814.56746	137.00000	148182.49764	-119.07477	0.00000	0.08657	148180.00000	-864.95175	0.00000	-0.21343
-120938.83856	85826.10002	137.00000	148202.49776	-119.04455	0.00000	0.08657	148200.00000	-865.02625	0.00000	-0.21343
-120955.17887	85837.63257	137.00000	148222.49787	-119.01433	0.00000	0.08657	148220.00000	-865.10075	0.00000	-0.21343
-120971.51918	85849.16513	137.00000	148242.49799	-118.98411	0.00000	0.08657	148240.00000	-865.17525	0.00000	-0.21343
-120987.85949	85860.69768	137.00000	148262.49810	-118.95389	0.00000	0.08657	148260.00000	-865.24975	0.00000	-0.21343
-121004.19980	85872.23024	137.00000	148282.49822	-118.92367	0.00000	0.08657	148280.00000	-865.32425	0.00000	-0.21343
-121020.54011	85883.76279	137.00000	148302.49834	-118.89345	0.00000	0.08657	148300.00000	-865.39875	0.00000	-0.21343
-121036.88042	85895.29535	137.00000	148322.49845	-118.86323	0.00000	0.08657	148320.00000	-865.47325	0.00000	-0.21343
-121053.22073	85906.82790	137.00000	148342.49857	-118.83301	0.00000	0.08657	148340.00000	-865.54775	0.00000	-0.21343
-121069.56104	85918.36046	137.00000	148362.49868	-118.80279	0.00000	0.08657	148360.00000	-865.62225	0.00000	-0.21343
-121085.90135	85929.89302	137.00000	148382.49880	-118.77257	0.00000	0.08657	148380.00000	-865.69675	0.00000	-0.21343
-121102.24166	85941.42557	137.00000	148402.49892	-118.74235	0.00000	0.08657	148400.00000	-865.77125	0.00000	-0.21343
-121118.58196	85952.95813	137.00000	148422.49903	-118.71213	0.00000	0.08657	148420.00000	-865.84575	0.00000	-0.21343
-121134.92227	85964.49068	137.00000	148442.49915	-118.68191	0.00000	0.08657	148440.00000	-865.92025	0.00000	-0.21343
-121151.26258	85976.02324	137.00000	148462.49926	-118.65169	0.00000	0.08657	148460.00000	-865.99475	0.00000	-0.21343
-121167.60289	85987.55579	137.00000	148482.49938	-118.62147	0.00000	0.08657	148480.00000	-866.06925	0.00000	-0.21343
-121183.94320	85999.08835	137.00000	148502.49950	-118.59125	0.00000	0.08657	148500.00000	-866.14375	0.00000	-0.21343
-121200.28351	86010.62090	137.00000	148522.49961	-118.56103	0.00000	0.08657	148520.00000	-866.21825	0.00000	-0.21343
-121216.62382	86022.15346	137.00000	148542.49973	-118.53081	0.00000	0.08657	148540.00000	-866.29275	0.00000	-0.21343
-121232.96413	86033.68602	137.00000	148562.49984	-118.50059	0.00000	0.08657	148560.00000	-866.36725	0.00000	-0.21343
-121249.30444	86045.21857	137.00000	148582.49996	-118.47037	0.00000	0.08657	148580.00000	-866.44175	0.00000	-0.21343
-121265.64475	86056.75113	137.00000	148602.50008	-118.44015	0.00000	0.08657	148600.00000	-866.51625	0.00000	-0.21343
-121281.98506	86068.28368	137.00000	148622.50019	-118.40993	0.00000	0.08657	148620.00000	-866.59075	0.00000	-0.21343
-121298.32537	86079.81624	137.00000	148642.50031	-118.37971	0.00000	0.08657	148640.00000	-866.66525	0.00000	-0.21343
-121314.66568	86091.34879	137.00000	148662.50042	-118.34949	0.00000	0.08657	148660.00000	-866.73975	0.00000	-0.21343
-121331.00599	86102.88135	137.00000	148682.50054	-118.31927	0.00000	0.08657	148680.00000	-866.81425	0.00000	-0.21343
-121347.34630	86114.41390	137.00000	148702.50066	-118.28905	0.00000	0.08657	148700.00000	-866.88875	0.00000	-0.21343
-121363.68661	86125.94646	137.00000	148722.50077	-118.25882	0.00000	0.08657	148720.00000	-866.96325	0.00000	-0.21343
-121380.02692	86137.47902	137.00000	148742.50089	-118.22860	0.00000	0.08657	148740.00000	-867.03775	0.00000	-0.21343
-121396.36723	86149.01157	137.00000	148762.50100	-118.19838	0.00000	0.08657	148760.00000	-867.11225	0.00000	-0.21343
-121412.70753	86160.54413	137.00000	148782.50112	-118.16816	0.00000	0.08657	148780.00000	-867.18675	0.00000	-0.21343
-121429.04784	86172.07668	137.00000	148802.50123	-118.13794	0.00000	0.08657	148800.00000	-867.26125	0.00000	-0.21343
-121445.38815	86183.60924	137.00000	148822.50135	-118.10772	0.00000	0.08657	148820.00000	-867.33575	0.00000	-0.21343
-121461.72846	86195.14179	137.00000	148842.50147	-118.07750	0.00000	0.08657	148840.00000	-867.41025	0.00000	-0.21343
-121478.06877	86206.67435	137.00000	148862.50158	-118.04728	0.00000	0.08657	148860.00000	-867.48475	0.00000	-0.21343
-121494.40908	86218.20690	137.00000	148882.50170	-118.01706	0.00000	0.08657	148880.00000	-867.55925	0.00000	-0.21343
-121510.74939	86229.73946	137.00000	148902.50181	-117.98684	0.00000	0.08657	148900.00000	-867.63375	0.00000	-0.21343
-121527.08970	86241.27202	137.00000	148922.50193	-117.95662	0.00000	0.08657	148920.00000	-867.70825	0.00000	-0.21343
-121543.43001	86252.80457	137.00000	148942.50205	-117.92640	0.00000	0.08657	148940.00000	-867.78275	0.00000	-0.21343
-121559.77032	86264.33713	137.00000	148962.50216	-117.89618	0.00000	0.08657	148960.00000	-867.85725	0.00000	-0.21343
-121576.11063	86275.86968	137.00000	148982.50228	-117.86596	0.00000	0.08657	148980.00000	-867.93175	0.00000	-0.21343
-121592.45094	86287.40224	137.00000	149002.50239	-117.83574	0.00000	0.08657	149000.00000	-868.00625	0.00000	-0.21343
-121608.79125	86298.93479	137.00000	149022.50251	-117.80552	0.00000	0.08657	149020.00000	-868.08075	0.00000	-0.21343
-121625.13156	86310.46735	137.00000	149042.50263	-117.77530	0.00000	0.08657	149040.00000	-868.15525	0.00000	-0.21343
-121641.47187	86321.99990	137.00000	149062.50274	-117.74508	0.00000	0.08657	149060.00000	-868.22975	0.00000	-0.21343
-121657.81218	86333.53246	137.00000	149082.50286	-117.71486	0.00000	0.08657	149080.00000	-868.30425	0.00000	-0.21343
-121674.15249	86345.06502	137.00000	149102.50297	-117.68464	0.00000	0.08657	149100.00000	-868.37875	0.00000	-0.21343
-121690.49280	86356.59757	137.00000	149122.50309	-117.65442	0.00000	0.08657	149120.00000	-868.45325	0.00000	-0.21343
-121706.83310	86368.13013	137.00000	149142.50321	-117.62420	0.00000	0.08657	149140.00000	-868.52775	0.00000	-0.21343
-121723.17341	86379.66268	137.00000	149162.50332	-117.59398	0.00000	0.08657	149160.00000	-868.60225	0.00000	-0.21343
-121739.51372	86391.19524	137.00000	149182.50344	-117.56376	0.00000	0.08657	149180.00000	-868.67675	0.00000	-0.21343
-121755.85403	86402.72779	137.00000	149202.50355	-117.53354	0.00000	0.08657	149200.00000	-868.75125	0.00000	-0.21343
-121772.19434	86414.26035	137.00000	149222.50367	-117.50332	0.00000	0.08657	149220.00000	-868.82575	0.00000	-0.21343
-121788.53465	86425.79290	137.00000	149242.50379	-117.47310	0.00000	0.08657	149240.00000	-868.90025	0.00000	-0.21343
-121804.87496	86437.32546	137.00000	149262.50390	-117.44288	0.00000	0.08657	149260.00000	-868.97475	0.00000	-0.21343
-121821.21527	86448.85802	137.00000	149282.50402	-117.41266	0.00000	0.08657	149280.00000	-869.04925	0.00000	-0.21343
-121837.55558	86460.39057	137.00000	149302.50413	-117.38244	0.00000	0.08657	149300.00000	-869.12375	0.00000	-0.21343
-121853.89589	86471.92313	137.00000	149322.50425	-117.35222	0.00000	0.08657	149320.00000	-869.19825	0.00000	-0.21343
-121870.23620	86483.45568	137.00000	149342.50436	-117.32200	0.00000	0.08657	149340.00000	-869.27275	0.00000	-0.21343
-121886.57651	86494.98824	137.00000	149362.50448	-117.29178	0.00000	0.08657	149360.00000	-869.34725	0.00000	-0.21343
-121902.91682	86506.52079	137.00000	149382.50460	-117.26156	0.00000	0.08657	149380.00000	-869.42175	0.00000	-0.21343
-121919.25713	86518.05335	137.00000	149402.50471	-117.23133	0.00000	0.08657	149400.00000	-869.49625	0.00000	-0.21343
-121935.59744	86529.58590	137.00000	149422.50483	-117.20111	0.00000	0.08657	149420.00000	-869.57075	0.00000	-0.21343
-121951.93775	86541.11846	137.00000	149442.50494	-117.17089	0.00000	0.08657	149440.00000	-869.64525	0.00000	-0.21343
-121968.27806	86552.65102	137.00000	149462.50506	-117.14067	0.00000	0.08657	149460.00000	-869.71975	0.00000	-0.21343
-121984.61837	86564.18357	137.00000	149482.50518	-117.11045	0.00000	0.08657	149480.00000	-869.79425	0.00000	-0.21343
-122000.95867	86575.71613	137.00000	149502.50529	-117.08023	0.00000	0.08657	149500.00000	-869.86875	0.00000	-0.21343
-122017.29898	86587.24868	137.00000	149522.50541	-117.05001	0.00000	0.08657	149520.00000	-869.94325	0.00000	-0.21343
-122033.63929	86598.78124	137.00000	149542.50552	-117.01979	0.00000	0.08657	149540.00000	-870.01775	0.00000	-0.21343
-122049.97960	86610.31379	137.00000	149562.50564	-116.98957	0.00000	0.08657	149560.00000	-870.09225	0.00000	-0.21343
-122066.31991	86621.84635	137.00000	149582.50576	-116.95935	0.00000	0.08657	149580.00000	-870.16675	0.00000	-0.21343
-122082.66022	86633.37890	137.00000	149602.50587	-116.92913	0.00000	0.08657	149600.00000	-870.24125	0.00000	-0.21343
-122099.00053	86644.91146	137.00000	149622.50599	-116.89891	0.00000	0.08657	149620.00000	-870.31575	0.00000	-0.21343
-122115.34084	86656.44402	137.00000	149642.50610	-116.86869	0.00000	0.08657	149640.00000	-870.39025	0.00000	-0.21343
-122131.68115	86667.97657	137.00000	149662.50622	-116.83847	0.00000	0.08657	149660.00000	-870.46475	0.00000	-0.21343
-122148.02146	86679.50913	137.00000	149682.50634	-116.80825	0.00000	0.08657	149680.00000	-870.53925	0.00000	-0.21343
-122164.36177	86691.04168	137.00000	149702.50645	-116.77803	0.00000	0.08657	149700.00000	-870.61375	0.00000	-0.21343
-122180.70208	86702.57424	137.00000	149722.50657	-116.74781	0.00000	0.08657	149720.00000	-870.68825	0.00000	-0.21343
-122197.04239	86714.10679	137.00000	149742.50668	-116.71759	0.00000	0.08657	149740.00000	-870.76275	0.00000	-0.21343
-122213.38270	86725.63935	137.00000	149762.50680	-116.68737	0.00000	0.08657	149760.00000	-870.83725	0.00000	-0.21343
-122229.72301	86737.17190	137.00000	149782.50692	-116.65715	0.00000	0.08657	149780.00000	-870.91175	0.00000	-0.21343
-122246.06332	86748.70446	137.00000	149802.50703	-116.62693	0.00000	0.08657	149800.00000	-870.98625	0.00000	-0.21343
-122262.40363	86760.23702	137.00000	149822.50715	-116.59671	0.00000	0.08657	149820.00000	-871.06075	0.00000	-0.21343
-122278.74394	86771.76957	137.00000	149842.50726	-116.56649	0.00000	0.08657	149840.00000	-871.13525	0.00000	-0.21343
-122295.08424	86783.30213	137.00000	149862.50738	-116.53627	0.00000	0.08657	149860.00000	-871.20975	0.00000	-0.21343
-122311.42455	86794.83468	137.00000	149882.50749	-116.50605	0.00000	0.08657	149880.00000	-871.28425	0.00000	-0.21343
-122327.76486	86806.36724	137.00000	149902.50761	-116.47583	0.00000	0.08657	149900.00000	-871.35875	0.00000	-0.21343
-122344.10517	86817.89979	137.00000	149922.50773	-116.44561	0.00000	0.08657	149920.00000	-871.43325	0.00000	-0.21343
-122360.44548	86829.43235	137.00000	149942.50784	-116.41539	0.00000	0.08657	149940.00000	-871.50775	0.00000	-0.21343
-122376.78579	86840.96490	137.00000	149962.50796	-116.38517	0.00000	0.08657	149960.00000	-871.58225	0.00000	-0.21343
-122393.12610	86852.49746	137.00000	149982.50807	-116.35495	0.00000	0.08657	149980.00000	-871.65675	0.00000	-0.21343
-122409.46641	86864.03002	137.00000	150002.50819	-116.32473	0.00000	0.08657	150000.00000	-871.73125	0.00000	-0.21343
-122425.80672	86875.56257	137.00000	150022.50831	-116.29451	0.00000	0.08657	150020.00000	-871.80575	0.00000	-0.21343
-122442.14703	86887.09513	137.00000	150042.50842	-116.26429	0.00000	0.08657	150040.00000	-871.88025	0.00000	-0.21343
-122458.48734	86898.62768	137.00000	150062.50854	-116.23406	0.00000	0.08657	150060.00000	-871.95475	0.00000	-0.21343
-122474.82765	86910.16024	137.00000	150082.50865	-116.20384	0.00000	0.08657	150080.00000	-872.02925	0.00000	-0.21343
-122491.16796	86921.69279	137.00000	150102.50877	-116.17362	0.00000	0.08657	150100.00000	-872.10375	0.00000	-0.21343
-122507.50827	86933.22535	137.00000	150122.50889	-116.14340	0.00000	0.08657	150120.00000	-872.17825	0.00000	-0.21343
-122523.84858	86944.75790	137.00000	150142.50900	-116.11318	0.00000	0.08657	150140.00000	-872.25275	0.00000	-0.21343
-122540.18889	86956.29046	137.00000	150162.50912	-116.08296	0.00000	0.08657	150160.00000	-872.32725	0.00000	-0.21343
-122556.52920	86967.82302	137.00000	150182.50923	-116.05274	0.00000	0.08657	150180.00000	-872.40175	0.00000	-0.21343
-122572.86951	86979.35557	137.00000	150202.50935	-116.02252	0.00000	0.08657	150200.00000	-872.47625	0.00000	-0.21343
-122589.20981	86990.88813	137.00000	150222.50947	-115.99230	0.00000	0.08657	150220.00000	-872.55075	0.00000	-0.21343
-122605.55012	87002.42068	137.00000	150242.50958	-115.96208	0.00000	0.08657	150240.00000	-872.62525	0.00000	-0.21343
-122621.89043	87013.95324	137.00000	150262.50970	-115.93186	0.00000	0.08657	150260.00000	-872.69975	0.00000	-0.21343
-122638.23074	87025.48579	137.00000	150282.50981	-115.90164	0.00000	0.08657	150280.00000	-872.77425	0.00000	-0.21343
-122654.57105	87037.01835	137.00000	150302.50993	-115.87142	0.00000	0.08657	150300.00000	-872.84875	0.00000	-0.21343
-122670.91136	87048.55090	137.00000	150322.51005	-115.84120	0.00000	0.08657	150320.00000	-872.92325	0.00000	-0.21343
-122687.25167	87060.08346	137.00000	150342.51016	-115.81098	0.00000	0.08657	150340.00000	-872.99775	0.00000	-0.21343
-122703.59198	87071.61602	137.00000	150362.51028	-115.78076	0.00000	0.08657	150360.00000	-873.07225	0.00000	-0.21343
-122719.93229	87083.14857	137.00000	150382.51039	-115.75054	0.00000	0.08657	150380.00000	-873.14675	0.00000	-0.21343
-122736.27260	87094.68113	137.00000	150402.51051	-115.72032	0.00000	0.08657	150400.00000	-873.22125	0.00000	-0.21343
-122752.61291	87106.21368	137.00000	150422.51062	-115.69010	0.00000	0.08657	150420.00000	-873.29575	0.00000	-0.21343
-122768.95322	87117.74624	137.00000	150442.51074	-115.65988	0.00000	0.08657	150440.00000	-873.37025	0.00000	-0.21343
-122785.29353	87129.27879	137.00000	150462.51086	-115.62966	0.00000	0.08657	150460.00000	-873.44475	0.00000	-0.21343
-122801.63384	87140.81135	137.00000	150482.51097	-115.59944	0.00000	0.08657	150480.00000	-873.51925	0.00000	-0.21343
-122817.97415	87152.34390	137.00000	150502.51109	-115.56922	0.00000	0.08657	150500.00000	-873.59375	0.00000	-0.21343
-122834.31446	87163.87646	137.00000	150522.51120	-115.53900	0.00000	0.08657	150520.00000	-873.66825	0.00000	-0.21343
-122850.65477	87175.40902	137.00000	150542.51132	-115.50878	0.00000	0.08657	150540.00000	-873.74275	0.00000	-0.21343
-122866.99508	87186.94157	137.00000	150562.51144	-115.47856	0.00000	0.08657	150560.00000	-873.81725	0.00000	-0.21343
-122883.33538	87198.47413	137.00000	150582.51155	-115.44834	0.00000	0.08657	150580.00000	-873.89175	0.00000	-0.21343
-122899.67569	87210.00668	137.00000	150602.51167	-115.41812	0.00000	0.08657	150600.00000	-873.96625	0.00000	-0.21343
-122916.01600	87221.53924	137.00000	150622.51178	-115.38790	0.00000	0.08657	150620.00000	-874.04075	0.00000	-0.21343
-122932.35631	87233.07179	137.00000	150642.51190	-115.35768	0.00000	0.08657	150640.00000	-874.11525	0.00000	-0.21343
-122948.69662	87244.60435	137.00000	150662.51202	-115.32746	0.00000	0.08657	150660.00000	-874.18975	0.00000	-0.21343
-122965.03693	87256.13690	137.00000	150682.51213	-115.29724	0.00000	0.08657	150680.00000	-874.26425	0.00000	-0.21343
-122981.37724	87267.66946	137.00000	150702.51225	-115.26702	0.00000	0.08657	150700.00000	-874.33875	0.00000	-0.21343
-122997.71755	87279.20202	137.00000	150722.51236	-115.23680	0.00000	0.08657	150720.00000	-874.41325	0.00000	-0.21343
-123014.05786	87290.73457	137.00000	150742.51248	-115.20657	0.00000	0.08657	150740.00000	-874.48775	0.00000	-0.21343
-123030.39817	87302.26713	137.00000	150762.51260	-115.17635	0.00000	0.08657	150760.00000	-874.56225	0.00000	-0.21343
-123046.73848	87313.79968	137.00000	150782.51271	-115.14613	0.00000	0.08657	150780.00000	-874.63675	0.00000	-0.21343
-123063.07879	87325.33224	137.00000	150802.51283	-115.11591	0.00000	0.08657	150800.00000	-874.71125	0.00000	-0.21343
-123079.41910	87336.86479	137.00000	150822.51294	-115.08569	0.00000	0.08657	150820.00000	-874.78575	0.00000	-0.21343
-123095.75941	87348.39735	137.00000	150842.51306	-115.05547	0.00000	0.08657	150840.00000	-874.86025	0.00000	-0.21343
-123112.09972	87359.92990	137.00000	150862.51318	-115.02525	0.00000	0.08657	150860.00000	-874.93475	0.00000	-0.21343
-123128.44003	87371.46246	137.00000	150882.51329	-114.99503	0.00000	0.08657	150880.00000	-875.00925	0.00000	-0.21343
-123144.78034	87382.99502	137.00000	150902.51341	-114.96481	0.00000	0.08657	150900.00000	-875.08375	0.00000	-0.21343
-123161.12065	87394.52757	137.00000	150922.51352	-114.93459	0.00000	0.08657	150920.00000	-875.15825	0.00000	-0.21343
-123177.46095	87406.06013	137.00000	150942.51364	-114.90437	0.00000	0.08657	150940.00000	-875.23275	0.00000	-0.21343
-123193.80126	87417.59268	137.00000	150962.51375	-114.87415	0.00000	0.08657	150960.00000	-875.30725	0.00000	-0.21343
-123210.14157	87429.12524	137.00000	150982.51387	-114.84393	0.00000	0.08657	150980.00000	-875.38175	0.00000	-0.21343
-123226.48188	87440.65779	137.00000	151002.51399	-114.81371	0.00000	0.08657	151000.00000	-875.45625	0.00000	-0.21343
-123242.82219	87452.19035	137.00000	151022.51410	-114.78349	0.00000	0.08657	151020.00000	-875.53075	0.00000	-0.21343
-123259.16250	87463.72290	137.00000	151042.51422	-114.75327	0.00000	0.08657	151040.00000	-875.60525	0.00000	-0.21343
-123275.50281	87475.25546	137.00000	151062.51433	-114.72305	0.00000	0.08657	151060.00000	-875.67975	0.00000	-0.21343
-123291.84312	87486.78802	137.00000	151082.51445	-114.69283	0.00000	0.08657	151080.00000	-875.75425	0.00000	-0.21343
-123308.18343	87498.32057	137.00000	151102.51457	-114.66261	0.00000	0.08657	151100.00000	-875.82875	0.00000	-0.21343
-123324.52374	87509.85313	137.00000	151122.51468	-114.63239	0.00000	0.08657	151120.00000	-875.90325	0.00000	-0.21343
-123340.86405	87521.38568	137.00000	151142.51480	-114.60217	0.00000	0.08657	151140.00000	-875.97775	0.00000	-0.21343
-123357.20436	87532.91824	137.00000	151162.51491	-114.57195	0.00000	0.08657	151160.00000	-876.05225	0.00000	-0.21343
-123373.54467	87544.45079	137.00000	151182.51503	-114.54173	0.00000	0.08657	151180.00000	-876.12675	0.00000	-0.21343
-123389.88498	87555.98335	137.00000	151202.51515	-114.51151	0.00000	0.08657	151200.00000	-876.20125	0.00000	-0.21343
-123406.22529	87567.51590	137.00000	151222.51526	-114.48129	0.00000	0.08657	151220.00000	-876.27575	0.00000	-0.21343
-123422.56560	87579.04846	137.00000	151242.51538	-114.45107	0.00000	0.08657	151240.00000	-876.35025	0.00000	-0.21343
-123438.90591	87590.58102	137.00000	151262.51549	-114.42085	0.00000	0.08657	151260.00000	-876.42475	0.00000	-0.21343
-123455.24622	87602.11357	137.00000	151282.51561	-114.39063	0.00000	0.08657	151280.00000	-876.49925	0.00000	-0.21343
-123471.58652	87613.64613	137.00000	151302.51573	-114.36041	0.00000	0.08657	151300.00000	-876.57375	0.00000	-0.21343
-123487.92683	87625.17868	137.00000	151322.51584	-114.33019	0.00000	0.08657	151320.00000	-876.64825	0.00000	-0.21343
-123504.26714	87636.71124	137.00000	151342.51596	-114.29997	0.00000	0.08657	151340.00000	-876.72275	0.00000	-0.21343
-123520.60745	87648.24379	137.00000	151362.51607	-114.26975	0.00000	0.08657	151360.00000	-876.79725	0.00000	-0.21343
-123536.94776	87659.77635	137.00000	151382.51619	-114.23953	0.00000	0.08657	151380.00000	-876.87175	0.00000	-0.21343
-123553.28807	87671.30890	137.00000	151402.51631	-114.20930	0.00000	0.08657	151400.00000	-876.94625	0.00000	-0.21343
-123569.62838	87682.84146	137.00000	151422.51642	-114.17908	0.00000	0.08657	151420.00000	-877.02075	0.00000	-0.21343
-123585.96869	87694.37402	137.00000	151442.51654	-114.14886	0.00000	0.08657	151440.00000	-877.09525	0.00000	-0.21343
-123602.30900	87705.90657	137.00000	151462.51665	-114.11864	0.00000	0.08657	151460.00000	-877.16975	0.00000	-0.21343
-123618.64931	87717.43913	137.00000	151482.51677	-114.08842	0.00000	0.08657	151480.00000	-877.24425	0.00000	-0.21343
-123634.98962	87728.97168	137.00000	151502.51688	-114.05820	0.00000	0.08657	151500.00000	-877.31875	0.00000	-0.21343
-123651.32993	87740.50424	137.00000	151522.51700	-114.02798	0.00000	0.08657	151520.00000	-877.39325	0.00000	-0.21343
-123667.67024	87752.03679	137.00000	151542.51712	-113.99776	0.00000	0.08657	151540.00000	-877.46775	0.00000	-0.21343
-123684.01055	87763.56935	137.00000	151562.51723	-113.96754	0.00000	0.08657	151560.00000	-877.54225	0.00000	-0.21343
-123700.35086	87775.10190	137.00000	151582.51735	-113.93732	0.00000	0.08657	151580.00000	-877.61675	0.00000	-0.21343
-123716.69117	87786.63446	137.00000	151602.51746	-113.90710	0.00000	0.08657	151600.00000	-877.69125	0.00000	-0.21343
-123733.03148	87798.16702	137.00000	151622.51758	-113.87688	0.00000	0.08657	151620.00000	-877.76575	0.00000	-0.21343
-123749.37178	87809.69957	137.00000	151642.51770	-113.84666	0.00000	0.08657	151640.00000	-877.84025	0.00000	-0.21343
-123765.71209	87821.23213	137.00000	151662.51781	-113.81644	0.00000	0.08657	151660.00000	-877.91475	0.00000	-0.21343
-123782.05240	87832.76468	137.00000	151682.51793	-113.78622	0.00000	0.08657	151680.00000	-877.98925	0.00000	-0.21343
-123798.39271	87844.29724	137.00000	151702.51804	-113.75600	0.00000	0.08657	151700.00000	-878.06375	0.00000	-0.21343
-123814.73302	87855.82979	137.00000	151722.51816	-113.72578	0.00000	0.08657	151720.00000	-878.13825	0.00000	-0.21343
-123831.07333	87867.36235	137.00000	151742.51828	-113.69556	0.00000	0.08657	151740.00000	-878.21275	0.00000	-0.21343
-123847.41364	87878.89490	137.00000	151762.51839	-113.66534	0.00000	0.08657	151760.00000	-878.28725	0.00000	-0.21343
-123863.75395	87890.42746	137.00000	151782.51851	-113.63512	0.00000	0.08657	151780.00000	-878.36175	0.00000	-0.21343
-123880.09426	87901.96002	137.00000	151802.51862	-113.60490	0.00000	0.08657	151800.00000	-878.43625	0.00000	-0.21343
-123896.43457	87913.49257	137.00000	151822.51874	-113.57468	0.00000	0.08657	151820.00000	-878.51075	0.00000	-0.21343
-123912.77488	87925.02513	137.00000	151842.51886	-113.54446	0.00000	0.08657	151840.00000	-878.58525	0.00000	-0.21343
-123929.11519	87936.55768	137.00000	151862.51897	-113.51424	0.00000	0.08657	151860.00000	-878.65975	0.00000	-0.21343
-123945.45550	87948.09024	137.00000	151882.51909	-113.48402	0.00000	0.08657	151880.00000	-878.73425	0.00000	-0.21343
-123961.79581	87959.62279	137.00000	151902.51920	-113.45380	0.00000	0.08657	151900.00000	-878.80875	0.00000	-0.21343
-123978.13612	87971.15535	137.00000	151922.51932	-113.42358	0.00000	0.08657	151920.00000	-878.88325	0.00000	-0.21343
-123994.47643	87982.68790	137.00000	151942.51944	-113.39336	0.00000	0.08657	151940.00000	-878.95775	0.00000	-0.21343
-124010.81674	87994.22046	137.00000	151962.51955	-113.36314	0.00000	0.08657	151960.00000	-879.03225	0.00000	-0.21343
-124027.15705	88005.75302	137.00000	151982.51967	-113.33292	0.00000	0.08657	151980.00000	-879.10675	0.00000	-0.21343
-124043.49735	88017.28557	137.00000	152002.51978	-113.30270	0.00000	0.08657	152000.00000	-879.18125	0.00000	-0.21343
-124059.83766	88028.81813	137.00000	152022.51990	-113.27248	0.00000	0.08657	152020.00000	-879.25575	0.00000	-0.21343
-124076.17797	88040.35068	137.00000	152042.52001	-113.24226	0.00000	0.08657	152040.00000	-879.33025	0.00000	-0.21343
-124092.51828	88051.88324	137.00000	152062.52013	-113.21204	0.00000	0.08657	152060.00000	-879.40475	0.00000	-0.21343
-124108.85859	88063.41579	137.00000	152082.52025	-113.18181	0.00000	0.08657	152080.00000	-879.47925	0.00000	-0.21343
-124125.19890	88074.94835	137.00000	152102.52036	-113.15159	0.00000	0.08657	152100.00000	-879.55375	0.00000	-0.21343
-124141.53921	88086.48090	137.00000	152122.52048	-113.12137	0.00000	0.08657	152120.00000	-879.62825	0.00000	-0.21343
-124157.87952	88098.01346	137.00000	152142.52059	-113.09115	0.00000	0.08657	152140.00000	-879.70275	0.00000	-0.21343
-124174.21983	88109.54602	137.00000	152162.52071	-113.06093	0.00000	0.08657	152160.00000	-879.77725	0.00000	-0.21343
-124190.56014	88121.07857	137.00000	152182.52083	-113.03071	0.00000	0.08657	152180.00000	-879.85175	0.00000	-0.21343
-124206.90045	88132.61113	137.00000	152202.52094	-113.00049	0.00000	0.08657	152200.00000	-879.92625	0.00000	-0.21343
-124223.24076	88144.14368	137.00000	152222.52106	-112.97027	0.00000	0.08657	152220.00000	-880.00075	0.00000	-0.21343
-124239.58107	88155.67624	137.00000	152242.52117	-112.94005	0.00000	0.08657	152240.00000	-880.07525	0.00000	-0.21343
-124255.92138	88167.20879	137.00000	152262.52129	-112.90983	0.00000	0.08657	152260.00000	-880.14975	0.00000	-0.21343
-124272.26169	88178.74135	137.00000	152282.52141	-112.87961	0.00000	0.08657	152280.00000	-880.22425	0.00000	-0.21343
-124288.60200	88190.27390	137.00000	152302.52152	-112.84939	0.00000	0.08657	152300.00000	-880.29875	0.00000	-0.21343
-124304.94231	88201.80646	137.00000	152322.52164	-112.81917	0.00000	0.08657	152320.00000	-880.37325	0.00000	-0.21343
-124321.28262	88213.33902	137.00000	152342.52175	-112.78895	0.00000	0.08657	152340.00000	-880.44775	0.00000	-0.21343
-124337.62292	88224.87157	137.00000	152362.52187	-112.75873	0.00000	0.08657	152360.00000	-880.52225	0.00000	-0.21343
-124353.96323	88236.40413	137.00000	152382.52199	-112.72851	0.00000	0.08657	152380.00000	-880.59675	0.00000	-0.21343
-124370.30354	88247.93668	137.00000	152402.52210	-112.69829	0.00000	0.08657	152400.00000	-880.67125	0.00000	-0.21343
-124386.64385	88259.46924	137.00000	152422.52222	-112.66807	0.00000	0.08657	152420.00000	-880.74575	0.00000	-0.21343
-124402.98416	88271.00179	137.00000	152442.52233	-112.63785	0.00000	0.08657	152440.00000	-880.82025	0.00000	-0.21343
-124419.32447	88282.53435	137.00000	152462.52245	-112.60763	0.00000	0.08657	152460.00000	-880.89475	0.00000	-0.21343
-124435.66478	88294.06690	137.00000	152482.52257	-112.57741	0.00000	0.08657	152480.00000	-880.96925	0.00000	-0.21343
-124452.00509	88305.59946	137.00000	152502.52268	-112.54719	0.00000	0.08657	152500.00000	-881.04375	0.00000	-0.21343
-124468.34540	88317.13202	137.00000	152522.52280	-112.51697	0.00000	0.08657	152520.00000	-881.11825	0.00000	-0.21343
-124484.68571	88328.66457	137.00000	152542.52291	-112.48675	0.00000	0.08657	152540.00000	-881.19275	0.00000	-0.21343
-124501.02602	88340.19713	137.00000	152562.52303	-112.45653	0.00000	0.08657	152560.00000	-881.26725	0.00000	-0.21343
-124517.36633	88351.72968	137.00000	152582.52314	-112.42631	0.00000	0.08657	152580.00000	-881.34175	0.00000	-0.21343
-124533.70664	88363.26224	137.00000	152602.52326	-112.39609	0.00000	0.08657	152600.00000	-881.41625	0.00000	-0.21343
-124550.04695	88374.79479	137.00000	152622.52338	-112.36587	0.00000	0.08657	152620.00000	-881.49075	0.00000	-0.21343
-124566.38726	88386.32735	137.00000	152642.52349	-112.33565	0.00000	0.08657	152640.00000	-881.56525	0.00000	-0.21343
-124582.72757	88397.85990	137.00000	152662.52361	-112.30543	0.00000	0.08657	152660.00000	-881.63975	0.00000	-0.21343
-124599.06788	88409.39246	137.00000	152682.52372	-112.27521	0.00000	0.08657	152680.00000	-881.71425	0.00000	-0.21343
-124615.40819	88420.92502	137.00000	152702.52384	-112.24499	0.00000	0.08657	152700.00000	-881.78875	0.00000	-0.21343
-124631.74849	88432.45757	137.00000	152722.52396	-112.21477	0.00000	0.08657	152720.00000	-881.86325	0.00000	-0.21343
-124648.08880	88443.99013	137.00000	152742.52407	-112.18455	0.00000	0.08657	152740.00000	-881.93775	0.00000	-0.21343
-124664.42911	88455.52268	137.00000	152762.52419	-112.15432	0.00000	0.08657	152760.00000	-882.01225	0.00000	-0.21343
-124680.76942	88467.05524	137.00000	152782.52430	-112.12410	0.00000	0.08657	152780.00000	-882.08675	0.00000	-0.21343
-124697.10973	88478.58779	137.00000	152802.52442	-112.09388	0.00000	0.08657	152800.00000	-882.16125	0.00000	-0.21343
-124713.45004	88490.12035	137.00000	152822.52454	-112.06366	0.00000	0.08657	152820.00000	-882.23575	0.00000	-0.21343
-124729.79035	88501.65290	137.00000	152842.52465	-112.03344	0.00000	0.08657	152840.00000	-882.31025	0.00000	-0.21343
-124746.13066	88513.18546	137.00000	152862.52477	-112.00322	0.00000	0.08657	152860.00000	-882.38475	0.00000	-0.21343
-124762.47097	88524.71802	137.00000	152882.52488	-111.97300	0.00000	0.08657	152880.00000	-882.45925	0.00000	-0.21343
-124778.81128	88536.25057	137.00000	152902.52500	-111.94278	0.00000	0.08657	152900.00000	-882.53375	0.00000	-0.21343
-124795.15159	88547.78313	137.00000	152922.52512	-111.91256	0.00000	0.08657	152920.00000	-882.60825	0.00000	-0.21343
-124811.49190	88559.31568	137.00000	152942.52523	-111.88234	0.00000	0.08657	152940.00000	-882.68275	0.00000	-0.21343
-124827.83221	88570.84824	137.00000	152962.52535	-111.85212	0.00000	0.08657	152960.00000	-882.75725	0.00000	-0.21343
-124844.17252	88582.38079	137.00000	152982.52546	-111.82190	0.00000	0.08657	152980.00000	-882.83175	0.00000	-0.21343
-124860.51283	88593.91335	137.00000	153002.52558	-111.79168	0.00000	0.08657	153000.00000	-882.90625	0.00000	-0.21343
-124876.85314	88605.44590	137.00000	153022.52569	-111.76146	0.00000	0.08657	153020.00000	-882.98075	0.00000	-0.21343
-124893.19345	88616.97846	137.00000	153042.52581	-111.73124	0.00000	0.08657	153040.00000	-883.05525	0.00000	-0.21343
-124909.53376	88628.51102	137.00000	153062.52593	-111.70102	0.00000	0.08657	153060.00000	-883.12975	0.00000	-0.21343
-124925.87406	88640.04357	137.00000	153082.52604	-111.67080	0.00000	0.08657	153080.00000	-883.20425	0.00000	-0.21343
-124942.21437	88651.57613	137.00000	153102.52616	-111.64058	0.00000	0.08657	153100.00000	-883.27875	0.00000	-0.21343
-124958.55468	88663.10868	137.00000	153122.52627	-111.61036	0.00000	0.08657	153120.00000	-883.35325	0.00000	-0.21343
-124974.89499	88674.64124	137.00000	153142.52639	-111.58014	0.00000	0.08657	153140.00000	-883.42775	0.00000	-0.21343
-124991.23530	88686.17379	137.00000	153162.52651	-111.54992	0.00000	0.08657	153160.00000	-883.50225	0.00000	-0.21343
-125007.57561	88697.70635	137.00000	153182.52662	-111.51970	0.00000	0.08657	153180.00000	-883.57675	0.00000	-0.21343
-125023.91592	88709.23890	137.00000	153202.52674	-111.48948	0.00000	0.08657	153200.00000	-883.65125	0.00000	-0.21343
-125040.25623	88720.77146	137.00000	153222.52685	-111.45926	0.00000	0.08657	153220.00000	-883.72575	0.00000	-0.21343
-125056.59654	88732.30402	137.00000	153242.52697	-111.42904	0.00000	0.08657	153240.00000	-883.80025	0.00000	-0.21343
-125072.93685	88743.83657	137.00000	153262.52709	-111.39882	0.00000	0.08657	153260.00000	-883.87475	0.00000	-0.21343
-125089.27716	88755.36913	137.00000	153282.52720	-111.36860	0.00000	0.08657	153280.00000	-883.94925	0.00000	-0.21343
-125105.61747	88766.90168	137.00000	153302.52732	-111.33838	0.00000	0.08657	153300.00000	-884.02375	0.00000	-0.21343
-125121.95778	88778.43424	137.00000	153322.52743	-111.30816	0.00000	0.08657	153320.00000	-884.09825	0.00000	-0.21343
-125138.29809	88789.96679	137.00000	153342.52755	-111.27794	0.00000	0.08657	153340.00000	-884.17275	0.00000	-0.21343
-125154.63840	88801.49935	137.00000	153362.52767	-111.24772	0.00000	0.08657	153360.00000	-884.24725	0.00000	-0.21343
-125170.97871	88813.03190	137.00000	153382.52778	-111.21750	0.00000	0.08657	153380.00000	-884.32175	0.00000	-0.21343
-125187.31902	88824.56446	137.00000	153402.52790	-111.18728	0.00000	0.08657	153400.00000	-884.39625	0.00000	-0.21343
-125203.65933	88836.09702	137.00000	153422.52801	-111.15705	0.00000	0.08657	153420.00000	-884.47075	0.00000	-0.21343
-125219.99963	88847.62957	137.00000	153442.52813	-111.12683	0.00000	0.08657	153440.00000	-884.54525	0.00000	-0.21343
-125236.33994	88859.16213	137.00000	153462.52825	-111.09661	0.00000	0.08657	153460.00000	-884.61975	0.00000	-0.21343
-125252.68025	88870.69468	137.00000	153482.52836	-111.06639	0.00000	0.08657	153480.00000	-884.69425	0.00000	-0.21343
-125269.02056	88882.22724	137.00000	153502.52848	-111.03617	0.00000	0.08657	153500.00000	-884.76875	0.00000	-0.21343
-125285.36087	88893.75979	137.00000	153522.52859	-111.00595	0.00000	0.08657	153520.00000	-884.84325	0.00000	-0.21343
-125301.70118	88905.29235	137.00000	153542.52871	-110.97573	0.00000	0.08657	153540.00000	-884.91775	0.00000	-0.21343
-125318.04149	88916.82490	137.00000	153562.52882	-110.94551	0.00000	0.08657	153560.00000	-884.99225	0.00000	-0.21343
-125334.38180	88928.35746	137.00000	153582.52894	-110.91529	0.00000	0.08657	153580.00000	-885.06675	0.00000	-0.21343
-125350.72211	88939.89002	137.00000	153602.52906	-110.88507	0.00000	0.08657	153600.00000	-885.14125	0.00000	-0.21343
-125367.06242	88951.42257	137.00000	153622.52917	-110.85485	0.00000	0.08657	153620.00000	-885.21575	0.00000	-0.21343
-125383.40273	88962.95513	137.00000	153642.52929	-110.82463	0.00000	0.08657	153640.00000	-885.29025	0.00000	-0.21343
-125399.74304	88974.48768	137.00000	153662.52940	-110.79441	0.00000	0.08657	153660.00000	-885.36475	0.00000	-0.21343
-125416.08335	88986.02024	137.00000	153682.52952	-110.76419	0.00000	0.08657	153680.00000	-885.43925	0.00000	-0.21343
-125432.42366	88997.55279	137.00000	153702.52964	-110.73397	0.00000	0.08657	153700.00000	-885.51375	0.00000	-0.21343
-125448.76397	89009.08535	137.00000	153722.52975	-110.70375	0.00000	0.08657	153720.00000	-885.58825	0.00000	-0.21343
-125465.10428	89020.61790	137.00000	153742.52987	-110.67353	0.00000	0.08657	153740.00000	-885.66275	0.00000	-0.21343
-125481.44459	89032.15046	137.00000	153762.52998	-110.64331	0.00000	0.08657	153760.00000	-885.73725	0.00000	-0.21343
-125497.78490	89043.68302	137.00000	153782.53010	-110.61309	0.00000	0.08657	153780.00000	-885.81175	0.00000	-0.21343
-125514.12520	89055.21557	137.00000	153802.53022	-110.58287	0.00000	0.08657	153800.00000	-885.88625	0.00000	-0.21343
-125530.46551	89066.74813	137.00000	153822.53033	-110.55265	0.00000	0.08657	153820.00000	-885.96075	0.00000	-0.21343
-125546.80582	89078.28068	137.00000	153842.53045	-110.52243	0.00000	0.08657	153840.00000	-886.03525	0.00000	-0.21343
-125563.14613	89089.81324	137.00000	153862.53056	-110.49221	0.00000	0.08657	153860.00000	-886.10975	0.00000	-0.21343
-125579.48644	89101.34579	137.00000	153882.53068	-110.46199	0.00000	0.08657	153880.00000	-886.18425	0.00000	-0.21343
-125595.82675	89112.87835	137.00000	153902.53080	-110.43177	0.00000	0.08657	153900.00000	-886.25875	0.00000	-0.21343
-125612.16706	89124.41090	137.00000	153922.53091	-110.40155	0.00000	0.08657	153920.00000	-886.33325	0.00000	-0.21343
-125628.50737	89135.94346	137.00000	153942.53103	-110.37133	0.00000	0.08657	153940.00000	-886.40775	0.00000	-0.21343
-125644.84768	89147.47602	137.00000	153962.53114	-110.34111	0.00000	0.08657	153960.00000	-886.48225	0.00000	-0.21343
-125661.18799	89159.00857	137.00000	153982.53126	-110.31089	0.00000	0.08657	153980.00000	-886.55675	0.00000	-0.21343
-125677.52830	89170.54113	137.00000	154002.53138	-110.28067	0.00000	0.08657	154000.00000	-886.63125	0.00000	-0.21343
-125693.86861	89182.07368	137.00000	154022.53149	-110.25045	0.00000	0.08657	154020.00000	-886.70575	0.00000	-0.21343
-125710.20892	89193.60624	137.00000	154042.53161	-110.22023	0.00000	0.08657	154040.00000	-886.78025	0.00000	-0.21343
-125726.54923	89205.13879	137.00000	154062.53172	-110.19001	0.00000	0.08657	154060.00000	-886.85475	0.00000	-0.21343
-125742.88954	89216.67135	137.00000	154082.53184	-110.15979	0.00000	0.08657	154080.00000	-886.92925	0.00000	-0.21343
-125759.22985	89228.20390	137.00000	154102.53195	-110.12956	0.00000	0.08657	154100.00000	-887.00375	0.00000	-0.21343
-125775.57016	89239.73646	137.00000	154122.53207	-110.09934	0.00000	0.08657	154120.00000	-887.07825	0.00000	-0.21343
-125791.91047	89251.26902	137.00000	154142.53219	-110.06912	0.00000	0.08657	154140.00000	-887.15275	0.00000	-0.21343
-125808.25077	89262.80157	137.00000	154162.53230	-110.03890	0.00000	0.08657	154160.00000	-887.22725	0.00000	-0.21343
-125824.59108	89274.33413	137.00000	154182.53242	-110.00868	0.00000	0.08657	154180.00000	-887.30175	0.00000	-0.21343
-125840.93139	89285.86668	137.00000	154202.53253	-109.97846	0.00000	0.08657	154200.00000	-887.37625	0.00000	-0.21343
-125857.27170	89297.39924	137.00000	154222.53265	-109.94824	0.00000	0.08657	154220.00000	-887.45075	0.00000	-0.21343
-125873.61201	89308.93179	137.00000	154242.53277	-109.91802	0.00000	0.08657	154240.00000	-887.52525	0.00000	-0.21343
-125889.95232	89320.46435	137.00000	154262.53288	-109.88780	0.00000	0.08657	154260.00000	-887.59975	0.00000	-0.21343
-125906.29263	89331.99690	137.00000	154282.53300	-109.85758	0.00000	0.08657	154280.00000	-887.67425	0.00000	-0.21343
-125922.63294	89343.52946	137.00000	154302.53311	-109.82736	0.00000	0.08657	154300.00000	-887.74875	0.00000	-0.21343
-125938.97325	89355.06202	137.00000	154322.53323	-109.79714	0.00000	0.08657	154320.00000	-887.82325	0.00000	-0.21343
-125955.31356	89366.59457	137.00000	154342.53335	-109.76692	0.00000	0.08657	154340.00000	-887.89775	0.00000	-0.21343
-125971.65387	89378.12713	137.00000	154362.53346	-109.73670	0.00000	0.08657	154360.00000	-887.97225	0.00000	-0.21343
-125987.99418	89389.65968	137.00000	154382.53358	-109.70648	0.00000	0.08657	154380.00000	-888.04675	0.00000	-0.21343
-126004.33449	89401.19224	137.00000	154402.53369	-109.67626	0.00000	0.08657	154400.00000	-888.12125	0.00000	-0.21343
-126020.67480	89412.72479	137.00000	154422.53381	-109.64604	0.00000	0.08657	154420.00000	-888.19575	0.00000	-0.21343
-126037.01511	89424.25735	137.00000	154442.53393	-109.61582	0.00000	0.08657	154440.00000	-888.27025	0.00000	-0.21343
-126053.35542	89435.78990	137.00000	154462.53404	-109.58560	0.00000	0.08657	154460.00000	-888.34475	0.00000	-0.21343
-126069.69573	89447.32246	137.00000	154482.53416	-109.55538	0.00000	0.08657	154480.00000	-888.41925	0.00000	-0.21343
-126086.03604	89458.85502	137.00000	154502.53427	-109.52516	0.00000	0.08657	154500.00000	-888.49375	0.00000	-0.21343
-126102.37634	89470.38757	137.00000	154522.53439	-109.49494	0.00000	0.08657	154520.00000	-888.56825	0.00000	-0.21343
-126118.71665	89481.92013	137.00000	154542.53451	-109.46472	0.00000	0.08657	154540.00000	-888.64275	0.00000	-0.21343
-126135.05696	89493.45268	137.00000	154562.53462	-109.43450	0.00000	0.08657	154560.00000	-888.71725	0.00000	-0.21343
-126151.39727	89504.98524	137.00000	154582.53474	-109.40428	0.00000	0.08657	154580.00000	-888.79175	0.00000	-0.21343
-126167.73758	89516.51779	137.00000	154602.53485	-109.37406	0.00000	0.08657	154600.00000	-888.86625	0.00000	-0.21343
-126184.07789	89528.05035	137.00000	154622.53497	-109.34384	0.00000	0.08657	154620.00000	-888.94075	0.00000	-0.21343
-126200.41820	89539.58290	137.00000	154642.53508	-109.31362	0.00000	0.08657	154640.00000	-889.01525	0.00000	-0.21343
-126216.75851	89551.11546	137.00000	154662.53520	-109.28340	0.00000	0.08657	154660.00000	-889.08975	0.00000	-0.21343
-126233.09882	89562.64802	137.00000	154682.53532	-109.25318	0.00000	0.08657	154680.00000	-889.16425	0.00000	-0.21343
-126249.43913	89574.18057	137.00000	154702.53543	-109.22296	0.00000	0.08657	154700.00000	-889.23875	0.00000	-0.21343
-126265.77944	89585.71313	137.00000	154722.53555	-109.19274	0.00000	0.08657	154720.00000	-889.31325	0.00000	-0.21343
-126282.11975	89597.24568	137.00000	154742.53566	-109.16252	0.00000	0.08657	154740.00000	-889.38775	0.00000	-0.21343
-126298.46006	89608.77824	137.00000	154762.53578	-109.13229	0.00000	0.08657	154760.00000	-889.46225	0.00000	-0.21343
-126314.80037	89620.31079	137.00000	154782.53590	-109.10207	0.00000	0.08657	154780.00000	-889.53675	0.00000	-0.21343
-126331.14068	89631.84335	137.00000	154802.53601	-109.07185	0.00000	0.08657	154800.00000	-889.61125	0.00000	-0.21343
-126347.48099	89643.37590	137.00000	154822.53613	-109.04163	0.00000	0.08657	154820.00000	-889.68575	0.00000	-0.21343
-126363.82130	89654.90846	137.00000	154842.53624	-109.01141	0.00000	0.08657	154840.00000	-889.76025	0.00000	-0.21343
-126380.16161	89666.44102	137.00000	154862.53636	-108.98119	0.00000	0.08657	154860.00000	-889.83475	0.00000	-0.21343
-126396.50191	89677.97357	137.00000	154882.53648	-108.95097	0.00000	0.08657	154880.00000	-889.90925	0.00000	-0.21343
-126412.84222	89689.50613	137.00000	154902.53659	-108.92075	0.00000	0.08657	154900.00000	-889.98375	0.00000	-0.21343
-126429.18253	89701.03868	137.00000	154922.53671	-108.89053	0.00000	0.08657	154920.00000	-890.05825	0.00000	-0.21343
-126445.52284	89712.57124	137.00000	154942.53682	-108.86031	0.00000	0.08657	154940.00000	-890.13275	0.00000	-0.21343
-126461.86315	89724.10379	137.00000	154962.53694	-108.83009	0.00000	0.08657	154960.00000	-890.20725	0.00000	-0.21343
-126478.20346	89735.63635	137.00000	154982.53706	-108.79987	0.00000	0.08657	154980.00000	-890.28175	0.00000	-0.21343
-126494.54377	89747.16890	137.00000	155002.53717	-108.76965	0.00000	0.08657	155000.00000	-890.35625	0.00000	-0.21343
-126510.88408	89758.70146	137.00000	155022.53729	-108.73943	0.00000	0.08657	155020.00000	-890.43075	0.00000	-0.21343
-126527.22439	89770.23402	137.00000	155042.53740	-108.70921	0.00000	0.08657	155040.00000	-890.50525	0.00000	-0.21343
-126543.56470	89781.76657	137.00000	155062.53752	-108.67899	0.00000	0.08657	155060.00000	-890.57975	0.00000	-0.21343
-126559.90501	89793.29913	137.00000	155082.53764	-108.64877	0.00000	0.08657	155080.00000	-890.65425	0.00000	-0.21343
-126576.24532	89804.83168	137.00000	155102.53775	-108.61855	0.00000	0.08657	155100.00000	-890.72875	0.00000	-0.21343
-126592.58563	89816.36424	137.00000	155122.53787	-108.58833	0.00000	0.08657	155120.00000	-890.80325	0.00000	-0.21343
-126608.92594	89827.89679	137.00000	155142.53798	-108.55811	0.00000	0.08657	155140.00000	-890.87775	0.00000	-0.21343
-126625.26625	89839.42935	137.00000	155162.53810	-108.52789	0.00000	0.08657	155160.00000	-890.95225	0.00000	-0.21343
-126641.60656	89850.96190	137.00000	155182.53821	-108.49767	0.00000	0.08657	155180.00000	-891.02675	0.00000	-0.21343
-126657.94687	89862.49446	137.00000	155202.53833	-108.46745	0.00000	0.08657	155200.00000	-891.10125	0.00000	-0.21343
-126674.28717	89874.02702	137.00000	155222.53845	-108.43723	0.00000	0.08657	155220.00000	-891.17575	0.00000	-0.21343
-126690.62748	89885.55957	137.00000	155242.53856	-108.40701	0.00000	0.08657	155240.00000	-891.25025	0.00000	-0.21343
-126706.96779	89897.09213	137.00000	155262.53868	-108.37679	0.00000	0.08657	155260.00000	-891.32475	0.00000	-0.21343
-126723.30810	89908.62468	137.00000	155282.53879	-108.34657	0.00000	0.08657	155280.00000	-891.39925	0.00000	-0.21343
-126739.64841	89920.15724	137.00000	155302.53891	-108.31635	0.00000	0.08657	155300.00000	-891.47375	0.00000	-0.21343
-126755.98872	89931.68979	137.00000	155322.53903	-108.28613	0.00000	0.08657	155320.00000	-891.54825	0.00000	-0.21343
-126772.32903	89943.22235	137.00000	155342.53914	-108.25591	0.00000	0.08657	155340.00000	-891.62275	0.00000	-0.21343
-126788.66934	89954.75490	137.00000	155362.53926	-108.22569	0.00000	0.08657	155360.00000	-891.69725	0.00000	-0.21343
-126805.00965	89966.28746	137.00000	155382.53937	-108.19547	0.00000	0.08657	155380.00000	-891.77175	0.00000	-0.21343
-126821.34996	89977.82002	137.00000	155402.53949	-108.16525	0.00000	0.08657	155400.00000	-891.84625	0.00000	-0.21343
-126837.69027	89989.35257	137.00000	155422.53961	-108.13503	0.00000	0.08657	155420.00000	-891.92075	0.00000	-0.21343
-126854.03058	90000.88513	137.00000	155442.53972	-108.10480	0.00000	0.08657	155440.00000	-891.99525	0.00000	-0.21343
-126870.37089	90012.41768	137.00000	155462.53984	-108.07458	0.00000	0.08657	155460.00000	-892.06975	0.00000	-0.21343
-126886.71120	90023.95024	137.00000	155482.53995	-108.04436	0.00000	0.08657	155480.00000	-892.14425	0.00000	-0.21343
-126903.05151	90035.48279	137.00000	155502.54007	-108.01414	0.00000	0.08657	155500.00000	-892.21875	0.00000	-0.21343
-126919.39182	90047.01535	137.00000	155522.54019	-107.98392	0.00000	0.08657	155520.00000	-892.29325	0.00000	-0.21343
-126935.73213	90058.54790	137.00000	155542.54030	-107.95370	0.00000	0.08657	155540.00000	-892.36775	0.00000	-0.21343
-126952.07244	90070.08046	137.00000	155562.54042	-107.92348	0.00000	0.08657	155560.00000	-892.44225	0.00000	-0.21343
-126968.41274	90081.61302	137.00000	155582.54053	-107.89326	0.00000	0.08657	155580.00000	-892.51675	0.00000	-0.21343
-126984.75305	90093.14557	137.00000	155602.54065	-107.86304	0.00000	0.08657	155600.00000	-892.59125	0.00000	-0.21343
-127001.09336	90104.67813	137.00000	155622.54077	-107.83282	0.00000	0.08657	155620.00000	-892.66575	0.00000	-0.21343
-127017.43367	90116.21068	137.00000	155642.54088	-107.80260	0.00000	0.08657	155640.00000	-892.74025	0.00000	-0.21343
-127033.77398	90127.74324	137.00000	155662.54100	-107.77238	0.00000	0.08657	155660.00000	-892.81475	0.00000	-0.21343
-127050.11429	90139.27579	137.00000	155682.54111	-107.74216	0.00000	0.08657	155680.00000	-892.88925	0.00000	-0.21343
-127066.45460	90150.80835	137.00000	155702.54123	-107.71194	0.00000	0.08657	155700.00000	-892.96375	0.00000	-0.21343
-127082.79491	90162.34090	137.00000	155722.54134	-107.68172	0.00000	0.08657	155720.00000	-893.03825	0.00000	-0.21343
-127099.13522	90173.87346	137.00000	155742.54146	-107.65150	0.00000	0.08657	155740.00000	-893.11275	0.00000	-0.21343
-127115.47553	90185.40602	137.00000	155762.54158	-107.62128	0.00000	0.08657	155760.00000	-893.18725	0.00000	-0.21343
-127131.81584	90196.93857	137.00000	155782.54169	-107.59106	0.00000	0.08657	155780.00000	-893.26175	0.00000	-0.21343
-127148.15615	90208.47113	137.00000	155802.54181	-107.56084	0.00000	0.08657	155800.00000	-893.33625	0.00000	-0.21343
-127164.49646	90220.00368	137.00000	155822.54192	-107.53062	0.00000	0.08657	155820.00000	-893.41075	0.00000	-0.21343
-127180.83677	90231.53624	137.00000	155842.54204	-107.50040	0.00000	0.08657	155840.00000	-893.48525	0.00000	-0.21343
-127197.17708	90243.06879	137.00000	155862.54216	-107.47018	0.00000	0.08657	155860.00000	-893.55975	0.00000	-0.21343
-127213.51739	90254.60135	137.00000	155882.54227	-107.43996	0.00000	0.08657	155880.00000	-893.63425	0.00000	-0.21343
-127229.85770	90266.13390	137.00000	155902.54239	-107.40974	0.00000	0.08657	155900.00000	-893.70875	0.00000	-0.21343
-127246.19801	90277.66646	137.00000	155922.54250	-107.37952	0.00000	0.08657	155920.00000	-893.78325	0.00000	-0.21343
-127262.53831	90289.19902	137.00000	155942.54262	-107.34930	0.00000	0.08657	155940.00000	-893.85775	0.00000	-0.21343
-127278.87862	90300.73157	137.00000	155962.54274	-107.31908	0.00000	0.08657	155960.00000	-893.93225	0.00000	-0.21343
-127295.21893	90312.26413	137.00000	155982.54285	-107.28886	0.00000	0.08657	155980.00000	-894.00675	0.00000	-0.21343
-127311.55924	90323.79668	137.00000	156002.54297	-107.25864	0.00000	0.08657	156000.00000	-894.08125	0.00000	-0.21343
-127327.89955	90335.32924	137.00000	156022.54308	-107.22842	0.00000	0.08657	156020.00000	-894.15575	0.00000	-0.21343
-127344.23986	90346.86179	137.00000	156042.54320	-107.19820	0.00000	0.08657	156040.00000	-894.23025	0.00000	-0.21343
-127360.58017	90358.39435	137.00000	156062.54332	-107.16798	0.00000	0.08657	156060.00000	-894.30475	0.00000	-0.21343
-127376.92048	90369.92690	137.00000	156082.54343	-107.13776	0.00000	0.08657	156080.00000	-894.37925	0.00000	-0.21343
-127393.26079	90381.45946	137.00000	156102.54355	-107.10753	0.00000	0.08657	156100.00000	-894.45375	0.00000	-0.21343
-127409.60110	90392.99202	137.00000	156122.54366	-107.07731	0.00000	0.08657	156120.00000	-894.52825	0.00000	-0.21343
-127425.94141	90404.52457	137.00000	156142.54378	-107.04709	0.00000	0.08657	156140.00000	-894.60275	0.00000	-0.21343
-127442.28172	90416.05713	137.00000	156162.54390	-107.01687	0.00000	0.08657	156160.00000	-894.67725	0.00000	-0.21343
-127458.62203	90427.58968	137.00000	156182.54401	-106.98665	0.00000	0.08657	156180.00000	-894.75175	0.00000	-0.21343
-127474.96234	90439.12224	137.00000	156202.54413	-106.95643	0.00000	0.08657	156200.00000	-894.82625	0.00000	-0.21343
-127491.30265	90450.65479	137.00000	156222.54424	-106.92621	0.00000	0.08657	156220.00000	-894.90075	0.00000	-0.21343
-127507.64296	90462.18735	137.00000	156242.54436	-106.89599	0.00000	0.08657	156240.00000	-894.97525	0.00000	-0.21343
-127523.98327	90473.71990	137.00000	156262.54447	-106.86577	0.00000	0.08657	156260.00000	-895.04975	0.00000	-0.21343
-127540.32358	90485.25246	137.00000	156282.54459	-106.83555	0.00000	0.08657	156280.00000	-895.12425	0.00000	-0.21343
-127556.66388	90496.78502	137.00000	156302.54471	-106.80533	0.00000	0.08657	156300.00000	-895.19875	0.00000	-0.21343
-127573.00419	90508.31757	137.00000	156322.54482	-106.77511	0.00000	0.08657	156320.00000	-895.27325	0.00000	-0.21343
-127589.34450	90519.85013	137.00000	156342.54494	-106.74489	0.00000	0.08657	156340.00000	-895.34775	0.00000	-0.21343
-127605.68481	90531.38268	137.00000	156362.54505	-106.71467	0.00000	0.08657	156360.00000	-895.42225	0.00000	-0.21343
-127622.02512	90542.91524	137.00000	156382.54517	-106.68445	0.00000	0.08657	156380.00000	-895.49675	0.00000	-0.21343
-127638.36543	90554.44779	137.00000	156402.54529	-106.65423	0.00000	0.08657	156400.00000	-895.57125	0.00000	-0.21343
-127654.70574	90565.98035	137.00000	156422.54540	-106.62401	0.00000	0.08657	156420.00000	-895.64575	0.00000	-0.21343
-127671.04605	90577.51290	137.00000	156442.54552	-106.59379	0.00000	0.08657	156440.00000	-895.72025	0.00000	-0.21343
-127687.38636	90589.04546	137.00000	156462.54563	-106.56357	0.00000	0.08657	156460.00000	-895.79475	0.00000	-0.21343
-127703.72667	90600.57802	137.00000	156482.54575	-106.53335	0.00000	0.08657	156480.00000	-895.86925	0.00000	-0.21343
-127720.06698	90612.11057	137.00000	156502.54587	-106.50313	0.00000	0.08657	156500.00000	-895.94375	0.00000	-0.21343
-127736.40729	90623.64313	137.00000	156522.54598	-106.47291	0.00000	0.08657	156520.00000	-896.01825	0.00000	-0.21343
-127752.74760	90635.17568	137.00000	156542.54610	-106.44269	0.00000	0.08657	156540.00000	-896.09275	0.00000	-0.21343
-127769.08791	90646.70824	137.00000	156562.54621	-106.41247	0.00000	0.08657	156560.00000	-896.16725	0.00000	-0.21343
-127785.42822	90658.24079	137.00000	156582.54633	-106.38225	0.00000	0.08657	156580.00000	-896.24175	0.00000	-0.21343
-127801.76853	90669.77335	137.00000	156602.54645	-106.35203	0.00000	0.08657	156600.00000	-896.31625	0.00000	-0.21343
-127818.10884	90681.30590	137.00000	156622.54656	-106.32181	0.00000	0.08657	156620.00000	-896.39075	0.00000	-0.21343
-127834.44915	90692.83846	137.00000	156642.54668	-106.29159	0.00000	0.08657	156640.00000	-896.46525	0.00000	-0.21343
-127850.78945	90704.37102	137.00000	156662.54679	-106.26137	0.00000	0.08657	156660.00000	-896.53975	0.00000	-0.21343
-127867.12976	90715.90357	137.00000	156682.54691	-106.23115	0.00000	0.08657	156680.00000	-896.61425	0.00000	-0.21343
-127883.47007	90727.43613	137.00000	156702.54703	-106.20093	0.00000	0.08657	156700.00000	-896.68875	0.00000	-0.21343
-127899.81038	90738.96868	137.00000	156722.54714	-106.17071	0.00000	0.08657	156720.00000	-896.76325	0.00000	-0.21343
-127916.15069	90750.50124	137.00000	156742.54726	-106.14049	0.00000	0.08657	156740.00000	-896.83775	0.00000	-0.21343
-127932.49100	90762.03379	137.00000	156762.54737	-106.11027	0.00000	0.08657	156760.00000	-896.91225	0.00000	-0.21343
-127948.83131	90773.56635	137.00000	156782.54749	-106.08004	0.00000	0.08657	156780.00000	-896.98675	0.00000	-0.21343
-127965.17162	90785.09890	137.00000	156802.54760	-106.04982	0.00000	0.08657	156800.00000	-897.06125	0.00000	-0.21343
-127981.51193	90796.63146	137.00000	156822.54772	-106.01960	0.00000	0.08657	156820.00000	-897.13575	0.00000	-0.21343
-127997.85224	90808.16402	137.00000	156842.54784	-105.98938	0.00000	0.08657	156840.00000	-897.21025	0.00000	-0.21343
-128014.19255	90819.69657	137.00000	156862.54795	-105.95916	0.00000	0.08657	156860.00000	-897.28475	0.00000	-0.21343
-128030.53286	90831.22913	137.00000	156882.54807	-105.92894	0.00000	0.08657	156880.00000	-897.35925	0.00000	-0.21343
-128046.87317	90842.76168	137.00000	156902.54818	-105.89872	0.00000	0.08657	156900.00000	-897.43375	0.00000	-0.21343
-128063.21348	90854.29424	137.00000	156922.54830	-105.86850	0.00000	0.08657	156920.00000	-897.50825	0.00000	-0.21343
-128079.55379	90865.82679	137.00000	156942.54842	-105.83828	0.00000	0.08657	156940.00000	-897.58275	0.00000	-0.21343
-128095.89410	90877.35935	137.00000	156962.54853	-105.80806	0.00000	0.08657	156960.00000	-897.65725	0.00000	-0.21343
-128112.23441	90888.89190	137.00000	156982.54865	-105.77784	0.00000	0.08657	156980.00000	-897.73175	0.00000	-0.21343
-128128.57472	90900.42446	137.00000	157002.54876	-105.74762	0.00000	0.08657	157000.00000	-897.80625	0.00000	-0.21343
-128144.91502	90911.95702	137.00000	157022.54888	-105.71740	0.00000	0.08657	157020.00000	-897.88075	0.00000	-0.21343
-128161.25533	90923.48957	137.00000	157042.54900	-105.68718	0.00000	0.08657	157040.00000	-897.95525	0.00000	-0.21343
-128177.59564	90935.02213	137.00000	157062.54911	-105.65696	0.00000	0.08657	157060.00000	-898.02975	0.00000	-0.21343
-128193.93595	90946.55468	137.00000	157082.54923	-105.62674	0.00000	0.08657	157080.00000	-898.10425	0.00000	-0.21343
-128210.27626	90958.08724	137.00000	157102.54934	-105.59652	0.00000	0.08657	157100.00000	-898.17875	0.00000	-0.21343
-128226.61657	90969.61979	137.00000	157122.54946	-105.56630	0.00000	0.08657	157120.00000	-898.25325	0.00000	-0.21343
-128242.95688	90981.15235	137.00000	157142.54958	-105.53608	0.00000	0.08657	157140.00000	-898.32775	0.00000	-0.21343
-128259.29719	90992.68490	137.00000	157162.54969	-105.50586	0.00000	0.08657	157160.00000	-898.40225	0.00000	-0.21343
-128275.63750	91004.21746	137.00000	157182.54981	-105.47564	0.00000	0.08657	157180.00000	-898.47675	0.00000	-0.21343
-128291.97781	91015.75002	137.00000	157202.54992	-105.44542	0.00000	0.08657	157200.00000	-898.55125	0.00000	-0.21343
-128308.31812	91027.28257	137.00000	157222.55004	-105.41520	0.00000	0.08657	157220.00000	-898.62575	0.00000	-0.21343
-128324.65843	91038.81513	137.00000	157242.55015	-105.38498	0.00000	0.08657	157240.00000	-898.70025	0.00000	-0.21343
-128340.99874	91050.34768	137.00000	157262.55027	-105.35476	0.00000	0.08657	157260.00000	-898.77475	0.00000	-0.21343
-128357.33905	91061.88024	137.00000	157282.55039	-105.32454	0.00000	0.08657	157280.00000	-898.84925	0.00000	-0.21343
-128373.67936	91073.41279	137.00000	157302.55050	-105.29432	0.00000	0.08657	157300.00000	-898.92375	0.00000	-0.21343
-128390.01967	91084.94535	137.00000	157322.55062	-105.26410	0.00000	0.08657	157320.00000	-898.99825	0.00000	-0.21343
-128406.35998	91096.47790	137.00000	157342.55073	-105.23388	0.00000	0.08657	157340.00000	-899.07275	0.00000	-0.21343
-128422.70029	91108.01046	137.00000	157362.55085	-105.20366	0.00000	0.08657	157360.00000	-899.14725	0.00000	-0.21343
-128439.04059	91119.54302	137.00000	157382.55097	-105.17344	0.00000	0.08657	157380.00000	-899.22175	0.00000	-0.21343
-128455.38090	91131.07557	137.00000	157402.55108	-105.14322	0.00000	0.08657	157400.00000	-899.29625	0.00000	-0.21343
-128471.72121	91142.60813	137.00000	157422.55120	-105.11300	0.00000	0.08657	157420.00000	-899.37075	0.00000	-0.21343
-128488.06152	91154.14068	137.00000	157442.55131	-105.08278	0.00000	0.08657	157440.00000	-899.44525	0.00000	-0.21343
-128504.40183	91165.67324	137.00000	157462.55143	-105.05255	0.00000	0.08657	157460.00000	-899.51975	0.00000	-0.21343
-128520.74214	91177.20579	137.00000	157482.55155	-105.02233	0.00000	0.08657	157480.00000	-899.59425	0.00000	-0.21343
-128537.08245	91188.73835	137.00000	157502.55166	-104.99211	0.00000	0.08657	157500.00000	-899.66875	0.00000	-0.21343
-128553.42276	91200.27090	137.00000	157522.55178	-104.96189	0.00000	0.08657	157520.00000	-899.74325	0.00000	-0.21343
-128569.76307	91211.80346	137.00000	157542.55189	-104.93167	0.00000	0.08657	157540.00000	-899.81775	0.00000	-0.21343
-128586.10338	91223.33602	137.00000	157562.55201	-104.90145	0.00000	0.08657	157560.00000	-899.89225	0.00000	-0.21343
-128602.44369	91234.86857	137.00000	157582.55213	-104.87123	0.00000	0.08657	157580.00000	-899.96675	0.00000	-0.21343
-128618.78400	91246.40113	137.00000	157602.55224	-104.84101	0.00000	0.08657	157600.00000	-900.04125	0.00000	-0.21343
-128635.12431	91257.93368	137.00000	157622.55236	-104.81079	0.00000	0.08657	157620.00000	-900.11575	0.00000	-0.21343
-128651.46462	91269.46624	137.00000	157642.55247	-104.78057	0.00000	0.08657	157640.00000	-900.19025	0.00000	-0.21343
-128667.80493	91280.99879	137.00000	157662.55259	-104.75035	0.00000	0.08657	157660.00000	-900.26475	0.00000	-0.21343
-128684.14524	91292.53135	137.00000	157682.55271	-104.72013	0.00000	0.08657	157680.00000	-900.33925	0.00000	-0.21343
-128700.48555	91304.06390	137.00000	157702.55282	-104.68991	0.00000	0.08657	157700.00000	-900.41375	0.00000	-0.21343
-128716.82586	91315.59646	137.00000	157722.55294	-104.65969	0.00000	0.08657	157720.00000	-900.48825	0.00000	-0.21343
-128733.16616	91327.12902	137.00000	157742.55305	-104.62947	0.00000	0.08657	157740.00000	-900.56275	0.00000	-0.21343
-128749.50647	91338.66157	137.00000	157762.55317	-104.59925	0.00000	0.08657	157760.00000	-900.63725	0.00000	-0.21343
-128765.84678	91350.19413	137.00000	157782.55328	-104.56903	0.00000	0.08657	157780.00000	-900.71175	0.00000	-0.21343
-128782.18709	91361.72668	137.00000	157802.55340	-104.53881	0.00000	0.08657	157800.00000	-900.78625	0.00000	-0.21343
-128798.52740	91373.25924	137.00000	157822.55352	-104.50859	0.00000	0.08657	157820.00000	-900.86075	0.00000	-0.21343
-128814.86771	91384.79179	137.00000	157842.55363	-104.47837	0.00000	0.08657	157840.00000	-900.93525	0.00000	-0.21343
-128831.20802	91396.32435	137.00000	157862.55375	-104.44815	0.00000	0.08657	157860.00000	-901.00975	0.00000	-0.21343
-128847.54833	91407.85690	137.00000	157882.55386	-104.41793	0.00000	0.08657	157880.00000	-901.08425	0.00000	-0.21343
-128863.88864	91419.38946	137.00000	157902.55398	-104.38771	0.00000	0.08657	157900.00000	-901.15875	0.00000	-0.21343
-128880.22895	91430.92202	137.00000	157922.55410	-104.35749	0.00000	0.08657	157920.00000	-901.23325	0.00000	-0.21343
-128896.56926	91442.45457	137.00000	157942.55421	-104.32727	0.00000	0.08657	157940.00000	-901.30775	0.00000	-0.21343
-128912.90957	91453.98713	137.00000	157962.55433	-104.29705	0.00000	0.08657	157960.00000	-901.38225	0.00000	-0.21343
-128929.24988	91465.51968	137.00000	157982.55444	-104.26683	0.00000	0.08657	157980.00000	-901.45675	0.00000	-0.21343
-128945.59019	91477.05224	137.00000	158002.55456	-104.23661	0.00000	0.08657	158000.00000	-901.53125	0.00000	-0.21343
-128961.93050	91488.58479	137.00000	158022.55468	-104.20639	0.00000	0.08657	158020.00000	-901.60575	0.00000	-0.21343
-128978.27081	91500.11735	137.00000	158042.55479	-104.17617	0.00000	0.08657	158040.00000	-901.68025	0.00000	-0.21343
-128994.61112	91511.64990	137.00000	158062.55491	-104.14595	0.00000	0.08657	158060.00000	-901.75475	0.00000	-0.21343
-129010.95143	91523.18246	137.00000	158082.55502	-104.11573	0.00000	0.08657	158080.00000	-901.82925	0.00000	-0.21343
