# x_tcs	y_tcs	z_tcs	x_w2	y_w2	z_w2	x_iscs	y_iscs	z_iscs
-36.66427	113.48413	137.00000	0.00000	-30.00000	0.00000	0.00000	0.00000	0.00000
-118.57948	170.84177	137.00000	99.99863	-29.47640	0.00000	100.00000	0.00000	0.00000
-200.49468	228.19941	137.00000	199.99726	-28.95281	0.00000	200.00000	0.00000	0.00000
-282.40988	285.55706	137.00000	299.99589	-28.42921	0.00000	300.00000	0.00000	0.00000
-364.32509	342.91470	137.00000	399.99452	-27.90561	0.00000	400.00000	0.00000	0.00000
-446.24029	400.27235	137.00000	499.99315	-27.38202	0.00000	500.00000	0.00000	0.00000
-528.15550	457.62999	137.00000	599.99178	-26.85842	0.00000	600.00000	0.00000	0.00000
-610.07070	514.98763	137.00000	699.99040	-26.33483	0.00000	700.00000	0.00000	0.00000
-691.98591	572.34528	137.00000	799.98903	-25.81123	0.00000	800.00000	0.00000	0.00000
-773.90111	629.70292	137.00000	899.98766	-25.28763	0.00000	900.00000	0.00000	0.00000
-855.81632	687.06056	137.00000	999.98629	-24.76404	0.00000	1000.00000	0.00000	0.00000
-937.73152	744.41821	137.00000	1099.98492	-24.24044	0.00000	1100.00000	0.00000	0.00000
-1019.64672	801.77585	137.00000	1199.98355	-23.71684	0.00000	1200.00000	0.00000	0.00000
-1101.56193	859.13349	137.00000	1299.98218	-23.19325	0.00000	1300.00000	0.00000	0.00000
-1183.47713	916.49114	137.00000	1399.98081	-22.66965	0.00000	1400.00000	0.00000	0.00000
-1265.39234	973.84878	137.00000	1499.97944	-22.14605	0.00000	1500.00000	0.00000	0.00000
-1347.30754	1031.20643	137.00000	1599.97807	-21.62246	0.00000	1600.00000	0.00000	0.00000
-1429.22275	1088.56407	137.00000	1699.97670	-21.09886	0.00000	1700.00000	0.00000	0.00000
-1511.13795	1145.92171	137.00000	1799.97533	-20.57527	0.00000	1800.00000	0.00000	0.00000
-1593.05316	1203.27936	137.00000	1899.97396	-20.05167	0.00000	1900.00000	0.00000	0.00000
-1674.96836	1260.63700	137.00000	1999.97258	-19.52807	0.00000	2000.00000	0.00000	0.00000
-1756.88356	1317.99464	137.00000	2099.97121	-19.00448	0.00000	2100.00000	0.00000	0.00000
-1838.79877	1375.35229	137.00000	2199.96984	-18.48088	0.00000	2200.00000	0.00000	0.00000
-1920.71397	1432.70993	137.00000	2299.96847	-17.95728	0.00000	2300.00000	0.00000	0.00000
-2002.62918	1490.06757	137.00000	2399.96710	-17.43369	0.00000	2400.00000	0.00000	0.00000
-2084.54438	1547.42522	137.00000	2499.96573	-16.91009	0.00000	2500.00000	0.00000	0.00000
-2166.45959	1604.78286	137.00000	2599.96436	-16.38649	0.00000	2600.00000	0.00000	0.00000
-2248.37479	1662.14051	137.00000	2699.96299	-15.86290	0.00000	2700.00000	0.00000	0.00000
-2330.29000	1719.49815	137.00000	2799.96162	-15.33930	0.00000	2800.00000	0.00000	0.00000
-2412.20520	1776.85579	137.00000	2899.96025	-14.81570	0.00000	2900.00000	0.00000	0.00000
-2494.12040	1834.21344	137.00000	2999.95888	-14.29211	0.00000	3000.00000	0.00000	0.00000
-2576.03561	1891.57108	137.00000	3099.95751	-13.76851	0.00000	3100.00000	0.00000	0.00000
-2657.95081	1948.92872	137.00000	3199.95614	-13.24492	0.00000	3200.00000	0.00000	0.00000
-2739.86602	2006.28637	137.00000	3299.95476	-12.72132	0.00000	3300.00000	0.00000	0.00000
-2821.78122	2063.64401	137.00000	3399.95339	-12.19772	0.00000	3400.00000	0.00000	0.00000
-2903.69643	2121.00165	137.00000	3499.95202	-11.67413	0.00000	3500.00000	0.00000	0.00000
-2985.61163	2178.35930	137.00000	3599.95065	-11.15053	0.00000	3600.00000	0.00000	0.00000
-3067.52684	2235.71694	137.00000	3699.94928	-10.62693	0.00000	3700.00000	0.00000	0.00000
-3149.44204	2293.07459	137.00000	3799.94791	-10.10334	0.00000	3800.00000	0.00000	0.00000
-3231.35724	2350.43223	137.00000	3899.94654	-9.57974	0.00000	3900.00000	0.00000	0.00000
-3313.27245	2407.78987	137.00000	3999.94517	-9.05614	0.00000	4000.00000	0.00000	0.00000
-3395.18765	2465.14752	137.00000	4099.94380	-8.53255	0.00000	4100.00000	0.00000	0.00000
-3477.10286	2522.50516	137.00000	4199.94243	-8.00895	0.00000	4200.00000	0.00000	0.00000
-3559.01806	2579.86280	137.00000	4299.94106	-7.48536	0.00000	4300.00000	0.00000	0.00000
-3640.93327	2637.22045	137.00000	4399.93969	-6.96176	0.00000	4400.00000	0.00000	0.00000
-3722.84847	2694.57809	137.00000	4499.93832	-6.43816	0.00000	4500.00000	0.00000	0.00000
-3804.76367	2751.93573	137.00000	4599.93694	-5.91457	0.00000	4600.00000	0.00000	0.00000
-3886.67888	2809.29338	137.00000	4699.93557	-5.39097	0.00000	4700.00000	0.00000	0.00000
-3968.59408	2866.65102	137.00000	4799.93420	-4.86737	0.00000	4800.00000	0.00000	0.00000
-4050.50929	2924.00867	137.00000	4899.93283	-4.34378	0.00000	4900.00000	0.00000	0.00000
-4132.42449	2981.36631	137.00000	4999.93146	-3.82018	0.00000	5000.00000	0.00000	0.00000
-4214.33970	3038.72395	137.00000	5099.93009	-3.29658	0.00000	5100.00000	0.00000	0.00000
-4296.25490	3096.08160	137.00000	5199.92872	-2.77299	0.00000	5200.00000	0.00000	0.00000
-4378.17011	3153.43924	137.00000	5299.92735	-2.24939	0.00000	5300.00000	0.00000	0.00000
-4460.08531	3210.79688	137.00000	5399.92598	-1.72580	0.00000	5400.00000	0.00000	0.00000
-4542.00051	3268.15453	137.00000	5499.92461	-1.20220	0.00000	5500.00000	0.00000	0.00000
-4623.91572	3325.51217	137.00000	5599.92324	-0.67860	0.00000	5600.00000	0.00000	0.00000
-4705.83092	3382.86981	137.00000	5699.92187	-0.15501	0.00000	5700.00000	0.00000	0.00000
-4787.74613	3440.22746	137.00000	5799.92050	0.36859	0.00000	5800.00000	0.00000	0.00000
-4869.66133	3497.58510	137.00000	5899.91912	0.89219	0.00000	5900.00000	0.00000	0.00000
-4951.57654	3554.94275	137.00000	5999.91775	1.41578	0.00000	6000.00000	0.00000	0.00000
-5033.49174	3612.30039	137.00000	6099.91638	1.93938	0.00000	6100.00000	0.00000	0.00000
-5115.40695	3669.65803	137.00000	6199.91501	2.46298	0.00000	6200.00000	0.00000	0.00000
-5197.32215	3727.01568	137.00000	6299.91364	2.98657	0.00000	6300.00000	0.00000	0.00000
-5279.23735	3784.37332	137.00000	6399.91227	3.51017	0.00000	6400.00000	0.00000	0.00000
-5361.15256	3841.73096	137.00000	6499.91090	4.03376	0.00000	6500.00000	0.00000	0.00000
-5443.06776	3899.08861	137.00000	6599.90953	4.55736	0.00000	6600.00000	0.00000	0.00000
-5524.98297	3956.44625	137.00000	6699.90816	5.08096	0.00000	6700.00000	0.00000	0.00000
-5606.89817	4013.80389	137.00000	6799.90679	5.60455	0.00000	6800.00000	0.00000	0.00000
-5688.81338	4071.16154	137.00000	6899.90542	6.12815	0.00000	6900.00000	0.00000	0.00000
-5770.72858	4128.51918	137.00000	6999.90405	6.65175	0.00000	7000.00000	0.00000	0.00000
-5852.64379	4185.87683	137.00000	7099.90267	7.17534	0.00000	7100.00000	0.00000	0.00000
-5934.55899	4243.23447	137.00000	7199.90130	7.69894	0.00000	7200.00000	0.00000	0.00000
-6016.47419	4300.59211	137.00000	7299.89993	8.22254	0.00000	7300.00000	0.00000	0.00000
-6098.38940	4357.94976	137.00000	7399.89856	8.74613	0.00000	7400.00000	0.00000	0.00000
-6180.30460	4415.30740	137.00000	7499.89719	9.26973	0.00000	7500.00000	0.00000	0.00000
-6262.21981	4472.66504	137.00000	7599.89582	9.79333	0.00000	7600.00000	0.00000	0.00000
-6344.13501	4530.02269	137.00000	7699.89445	10.31692	0.00000	7700.00000	0.00000	0.00000
-6426.05022	4587.38033	137.00000	7799.89308	10.84052	0.00000	7800.00000	0.00000	0.00000
-6507.96542	4644.73797	137.00000	7899.89171	11.36411	0.00000	7900.00000	0.00000	0.00000
-6589.88063	4702.09562	137.00000	7999.89034	11.88771	0.00000	8000.00000	0.00000	0.00000
-6671.79583	4759.45326	137.00000	8099.88897	12.41131	0.00000	8100.00000	0.00000	0.00000
-6753.71103	4816.81091	137.00000	8199.88760	12.93490	0.00000	8200.00000	0.00000	0.00000
-6835.62624	4874.16855	137.00000	8299.88623	13.45850	0.00000	8300.00000	0.00000	0.00000
-6917.54144	4931.52619	137.00000	8399.88485	13.98210	0.00000	8400.00000	0.00000	0.00000
-6999.45665	4988.88384	137.00000	8499.88348	14.50569	0.00000	8500.00000	0.00000	0.00000
-7081.37185	5046.24148	137.00000	8599.88211	15.02929	0.00000	8600.00000	0.00000	0.00000
-7163.28706	5103.59912	137.00000	8699.88074	15.55289	0.00000	8700.00000	0.00000	0.00000
-7245.20226	5160.95677	137.00000	8799.87937	16.07648	0.00000	8800.00000	0.00000	0.00000
-7327.11747	5218.31441	137.00000	8899.87800	16.60008	0.00000	8900.00000	0.00000	0.00000
-7409.03267	5275.67205	137.00000	8999.87663	17.12367	0.00000	9000.00000	0.00000	0.00000
-7490.94787	5333.02970	137.00000	9099.87526	17.64727	0.00000	9100.00000	0.00000	0.00000
-7572.86308	5390.38734	137.00000	9199.87389	18.17087	0.00000	9200.00000	0.00000	0.00000
-7654.77828	5447.74499	137.00000	9299.87252	18.69446	0.00000	9300.00000	0.00000	0.00000
-7736.69349	5505.10263	137.00000	9399.87115	19.21806	0.00000	9400.00000	0.00000	0.00000
-7818.60869	5562.46027	137.00000	9499.86978	19.74166	0.00000	9500.00000	0.00000	0.00000
-7900.52390	5619.81792	137.00000	9599.86841	20.26525	0.00000	9600.00000	0.00000	0.00000
-7982.43910	5677.17556	137.00000	9699.86703	20.78885	0.00000	9700.00000	0.00000	0.00000
-8064.35431	5734.53320	137.00000	9799.86566	21.31245	0.00000	9800.00000	0.00000	0.00000
-8146.26951	5791.89085	137.00000	9899.86429	21.83604	0.00000	9900.00000	0.00000	0.00000
-8228.18471	5849.24849	137.00000	9999.86292	22.35964	0.00000	10000.00000	0.00000	0.00000
-8310.09848	5906.60818	137.00000	10099.86156	22.88073	0.00000	10100.00000	-0.00250	0.00000
-8392.00939	5963.97197	137.00000	10199.86023	23.39683	0.00000	10200.00000	-0.01000	0.00000
-8473.91742	6021.33985	137.00000	10299.85893	23.90793	0.00000	10300.00000	-0.02250	0.00000
-8555.82259	6078.71183	137.00000	10399.85765	24.41402	0.00000	10400.00000	-0.04000	0.00000
-8637.72489	6136.08791	137.00000	10499.85640	24.91512	0.00000	10500.00000	-0.06250	0.00000
-8719.62432	6193.46808	137.00000	10599.85517	25.41122	0.00000	10600.00000	-0.09000	0.00000
-8801.52088	6250.85234	137.00000	10699.85397	25.90231	0.00000	10700.00000	-0.12250	0.00000
-8883.41458	6308.24070	137.00000	10799.85279	26.38841	0.00000	10800.00000	-0.16000	0.00000
-8965.30540	6365.63316	137.00000	10899.85165	26.86951	0.00000	10900.00000	-0.20250	0.00000
-9047.19336	6423.02972	137.00000	10999.85052	27.34561	0.00000	11000.00000	-0.25000	0.00000
-9129.07846	6480.43036	137.00000	11099.84943	27.81670	0.00000	11100.00000	-0.30250	0.00000
-9210.96068	6537.83511	137.00000	11199.84836	28.28280	0.00000	11200.00000	-0.36000	0.00000
-9292.84004	6595.24395	137.00000	11299.84731	28.74390	0.00000	11300.00000	-0.42250	0.00000
-9374.71652	6652.65689	137.00000	11399.84630	29.19999	0.00000	11400.00000	-0.49000	0.00000
-9456.59014	6710.07392	137.00000	11499.84531	29.65109	0.00000	11500.00000	-0.56250	0.00000
-9538.46090	6767.49505	137.00000	11599.84434	30.09719	0.00000	11600.00000	-0.64000	0.00000
-9620.32878	6824.92027	137.00000	11699.84340	30.53829	0.00000	11700.00000	-0.72250	0.00000
-9702.19380	6882.34959	137.00000	11799.84249	30.97438	0.00000	11800.00000	-0.81000	0.00000
-9784.05595	6939.78300	137.00000	11899.84160	31.40548	0.00000	11900.00000	-0.90250	0.00000
-9865.91523	6997.22052	137.00000	11999.84074	31.83158	0.00000	12000.00000	-1.00000	0.00000
-9947.77164	7054.66212	137.00000	12099.83991	32.25268	0.00000	12100.00000	-1.10250	0.00000
-10029.62518	7112.10783	137.00000	12199.83910	32.66878	0.00000	12200.00000	-1.21000	0.00000
-10111.47586	7169.55762	137.00000	12299.83832	33.07987	0.00000	12300.00000	-1.32250	0.00000
-10193.32367	7227.01152	137.00000	12399.83756	33.48597	0.00000	12400.00000	-1.44000	0.00000
-10275.16861	7284.46951	137.00000	12499.83683	33.88707	0.00000	12500.00000	-1.56250	0.00000
-10357.01069	7341.93159	137.00000	12599.83613	34.28317	0.00000	12600.00000	-1.69000	0.00000
-10438.84989	7399.39777	137.00000	12699.83545	34.67427	0.00000	12700.00000	-1.82250	0.00000
-10520.68623	7456.86805	137.00000	12799.83480	35.06036	0.00000	12800.00000	-1.96000	0.00000
-10602.51970	7514.34242	137.00000	12899.83418	35.44146	0.00000	12900.00000	-2.10250	0.00000
-10684.35030	7571.82089	137.00000	12999.83358	35.81756	0.00000	13000.00000	-2.25000	0.00000
-10766.17803	7629.30346	137.00000	13099.83301	36.18866	0.00000	13100.00000	-2.40250	0.00000
-10848.00290	7686.79012	137.00000	13199.83246	36.55476	0.00000	13200.00000	-2.56000	0.00000
-10929.82490	7744.28087	137.00000	13299.83194	36.91586	0.00000	13300.00000	-2.72250	0.00000
-11011.64403	7801.77572	137.00000	13399.83145	37.27195	0.00000	13400.00000	-2.89000	0.00000
-11093.46029	7859.27467	137.00000	13499.83098	37.62305	0.00000	13500.00000	-3.06250	0.00000
-11175.27369	7916.77771	137.00000	13599.83054	37.96915	0.00000	13600.00000	-3.24000	0.00000
-11257.08421	7974.28485	137.00000	13699.83012	38.31025	0.00000	13700.00000	-3.42250	0.00000
-11338.89187	8031.79609	137.00000	13799.82973	38.64635	0.00000	13800.00000	-3.61000	0.00000
-11420.69666	8089.31142	137.00000	13899.82937	38.97745	0.00000	13900.00000	-3.80250	0.00000
-11502.49859	8146.83084	137.00000	13999.82904	39.30355	0.00000	14000.00000	-4.00000	0.00000
-11584.29764	8204.35437	137.00000	14099.82872	39.62465	0.00000	14100.00000	-4.20250	0.00000
-11666.09383	8261.88198	137.00000	14199.82844	39.94075	0.00000	14200.00000	-4.41000	0.00000
-11747.88715	8319.41370	137.00000	14299.82818	40.25185	0.00000	14300.00000	-4.62250	0.00000
-11829.67760	8376.94951	137.00000	14399.82795	40.55795	0.00000	14400.00000	-4.84000	0.00000
-11911.46518	8434.48941	137.00000	14499.82774	40.85904	0.00000	14500.00000	-5.06250	0.00000
-11993.24990	8492.03341	137.00000	14599.82757	41.15514	0.00000	14600.00000	-5.29000	0.00000
-12075.03175	8549.58151	137.00000	14699.82741	41.44624	0.00000	14700.00000	-5.52250	0.00000
-12156.81073	8607.13370	137.00000	14799.82728	41.73234	0.00000	14800.00000	-5.76000	0.00000
-12238.58684	8664.68999	137.00000	14899.82718	42.01344	0.00000	14900.00000	-6.00250	0.00000
-12320.36008	8722.25037	137.00000	14999.82711	42.28954	0.00000	15000.00000	-6.25000	0.00000
-12402.13046	8779.81485	137.00000	15099.82706	42.56064	0.00000	15100.00000	-6.50250	0.00000
-12483.89797	8837.38343	137.00000	15199.82704	42.82674	0.00000	15200.00000	-6.76000	0.00000
-12565.66261	8894.95610	137.00000	15299.82704	43.08784	0.00000	15300.00000	-7.02250	0.00000
-12647.42438	8952.53287	137.00000	15399.82707	43.34394	0.00000	15400.00000	-7.29000	0.00000
-12729.18329	9010.11373	137.00000	15499.82713	43.59504	0.00000	15500.00000	-7.56250	0.00000
-12810.93932	9067.69869	137.00000	15599.82721	43.84114	0.00000	15600.00000	-7.84000	0.00000
-12892.69249	9125.28774	137.00000	15699.82732	44.08224	0.00000	15700.00000	-8.12250	0.00000
-12974.44279	9182.88089	137.00000	15799.82745	44.31834	0.00000	15800.00000	-8.41000	0.00000
-13056.19023	9240.47814	137.00000	15899.82761	44.54944	0.00000	15900.00000	-8.70250	0.00000
-13137.93479	9298.07948	137.00000	15999.82780	44.77554	0.00000	16000.00000	-9.00000	0.00000
-13219.67649	9355.68491	137.00000	16099.82801	44.99665	0.00000	16100.00000	-9.30250	0.00000
-13301.41532	9413.29445	137.00000	16199.82825	45.21275	0.00000	16200.00000	-9.61000	0.00000
-13383.15128	9470.90808	137.00000	16299.82852	45.42385	0.00000	16300.00000	-9.92250	0.00000
-13464.88437	9528.52580	137.00000	16399.82881	45.62995	0.00000	16400.00000	-10.24000	0.00000
-13546.61460	9586.14762	137.00000	16499.82913	45.83105	0.00000	16500.00000	-10.56250	0.00000
-13628.34196	9643.77354	137.00000	16599.82947	46.02715	0.00000	16600.00000	-10.89000	0.00000
-13710.06645	9701.40355	137.00000	16699.82984	46.21825	0.00000	16700.00000	-11.22250	0.00000
-13791.78807	9759.03766	137.00000	16799.83024	46.40435	0.00000	16800.00000	-11.56000	0.00000
-13873.50683	9816.67586	137.00000	16899.83066	46.58545	0.00000	16900.00000	-11.90250	0.00000
-13955.22271	9874.31816	137.00000	16999.83111	46.76155	0.00000	17000.00000	-12.25000	0.00000
-14036.93573	9931.96455	137.00000	17099.83158	46.93265	0.00000	17100.00000	-12.60250	0.00000
-14118.64588	9989.61504	137.00000	17199.83208	47.09876	0.00000	17200.00000	-12.96000	0.00000
-14200.35317	10047.26963	137.00000	17299.83261	47.25986	0.00000	17300.00000	-13.32250	0.00000
-14282.05758	10104.92831	137.00000	17399.83317	47.41596	0.00000	17400.00000	-13.69000	0.00000
-14363.75913	10162.59109	137.00000	17499.83375	47.56706	0.00000	17500.00000	-14.06250	0.00000
-14445.45781	10220.25796	137.00000	17599.83435	47.71316	0.00000	17600.00000	-14.44000	0.00000
-14527.15362	10277.92893	137.00000	17699.83498	47.85426	0.00000	17700.00000	-14.82250	0.00000
-14608.84656	10335.60400	137.00000	17799.83564	47.99036	0.00000	17800.00000	-15.21000	0.00000
-14690.53664	10393.28316	137.00000	17899.83633	48.12147	0.00000	17900.00000	-15.60250	0.00000
-14772.22385	10450.96641	137.00000	17999.83704	48.24757	0.00000	18000.00000	-16.00000	0.00000
-14853.90819	10508.65377	137.00000	18099.83777	48.36867	0.00000	18100.00000	-16.40250	0.00000
-14935.58966	10566.34522	137.00000	18199.83854	48.48477	0.00000	18200.00000	-16.81000	0.00000
-15017.26826	10624.04076	137.00000	18299.83932	48.59587	0.00000	18300.00000	-17.22250	0.00000
-15098.94400	10681.74040	137.00000	18399.84014	48.70198	0.00000	18400.00000	-17.64000	0.00000
-15180.61687	10739.44413	137.00000	18499.84098	48.80308	0.00000	18500.00000	-18.06250	0.00000
-15262.28687	10797.15197	137.00000	18599.84185	48.89918	0.00000	18600.00000	-18.49000	0.00000
-15343.95400	10854.86389	137.00000	18699.84274	48.99028	0.00000	18700.00000	-18.92250	0.00000
-15425.61826	10912.57991	137.00000	18799.84366	49.07639	0.00000	18800.00000	-19.36000	0.00000
-15507.27966	10970.30003	137.00000	18899.84461	49.15749	0.00000	18900.00000	-19.80250	0.00000
-15588.93819	11028.02425	137.00000	18999.84558	49.23359	0.00000	19000.00000	-20.25000	0.00000
-15670.59385	11085.75256	137.00000	19099.84658	49.30469	0.00000	19100.00000	-20.70250	0.00000
-15752.24664	11143.48496	137.00000	19199.84760	49.37080	0.00000	19200.00000	-21.16000	0.00000
-15833.89657	11201.22146	137.00000	19299.84866	49.43190	0.00000	19300.00000	-21.62250	0.00000
-15915.54363	11258.96206	137.00000	19399.84973	49.48800	0.00000	19400.00000	-22.09000	0.00000
-15997.18782	11316.70675	137.00000	19499.85084	49.53910	0.00000	19500.00000	-22.56250	0.00000
-16078.82914	11374.45554	137.00000	19599.85196	49.58521	0.00000	19600.00000	-23.04000	0.00000
-16160.46759	11432.20843	137.00000	19699.85312	49.62631	0.00000	19700.00000	-23.52250	0.00000
-16242.10318	11489.96541	137.00000	19799.85430	49.66241	0.00000	19800.00000	-24.01000	0.00000
-16323.73590	11547.72648	137.00000	19899.85551	49.69352	0.00000	19900.00000	-24.50250	0.00000
-16405.36575	11605.49166	137.00000	19999.85674	49.71962	0.00000	20000.00000	-25.00000	0.00000
-16486.99273	11663.26092	137.00000	20099.85800	49.74072	0.00000	20100.00000	-25.50250	0.00000
-16568.61684	11721.03429	137.00000	20199.85929	49.75683	0.00000	20200.00000	-26.01000	0.00000
-16650.23809	11778.81175	137.00000	20299.86060	49.76793	0.00000	20300.00000	-26.52250	0.00000
-16731.85647	11836.59330	137.00000	20399.86194	49.77403	0.00000	20400.00000	-27.04000	0.00000
-16813.47198	11894.37895	137.00000	20499.86331	49.77514	0.00000	20500.00000	-27.56250	0.00000
-16895.08462	11952.16870	137.00000	20599.86470	49.77124	0.00000	20600.00000	-28.09000	0.00000
-16976.69440	12009.96254	137.00000	20699.86612	49.76234	0.00000	20700.00000	-28.62250	0.00000
-17058.30130	12067.76048	137.00000	20799.86756	49.74845	0.00000	20800.00000	-29.16000	0.00000
-17139.90534	12125.56251	137.00000	20899.86903	49.72955	0.00000	20900.00000	-29.70250	0.00000
-17221.50651	12183.36864	137.00000	20999.87053	49.70566	0.00000	21000.00000	-30.25000	0.00000
-17303.10482	12241.17887	137.00000	21099.87205	49.67676	0.00000	21100.00000	-30.80250	0.00000
-17384.70025	12298.99319	137.00000	21199.87360	49.64286	0.00000	21200.00000	-31.36000	0.00000
-17466.29282	12356.81160	137.00000	21299.87517	49.60397	0.00000	21300.00000	-31.92250	0.00000
-17547.88252	12414.63412	137.00000	21399.87677	49.56007	0.00000	21400.00000	-32.49000	0.00000
-17629.46935	12472.46072	137.00000	21499.87840	49.51118	0.00000	21500.00000	-33.06250	0.00000
-17711.05332	12530.29143	137.00000	21599.88005	49.45728	0.00000	21600.00000	-33.64000	0.00000
-17792.63441	12588.12623	137.00000	21699.88173	49.39838	0.00000	21700.00000	-34.22250	0.00000
-17874.21264	12645.96512	137.00000	21799.88343	49.33449	0.00000	21800.00000	-34.81000	0.00000
-17955.78800	12703.80811	137.00000	21899.88517	49.26559	0.00000	21900.00000	-35.40250	0.00000
-18037.36049	12761.65520	137.00000	21999.88692	49.19170	0.00000	22000.00000	-36.00000	0.00000
-18118.93012	12819.50638	137.00000	22099.88871	49.11280	0.00000	22100.00000	-36.60250	0.00000
-18200.49688	12877.36166	137.00000	22199.89052	49.02891	0.00000	22200.00000	-37.21000	0.00000
-18282.06076	12935.22104	137.00000	22299.89235	48.94001	0.00000	22300.00000	-37.82250	0.00000
-18363.62179	12993.08451	137.00000	22399.89422	48.84612	0.00000	22400.00000	-38.44000	0.00000
-18445.17994	13050.95207	137.00000	22499.89611	48.74722	0.00000	22500.00000	-39.06250	0.00000
-18526.73522	13108.82373	137.00000	22599.89802	48.64333	0.00000	22600.00000	-39.69000	0.00000
-18608.28764	13166.69949	137.00000	22699.89996	48.53443	0.00000	22700.00000	-40.32250	0.00000
-18689.83719	13224.57934	137.00000	22799.90193	48.42054	0.00000	22800.00000	-40.96000	0.00000
-18771.38387	13282.46329	137.00000	22899.90392	48.30164	0.00000	22900.00000	-41.60250	0.00000
-18852.92769	13340.35134	137.00000	22999.90594	48.17775	0.00000	23000.00000	-42.25000	0.00000
-18934.46863	13398.24348	137.00000	23099.90799	48.04885	0.00000	23100.00000	-42.90250	0.00000
-19016.00671	13456.13971	137.00000	23199.91006	47.91496	0.00000	23200.00000	-43.56000	0.00000
-19097.54192	13514.04005	137.00000	23299.91216	47.77606	0.00000	23300.00000	-44.22250	0.00000
-19179.07426	13571.94447	137.00000	23399.91428	47.63217	0.00000	23400.00000	-44.89000	0.00000
-19260.60374	13629.85300	137.00000	23499.91643	47.48327	0.00000	23500.00000	-45.56250	0.00000
-19342.13034	13687.76562	137.00000	23599.91861	47.32938	0.00000	23600.00000	-46.24000	0.00000
-19423.65408	13745.68233	137.00000	23699.92081	47.17049	0.00000	23700.00000	-46.92250	0.00000
-19505.17495	13803.60314	137.00000	23799.92304	47.00659	0.00000	23800.00000	-47.61000	0.00000
-19586.69295	13861.52805	137.00000	23899.92529	46.83770	0.00000	23900.00000	-48.30250	0.00000
-19668.20809	13919.45705	137.00000	23999.92758	46.66380	0.00000	24000.00000	-49.00000	0.00000
-19749.72036	13977.39015	137.00000	24099.92988	46.48491	0.00000	24100.00000	-49.70250	0.00000
-19831.22975	14035.32734	137.00000	24199.93222	46.30102	0.00000	24200.00000	-50.41000	0.00000
-19912.73629	14093.26863	137.00000	24299.93458	46.11212	0.00000	24300.00000	-51.12250	0.00000
-19994.23995	14151.21402	137.00000	24399.93696	45.91823	0.00000	24400.00000	-51.84000	0.00000
-20075.74074	14209.16350	137.00000	24499.93938	45.71933	0.00000	24500.00000	-52.56250	0.00000
-20157.23867	14267.11707	137.00000	24599.94181	45.51544	0.00000	24600.00000	-53.29000	0.00000
-20238.73373	14325.07475	137.00000	24699.94428	45.30655	0.00000	24700.00000	-54.02250	0.00000
-20320.22592	14383.03652	137.00000	24799.94677	45.09265	0.00000	24800.00000	-54.76000	0.00000
-20401.71525	14441.00238	137.00000	24899.94929	44.87376	0.00000	24900.00000	-55.50250	0.00000
-20483.20170	14498.97234	137.00000	24999.95183	44.64987	0.00000	25000.00000	-56.25000	0.00000
-20564.68529	14556.94639	137.00000	25099.95440	44.42097	0.00000	25100.00000	-57.00250	0.00000
-20646.16601	14614.92455	137.00000	25199.95699	44.18708	0.00000	25200.00000	-57.76000	0.00000
-20727.64386	14672.90679	137.00000	25299.95962	43.94819	0.00000	25300.00000	-58.52250	0.00000
-20809.11885	14730.89314	137.00000	25399.96226	43.70429	0.00000	25400.00000	-59.29000	0.00000
-20890.59097	14788.88357	137.00000	25499.96494	43.45540	0.00000	25500.00000	-60.06250	0.00000
-20972.06021	14846.87811	137.00000	25599.96764	43.20151	0.00000	25600.00000	-60.84000	0.00000
-21053.52660	14904.87674	137.00000	25699.97036	42.94262	0.00000	25700.00000	-61.62250	0.00000
-21134.99011	14962.87946	137.00000	25799.97312	42.67872	0.00000	25800.00000	-62.41000	0.00000
-21216.45075	15020.88629	137.00000	25899.97590	42.40983	0.00000	25900.00000	-63.20250	0.00000
-21297.90853	15078.89720	137.00000	25999.97870	42.13594	0.00000	26000.00000	-64.00000	0.00000
-21379.36344	15136.91222	137.00000	26099.98153	41.85704	0.00000	26100.00000	-64.80250	0.00000
-21460.81548	15194.93133	137.00000	26199.98439	41.57315	0.00000	26200.00000	-65.61000	0.00000
-21542.26466	15252.95453	137.00000	26299.98727	41.28426	0.00000	26300.00000	-66.42250	0.00000
-21623.71096	15310.98183	137.00000	26399.99018	40.99037	0.00000	26400.00000	-67.24000	0.00000
-21705.15440	15369.01323	137.00000	26499.99312	40.69147	0.00000	26500.00000	-68.06250	0.00000
-21786.59497	15427.04872	137.00000	26599.99608	40.38758	0.00000	26600.00000	-68.89000	0.00000
-21868.03267	15485.08831	137.00000	26699.99907	40.07869	0.00000	26700.00000	-69.72250	0.00000
-21949.46750	15543.13199	137.00000	26800.00208	39.76480	0.00000	26800.00000	-70.56000	0.00000
-22030.89947	15601.17977	137.00000	26900.00512	39.44591	0.00000	26900.00000	-71.40250	0.00000
-22112.32857	15659.23164	137.00000	27000.00819	39.12201	0.00000	27000.00000	-72.25000	0.00000
-22193.75480	15717.28762	137.00000	27100.01128	38.79312	0.00000	27100.00000	-73.10250	0.00000
-22275.17816	15775.34768	137.00000	27200.01440	38.45923	0.00000	27200.00000	-73.96000	0.00000
-22356.59866	15833.41184	137.00000	27300.01755	38.12034	0.00000	27300.00000	-74.82250	0.00000
-22438.01628	15891.48010	137.00000	27400.02072	37.77645	0.00000	27400.00000	-75.69000	0.00000
-22519.43104	15949.55246	137.00000	27500.02392	37.42755	0.00000	27500.00000	-76.56250	0.00000
-22600.84293	16007.62891	137.00000	27600.02714	37.07366	0.00000	27600.00000	-77.44000	0.00000
-22682.25196	16065.70945	137.00000	27700.03039	36.71477	0.00000	27700.00000	-78.32250	0.00000
-22763.65811	16123.79409	137.00000	27800.03367	36.35088	0.00000	27800.00000	-79.21000	0.00000
-22845.06140	16181.88283	137.00000	27900.03697	35.98199	0.00000	27900.00000	-80.10250	0.00000
-22926.46182	16239.97566	137.00000	28000.04030	35.60810	0.00000	28000.00000	-81.00000	0.00000
-23007.86081	16298.07054	137.00000	28100.04364	35.23171	0.00000	28100.00000	-81.90000	0.00000
-23089.25979	16356.16542	137.00000	28200.04698	34.85532	0.00000	28200.00000	-82.80000	0.00000
-23170.65878	16414.26030	137.00000	28300.05032	34.47892	0.00000	28300.00000	-83.70000	0.00000
-23252.05776	16472.35518	137.00000	28400.05366	34.10253	0.00000	28400.00000	-84.60000	0.00000
-23333.45675	16530.45006	137.00000	28500.05700	33.72614	0.00000	28500.00000	-85.50000	0.00000
-23414.85573	16588.54494	137.00000	28600.06035	33.34975	0.00000	28600.00000	-86.40000	0.00000
-23496.25472	16646.63982	137.00000	28700.06369	32.97336	0.00000	28700.00000	-87.30000	0.00000
-23577.65371	16704.73470	137.00000	28800.06703	32.59697	0.00000	28800.00000	-88.20000	0.00000
-23659.05269	16762.82959	137.00000	28900.07037	32.22058	0.00000	28900.00000	-89.10000	0.00000
-23740.45168	16820.92447	137.00000	29000.07371	31.84418	0.00000	29000.00000	-90.00000	0.00000
-23821.85066	16879.01935	137.00000	29100.07705	31.46779	0.00000	29100.00000	-90.90000	0.00000
-23903.24965	16937.11423	137.00000	29200.08040	31.09140	0.00000	29200.00000	-91.80000	0.00000
-23984.64863	16995.20911	137.00000	29300.08374	30.71501	0.00000	29300.00000	-92.70000	0.00000
-24066.04762	17053.30399	137.00000	29400.08708	30.33862	0.00000	29400.00000	-93.60000	0.00000
-24147.44660	17111.39887	137.00000	29500.09042	29.96223	0.00000	29500.00000	-94.50000	0.00000
-24228.84559	17169.49375	137.00000	29600.09376	29.58584	0.00000	29600.00000	-95.40000	0.00000
-24310.24458	17227.58863	137.00000	29700.09710	29.20945	0.00000	29700.00000	-96.30000	0.00000
-24391.64356	17285.68351	137.00000	29800.10044	28.83305	0.00000	29800.00000	-97.20000	0.00000
-24473.04255	17343.77839	137.00000	29900.10379	28.45666	0.00000	29900.00000	-98.10000	0.00000
-24554.44153	17401.87327	137.00000	30000.10713	28.08027	0.00000	30000.00000	-99.00000	0.00000
-24635.84052	17459.96815	137.00000	30100.11047	27.70388	0.00000	30100.00000	-99.90000	0.00000
-24717.23950	17518.06303	137.00000	30200.11381	27.32749	0.00000	30200.00000	-100.80000	0.00000
-24798.63849	17576.15791	137.00000	30300.11715	26.95110	0.00000	30300.00000	-101.70000	0.00000
-24880.03748	17634.25279	137.00000	30400.12049	26.57471	0.00000	30400.00000	-102.60000	0.00000
-24961.43646	17692.34767	137.00000	30500.12384	26.19832	0.00000	30500.00000	-103.50000	0.00000
-25042.83545	17750.44255	137.00000	30600.12718	25.82192	0.00000	30600.00000	-104.40000	0.00000
-25124.23443	17808.53743	137.00000	30700.13052	25.44553	0.00000	30700.00000	-105.30000	0.00000
-25205.63342	17866.63231	137.00000	30800.13386	25.06914	0.00000	30800.00000	-106.20000	0.00000
-25287.03240	17924.72719	137.00000	30900.13720	24.69275	0.00000	30900.00000	-107.10000	0.00000
-25368.43139	17982.82208	137.00000	31000.14054	24.31636	0.00000	31000.00000	-108.00000	0.00000
-25449.83037	18040.91696	137.00000	31100.14389	23.93997	0.00000	31100.00000	-108.90000	0.00000
-25531.22936	18099.01184	137.00000	31200.14723	23.56358	0.00000	31200.00000	-109.80000	0.00000
-25612.62835	18157.10672	137.00000	31300.15057	23.18719	0.00000	31300.00000	-110.70000	0.00000
-25694.02733	18215.20160	137.00000	31400.15391	22.81079	0.00000	31400.00000	-111.60000	0.00000
-25775.42632	18273.29648	137.00000	31500.15725	22.43440	0.00000	31500.00000	-112.50000	0.00000
-25856.82530	18331.39136	137.00000	31600.16059	22.05801	0.00000	31600.00000	-113.40000	0.00000
-25938.22429	18389.48624	137.00000	31700.16393	21.68162	0.00000	31700.00000	-114.30000	0.00000
-26019.62327	18447.58112	137.00000	31800.16728	21.30523	0.00000	31800.00000	-115.20000	0.00000
-26101.02226	18505.67600	137.00000	31900.17062	20.92884	0.00000	31900.00000	-116.10000	0.00000
-26182.42125	18563.77088	137.00000	32000.17396	20.55245	0.00000	32000.00000	-117.00000	0.00000
-26263.82023	18621.86576	137.00000	32100.17730	20.17606	0.00000	32100.00000	-117.90000	0.00000
-26345.21922	18679.96064	137.00000	32200.18064	19.79966	0.00000	32200.00000	-118.80000	0.00000
-26426.61820	18738.05552	137.00000	32300.18398	19.42327	0.00000	32300.00000	-119.70000	0.00000
-26508.01719	18796.15040	137.00000	32400.18733	19.04688	0.00000	32400.00000	-120.60000	0.00000
-26589.41617	18854.24528	137.00000	32500.19067	18.67049	0.00000	32500.00000	-121.50000	0.00000
-26670.81516	18912.34016	137.00000	32600.19401	18.29410	0.00000	32600.00000	-122.40000	0.00000
-26752.21414	18970.43504	137.00000	32700.19735	17.91771	0.00000	32700.00000	-123.30000	0.00000
-26833.61313	19028.52992	137.00000	32800.20069	17.54132	0.00000	32800.00000	-124.20000	0.00000
-26915.01212	19086.62480	137.00000	32900.20403	17.16492	0.00000	32900.00000	-125.10000	0.00000
-26996.41110	19144.71968	137.00000	33000.20738	16.78853	0.00000	33000.00000	-126.00000	0.00000
-27077.81009	19202.81457	137.00000	33100.21072	16.41214	0.00000	33100.00000	-126.90000	0.00000
-27159.20907	19260.90945	137.00000	33200.21406	16.03575	0.00000	33200.00000	-127.80000	0.00000
-27240.60806	19319.00433	137.00000	33300.21740	15.65936	0.00000	33300.00000	-128.70000	0.00000
-27322.00704	19377.09921	137.00000	33400.22074	15.28297	0.00000	33400.00000	-129.60000	0.00000
-27403.40603	19435.19409	137.00000	33500.22408	14.90658	0.00000	33500.00000	-130.50000	0.00000
-27484.80502	19493.28897	137.00000	33600.22743	14.53019	0.00000	33600.00000	-131.40000	0.00000
-27566.20400	19551.38385	137.00000	33700.23077	14.15379	0.00000	33700.00000	-132.30000	0.00000
-27647.60299	19609.47873	137.00000	33800.23411	13.77740	0.00000	33800.00000	-133.20000	0.00000
-27729.00197	19667.57361	137.00000	33900.23745	13.40101	0.00000	33900.00000	-134.10000	0.00000
-27810.40096	19725.66849	137.00000	34000.24079	13.02462	0.00000	34000.00000	-135.00000	0.00000
-27891.79994	19783.76337	137.00000	34100.24413	12.64823	0.00000	34100.00000	-135.90000	0.00000
-27973.19893	19841.85825	137.00000	34200.24747	12.27184	0.00000	34200.00000	-136.80000	0.00000
-28054.59792	19899.95313	137.00000	34300.25082	11.89545	0.00000	34300.00000	-137.70000	0.00000
-28135.99690	19958.04801	137.00000	34400.25416	11.51906	0.00000	34400.00000	-138.60000	0.00000
-28217.39589	20016.14289	137.00000	34500.25750	11.14266	0.00000	34500.00000	-139.50000	0.00000
-28298.79487	20074.23777	137.00000	34600.26084	10.76627	0.00000	34600.00000	-140.40000	0.00000
-28380.19386	20132.33265	137.00000	34700.26418	10.38988	0.00000	34700.00000	-141.30000	0.00000
-28461.59284	20190.42753	137.00000	34800.26752	10.01349	0.00000	34800.00000	-142.20000	0.00000
-28542.99183	20248.52241	137.00000	34900.27087	9.63710	0.00000	34900.00000	-143.10000	0.00000
-28624.39081	20306.61729	137.00000	35000.27421	9.26071	0.00000	35000.00000	-144.00000	0.00000
-28705.78980	20364.71217	137.00000	35100.27755	8.88432	0.00000	35100.00000	-144.90000	0.00000
-28787.18879	20422.80706	137.00000	35200.28089	8.50793	0.00000	35200.00000	-145.80000	0.00000
-28868.58777	20480.90194	137.00000	35300.28423	8.13153	0.00000	35300.00000	-146.70000	0.00000
-28949.98676	20538.99682	137.00000	35400.28757	7.75514	0.00000	35400.00000	-147.60000	0.00000
-29031.38574	20597.09170	137.00000	35500.29092	7.37875	0.00000	35500.00000	-148.50000	0.00000
-29112.78473	20655.18658	137.00000	35600.29426	7.00236	0.00000	35600.00000	-149.40000	0.00000
-29194.18371	20713.28146	137.00000	35700.29760	6.62597	0.00000	35700.00000	-150.30000	0.00000
-29275.58270	20771.37634	137.00000	35800.30094	6.24958	0.00000	35800.00000	-151.20000	0.00000
-29356.98169	20829.47122	137.00000	35900.30428	5.87319	0.00000	35900.00000	-152.10000	0.00000
-29438.38067	20887.56610	137.00000	36000.30762	5.49680	0.00000	36000.00000	-153.00000	0.00000
-29519.77966	20945.66098	137.00000	36100.31096	5.12040	0.00000	36100.00000	-153.90000	0.00000
-29601.17864	21003.75586	137.00000	36200.31431	4.74401	0.00000	36200.00000	-154.80000	0.00000
-29682.57763	21061.85074	137.00000	36300.31765	4.36762	0.00000	36300.00000	-155.70000	0.00000
-29763.97661	21119.94562	137.00000	36400.32099	3.99123	0.00000	36400.00000	-156.60000	0.00000
-29845.37560	21178.04050	137.00000	36500.32433	3.61484	0.00000	36500.00000	-157.50000	0.00000
-29926.77458	21236.13538	137.00000	36600.32767	3.23845	0.00000	36600.00000	-158.40000	0.00000
-30008.17357	21294.23026	137.00000	36700.33101	2.86206	0.00000	36700.00000	-159.30000	0.00000
-30089.57256	21352.32514	137.00000	36800.33436	2.48566	0.00000	36800.00000	-160.20000	0.00000
-30170.97154	21410.42002	137.00000	36900.33770	2.10927	0.00000	36900.00000	-161.10000	0.00000
-30252.37053	21468.51490	137.00000	37000.34104	1.73288	0.00000	37000.00000	-162.00000	0.00000
-30333.76951	21526.60978	137.00000	37100.34438	1.35649	0.00000	37100.00000	-162.90000	0.00000
-30415.16850	21584.70466	137.00000	37200.34772	0.98010	0.00000	37200.00000	-163.80000	0.00000
-30496.56748	21642.79955	137.00000	37300.35106	0.60371	0.00000	37300.00000	-164.70000	0.00000
-30577.96647	21700.89443	137.00000	37400.35441	0.22732	0.00000	37400.00000	-165.60000	0.00000
-30659.36546	21758.98931	137.00000	37500.35775	-0.14907	0.00000	37500.00000	-166.50000	0.00000
-30740.76444	21817.08419	137.00000	37600.36109	-0.52547	0.00000	37600.00000	-167.40000	0.00000
-30822.16343	21875.17907	137.00000	37700.36443	-0.90186	0.00000	37700.00000	-168.30000	0.00000
-30903.56241	21933.27395	137.00000	37800.36777	-1.27825	0.00000	37800.00000	-169.20000	0.00000
-30984.96140	21991.36883	137.00000	37900.37111	-1.65464	0.00000	37900.00000	-170.10000	0.00000
-31066.36038	22049.46371	137.00000	38000.37446	-2.03103	0.00000	38000.00000	-171.00000	0.00000
-31147.75937	22107.55859	137.00000	38100.37780	-2.40742	0.00000	38100.00000	-171.90000	0.00000
-31229.15835	22165.65347	137.00000	38200.38114	-2.78381	0.00000	38200.00000	-172.80000	0.00000
-31310.55734	22223.74835	137.00000	38300.38448	-3.16020	0.00000	38300.00000	-173.70000	0.00000
-31391.95633	22281.84323	137.00000	38400.38782	-3.53660	0.00000	38400.00000	-174.60000	0.00000
-31473.35531	22339.93811	137.00000	38500.39116	-3.91299	0.00000	38500.00000	-175.50000	0.00000
-31554.75430	22398.03299	137.00000	38600.39450	-4.28938	0.00000	38600.00000	-176.40000	0.00000
-31636.15328	22456.12787	137.00000	38700.39785	-4.66577	0.00000	38700.00000	-177.30000	0.00000
-31717.55227	22514.22275	137.00000	38800.40119	-5.04216	0.00000	38800.00000	-178.20000	0.00000
-31798.95125	22572.31763	137.00000	38900.40453	-5.41855	0.00000	38900.00000	-179.10000	0.00000
-31880.35024	22630.41251	137.00000	39000.40787	-5.79494	0.00000	39000.00000	-180.00000	0.00000
-31961.74937	22688.50719	137.00000	39100.41121	-6.17108	0.00000	39100.00000	-180.89975	0.00000
-32043.14878	22746.60146	137.00000	39200.41455	-6.54673	0.00000	39200.00000	-181.79900	0.00000
-32124.54849	22804.69531	137.00000	39300.41788	-6.92187	0.00000	39300.00000	-182.69775	0.00000
-32205.94848	22862.78876	137.00000	39400.42122	-7.29651	0.00000	39400.00000	-183.59600	0.00000
-32287.34875	22920.88180	137.00000	39500.42455	-7.67065	0.00000	39500.00000	-184.49375	0.00000
-32368.74932	22978.97442	137.00000	39600.42787	-8.04429	0.00000	39600.00000	-185.39100	0.00000
-32450.15017	23037.06664	137.00000	39700.43120	-8.41743	0.00000	39700.00000	-186.28775	0.00000
-32531.55130	23095.15845	137.00000	39800.43452	-8.79007	0.00000	39800.00000	-187.18400	0.00000
-32612.95273	23153.24985	137.00000	39900.43784	-9.16221	0.00000	39900.00000	-188.07975	0.00000
-32694.35444	23211.34084	137.00000	40000.44116	-9.53386	0.00000	40000.00000	-188.97500	0.00000
-32775.75643	23269.43142	137.00000	40100.44447	-9.90500	0.00000	40100.00000	-189.86975	0.00000
-32857.15872	23327.52159	137.00000	40200.44778	-10.27564	0.00000	40200.00000	-190.76400	0.00000
-32938.56129	23385.61135	137.00000	40300.45109	-10.64578	0.00000	40300.00000	-191.65775	0.00000
-33019.96414	23443.70070	137.00000	40400.45440	-11.01542	0.00000	40400.00000	-192.55100	0.00000
-33101.36729	23501.78964	137.00000	40500.45770	-11.38456	0.00000	40500.00000	-193.44375	0.00000
-33182.77072	23559.87818	137.00000	40600.46100	-11.75320	0.00000	40600.00000	-194.33600	0.00000
-33264.17444	23617.96630	137.00000	40700.46430	-12.12135	0.00000	40700.00000	-195.22775	0.00000
-33345.57844	23676.05401	137.00000	40800.46760	-12.48899	0.00000	40800.00000	-196.11900	0.00000
-33426.98273	23734.14131	137.00000	40900.47089	-12.85613	0.00000	40900.00000	-197.00975	0.00000
-33508.38731	23792.22821	137.00000	41000.47418	-13.22277	0.00000	41000.00000	-197.90000	0.00000
-33589.79218	23850.31469	137.00000	41100.47747	-13.58891	0.00000	41100.00000	-198.78975	0.00000
-33671.19733	23908.40077	137.00000	41200.48075	-13.95455	0.00000	41200.00000	-199.67900	0.00000
-33752.60277	23966.48643	137.00000	41300.48404	-14.31969	0.00000	41300.00000	-200.56775	0.00000
-33834.00849	24024.57169	137.00000	41400.48732	-14.68434	0.00000	41400.00000	-201.45600	0.00000
-33915.41450	24082.65653	137.00000	41500.49059	-15.04848	0.00000	41500.00000	-202.34375	0.00000
-33996.82080	24140.74097	137.00000	41600.49387	-15.41212	0.00000	41600.00000	-203.23100	0.00000
-34078.22739	24198.82500	137.00000	41700.49714	-15.77526	0.00000	41700.00000	-204.11775	0.00000
-34159.63426	24256.90861	137.00000	41800.50041	-16.13790	0.00000	41800.00000	-205.00400	0.00000
-34241.04142	24314.99182	137.00000	41900.50368	-16.50004	0.00000	41900.00000	-205.88975	0.00000
-34322.44886	24373.07462	137.00000	42000.50694	-16.86168	0.00000	42000.00000	-206.77500	0.00000
-34403.85660	24431.15701	137.00000	42100.51020	-17.22283	0.00000	42100.00000	-207.65975	0.00000
-34485.26462	24489.23899	137.00000	42200.51346	-17.58347	0.00000	42200.00000	-208.54400	0.00000
-34566.67292	24547.32055	137.00000	42300.51672	-17.94361	0.00000	42300.00000	-209.42775	0.00000
-34648.08152	24605.40171	137.00000	42400.51997	-18.30325	0.00000	42400.00000	-210.31100	0.00000
-34729.49040	24663.48246	137.00000	42500.52322	-18.66239	0.00000	42500.00000	-211.19375	0.00000
-34810.89956	24721.56281	137.00000	42600.52647	-19.02103	0.00000	42600.00000	-212.07600	0.00000
-34892.30902	24779.64274	137.00000	42700.52972	-19.37918	0.00000	42700.00000	-212.95775	0.00000
-34973.71876	24837.72226	137.00000	42800.53296	-19.73682	0.00000	42800.00000	-213.83900	0.00000
-35055.12878	24895.80137	137.00000	42900.53620	-20.09396	0.00000	42900.00000	-214.71975	0.00000
-35136.53910	24953.88007	137.00000	43000.53944	-20.45060	0.00000	43000.00000	-215.60000	0.00000
-35217.94970	25011.95836	137.00000	43100.54268	-20.80674	0.00000	43100.00000	-216.47975	0.00000
-35299.36058	25070.03625	137.00000	43200.54591	-21.16238	0.00000	43200.00000	-217.35900	0.00000
-35380.77176	25128.11372	137.00000	43300.54914	-21.51752	0.00000	43300.00000	-218.23775	0.00000
-35462.18322	25186.19078	137.00000	43400.55237	-21.87217	0.00000	43400.00000	-219.11600	0.00000
-35543.59497	25244.26744	137.00000	43500.55559	-22.22631	0.00000	43500.00000	-219.99375	0.00000
-35625.00700	25302.34368	137.00000	43600.55881	-22.57995	0.00000	43600.00000	-220.87100	0.00000
-35706.41932	25360.41952	137.00000	43700.56203	-22.93309	0.00000	43700.00000	-221.74775	0.00000
-35787.83193	25418.49494	137.00000	43800.56525	-23.28573	0.00000	43800.00000	-222.62400	0.00000
-35869.24483	25476.56996	137.00000	43900.56847	-23.63787	0.00000	43900.00000	-223.49975	0.00000
-35950.65801	25534.64457	137.00000	44000.57168	-23.98952	0.00000	44000.00000	-224.37500	0.00000
-36032.07148	25592.71876	137.00000	44100.57489	-24.34066	0.00000	44100.00000	-225.24975	0.00000
-36113.48523	25650.79255	137.00000	44200.57809	-24.69130	0.00000	44200.00000	-226.12400	0.00000
-36194.89927	25708.86593	137.00000	44300.58130	-25.04144	0.00000	44300.00000	-226.99775	0.00000
-36276.31360	25766.93890	137.00000	44400.58450	-25.39108	0.00000	44400.00000	-227.87100	0.00000
-36357.72822	25825.01146	137.00000	44500.58770	-25.74022	0.00000	44500.00000	-228.74375	0.00000
-36439.14312	25883.08360	137.00000	44600.59090	-26.08887	0.00000	44600.00000	-229.61600	0.00000
-36520.55831	25941.15534	137.00000	44700.59409	-26.43701	0.00000	44700.00000	-230.48775	0.00000
-36601.97378	25999.22667	137.00000	44800.59728	-26.78465	0.00000	44800.00000	-231.35900	0.00000
-36683.38955	26057.29759	137.00000	44900.60047	-27.13179	0.00000	44900.00000	-232.22975	0.00000
-36764.80560	26115.36811	137.00000	45000.60365	-27.47843	0.00000	45000.00000	-233.10000	0.00000
-36846.22193	26173.43821	137.00000	45100.60684	-27.82457	0.00000	45100.00000	-233.96975	0.00000
-36927.63856	26231.50790	137.00000	45200.61002	-28.17022	0.00000	45200.00000	-234.83900	0.00000
-37009.05547	26289.57718	137.00000	45300.61320	-28.51536	0.00000	45300.00000	-235.70775	0.00000
-37090.47266	26347.64605	137.00000	45400.61637	-28.86000	0.00000	45400.00000	-236.57600	0.00000
-37171.89015	26405.71451	137.00000	45500.61954	-29.20414	0.00000	45500.00000	-237.44375	0.00000
-37253.30792	26463.78257	137.00000	45600.62271	-29.54778	0.00000	45600.00000	-238.31100	0.00000
-37334.72597	26521.85021	137.00000	45700.62588	-29.89092	0.00000	45700.00000	-239.17775	0.00000
-37416.14432	26579.91745	137.00000	45800.62905	-30.23357	0.00000	45800.00000	-240.04400	0.00000
-37497.56295	26637.98427	137.00000	45900.63221	-30.57571	0.00000	45900.00000	-240.90975	0.00000
-37578.98187	26696.05069	137.00000	46000.63537	-30.91735	0.00000	46000.00000	-241.77500	0.00000
-37660.40107	26754.11669	137.00000	46100.63853	-31.25849	0.00000	46100.00000	-242.63975	0.00000
-37741.82056	26812.18229	137.00000	46200.64168	-31.59913	0.00000	46200.00000	-243.50400	0.00000
-37823.24034	26870.24747	137.00000	46300.64483	-31.93927	0.00000	46300.00000	-244.36775	0.00000
-37904.66040	26928.31225	137.00000	46400.64798	-32.27892	0.00000	46400.00000	-245.23100	0.00000
-37986.08075	26986.37662	137.00000	46500.65113	-32.61806	0.00000	46500.00000	-246.09375	0.00000
-38067.50139	27044.44057	137.00000	46600.65427	-32.95670	0.00000	46600.00000	-246.95600	0.00000
-38148.92232	27102.50412	137.00000	46700.65741	-33.29484	0.00000	46700.00000	-247.81775	0.00000
-38230.34353	27160.56726	137.00000	46800.66055	-33.63248	0.00000	46800.00000	-248.67900	0.00000
-38311.76503	27218.62999	137.00000	46900.66369	-33.96963	0.00000	46900.00000	-249.53975	0.00000
-38393.18681	27276.69231	137.00000	47000.66682	-34.30627	0.00000	47000.00000	-250.40000	0.00000
-38474.60889	27334.75422	137.00000	47100.66995	-34.64241	0.00000	47100.00000	-251.25975	0.00000
-38556.03124	27392.81572	137.00000	47200.67308	-34.97805	0.00000	47200.00000	-252.11900	0.00000
-38637.45389	27450.87681	137.00000	47300.67621	-35.31319	0.00000	47300.00000	-252.97775	0.00000
-38718.87682	27508.93749	137.00000	47400.67933	-35.64783	0.00000	47400.00000	-253.83600	0.00000
-38800.30004	27566.99776	137.00000	47500.68245	-35.98198	0.00000	47500.00000	-254.69375	0.00000
-38881.72355	27625.05762	137.00000	47600.68557	-36.31562	0.00000	47600.00000	-255.55100	0.00000
-38963.14734	27683.11707	137.00000	47700.68868	-36.64876	0.00000	47700.00000	-256.40775	0.00000
-39044.57142	27741.17612	137.00000	47800.69179	-36.98140	0.00000	47800.00000	-257.26400	0.00000
-39125.99579	27799.23475	137.00000	47900.69490	-37.31354	0.00000	47900.00000	-258.11975	0.00000
-39207.42044	27857.29297	137.00000	48000.69801	-37.64519	0.00000	48000.00000	-258.97500	0.00000
-39288.84538	27915.35079	137.00000	48100.70112	-37.97633	0.00000	48100.00000	-259.82975	0.00000
-39370.27061	27973.40819	137.00000	48200.70422	-38.30697	0.00000	48200.00000	-260.68400	0.00000
-39451.69612	28031.46519	137.00000	48300.70732	-38.63711	0.00000	48300.00000	-261.53775	0.00000
-39533.12192	28089.52177	137.00000	48400.71041	-38.96675	0.00000	48400.00000	-262.39100	0.00000
-39614.54801	28147.57795	137.00000	48500.71351	-39.29590	0.00000	48500.00000	-263.24375	0.00000
-39695.97438	28205.63371	137.00000	48600.71660	-39.62454	0.00000	48600.00000	-264.09600	0.00000
-39777.40104	28263.68907	137.00000	48700.71969	-39.95268	0.00000	48700.00000	-264.94775	0.00000
-39858.82799	28321.74402	137.00000	48800.72278	-40.28032	0.00000	48800.00000	-265.79900	0.00000
-39940.25522	28379.79855	137.00000	48900.72586	-40.60746	0.00000	48900.00000	-266.64975	0.00000
-40021.68274	28437.85268	137.00000	49000.72894	-40.93411	0.00000	49000.00000	-267.50000	0.00000
-40103.11055	28495.90640	137.00000	49100.73202	-41.26025	0.00000	49100.00000	-268.34975	0.00000
-40184.53865	28553.95971	137.00000	49200.73509	-41.58589	0.00000	49200.00000	-269.19900	0.00000
-40265.96703	28612.01261	137.00000	49300.73817	-41.91103	0.00000	49300.00000	-270.04775	0.00000
-40347.39570	28670.06510	137.00000	49400.74124	-42.23567	0.00000	49400.00000	-270.89600	0.00000
-40428.82465	28728.11718	137.00000	49500.74431	-42.55982	0.00000	49500.00000	-271.74375	0.00000
-40510.25389	28786.16885	137.00000	49600.74737	-42.88346	0.00000	49600.00000	-272.59100	0.00000
-40591.68342	28844.22011	137.00000	49700.75043	-43.20660	0.00000	49700.00000	-273.43775	0.00000
-40673.11324	28902.27096	137.00000	49800.75350	-43.52924	0.00000	49800.00000	-274.28400	0.00000
-40754.54334	28960.32140	137.00000	49900.75655	-43.85138	0.00000	49900.00000	-275.12975	0.00000
-40835.97373	29018.37143	137.00000	50000.75961	-44.17303	0.00000	50000.00000	-275.97500	0.00000
-40917.40440	29076.42105	137.00000	50100.76266	-44.49417	0.00000	50100.00000	-276.81975	0.00000
-40998.83537	29134.47027	137.00000	50200.76571	-44.81481	0.00000	50200.00000	-277.66400	0.00000
-41080.26662	29192.51907	137.00000	50300.76876	-45.13495	0.00000	50300.00000	-278.50775	0.00000
-41161.69815	29250.56746	137.00000	50400.77180	-45.45459	0.00000	50400.00000	-279.35100	0.00000
-41243.12998	29308.61545	137.00000	50500.77484	-45.77374	0.00000	50500.00000	-280.19375	0.00000
-41324.56208	29366.66302	137.00000	50600.77788	-46.09238	0.00000	50600.00000	-281.03600	0.00000
-41405.99448	29424.71019	137.00000	50700.78092	-46.41052	0.00000	50700.00000	-281.87775	0.00000
-41487.42716	29482.75694	137.00000	50800.78395	-46.72816	0.00000	50800.00000	-282.71900	0.00000
-41568.86013	29540.80329	137.00000	50900.78698	-47.04530	0.00000	50900.00000	-283.55975	0.00000
-41650.29339	29598.84922	137.00000	51000.79001	-47.36195	0.00000	51000.00000	-284.40000	0.00000
-41731.72694	29656.89475	137.00000	51100.79304	-47.67809	0.00000	51100.00000	-285.23975	0.00000
-41813.16077	29714.93987	137.00000	51200.79606	-47.99373	0.00000	51200.00000	-286.07900	0.00000
-41894.59488	29772.98457	137.00000	51300.79908	-48.30887	0.00000	51300.00000	-286.91775	0.00000
-41976.02929	29831.02887	137.00000	51400.80210	-48.62351	0.00000	51400.00000	-287.75600	0.00000
-42057.46398	29889.07276	137.00000	51500.80512	-48.93766	0.00000	51500.00000	-288.59375	0.00000
-42138.89896	29947.11624	137.00000	51600.80813	-49.25130	0.00000	51600.00000	-289.43100	0.00000
-42220.33422	30005.15931	137.00000	51700.81114	-49.56444	0.00000	51700.00000	-290.26775	0.00000
-42301.76977	30063.20197	137.00000	51800.81415	-49.87708	0.00000	51800.00000	-291.10400	0.00000
-42383.20561	30121.24422	137.00000	51900.81715	-50.18923	0.00000	51900.00000	-291.93975	0.00000
-42464.64173	30179.28606	137.00000	52000.82016	-50.50087	0.00000	52000.00000	-292.77500	0.00000
-42546.07814	30237.32749	137.00000	52100.82316	-50.81201	0.00000	52100.00000	-293.60975	0.00000
-42627.51484	30295.36851	137.00000	52200.82615	-51.12265	0.00000	52200.00000	-294.44400	0.00000
-42708.95183	30353.40912	137.00000	52300.82915	-51.43279	0.00000	52300.00000	-295.27775	0.00000
-42790.38910	30411.44932	137.00000	52400.83214	-51.74244	0.00000	52400.00000	-296.11100	0.00000
-42871.82666	30469.48912	137.00000	52500.83513	-52.05158	0.00000	52500.00000	-296.94375	0.00000
-42953.26450	30527.52850	137.00000	52600.83812	-52.36022	0.00000	52600.00000	-297.77600	0.00000
-43034.70264	30585.56747	137.00000	52700.84110	-52.66836	0.00000	52700.00000	-298.60775	0.00000
-43116.14106	30643.60604	137.00000	52800.84408	-52.97601	0.00000	52800.00000	-299.43900	0.00000
-43197.57976	30701.64419	137.00000	52900.84706	-53.28315	0.00000	52900.00000	-300.26975	0.00000
-43279.01875	30759.68193	137.00000	53000.85004	-53.58979	0.00000	53000.00000	-301.10000	0.00000
-43360.45803	30817.71927	137.00000	53100.85301	-53.89593	0.00000	53100.00000	-301.92975	0.00000
-43441.89760	30875.75620	137.00000	53200.85598	-54.20157	0.00000	53200.00000	-302.75900	0.00000
-43523.33745	30933.79271	137.00000	53300.85895	-54.50672	0.00000	53300.00000	-303.58775	0.00000
-43604.77759	30991.82882	137.00000	53400.86192	-54.81136	0.00000	53400.00000	-304.41600	0.00000
-43686.21802	31049.86451	137.00000	53500.86488	-55.11550	0.00000	53500.00000	-305.24375	0.00000
-43767.65873	31107.89980	137.00000	53600.86784	-55.41914	0.00000	53600.00000	-306.07100	0.00000
-43849.09973	31165.93468	137.00000	53700.87080	-55.72229	0.00000	53700.00000	-306.89775	0.00000
-43930.54102	31223.96915	137.00000	53800.87375	-56.02493	0.00000	53800.00000	-307.72400	0.00000
-44011.98259	31282.00321	137.00000	53900.87671	-56.32707	0.00000	53900.00000	-308.54975	0.00000
-44093.42445	31340.03685	137.00000	54000.87966	-56.62871	0.00000	54000.00000	-309.37500	0.00000
-44174.86660	31398.07009	137.00000	54100.88261	-56.92985	0.00000	54100.00000	-310.19975	0.00000
-44256.30903	31456.10292	137.00000	54200.88555	-57.23050	0.00000	54200.00000	-311.02400	0.00000
-44337.75176	31514.13534	137.00000	54300.88849	-57.53064	0.00000	54300.00000	-311.84775	0.00000
-44419.19476	31572.16735	137.00000	54400.89143	-57.83028	0.00000	54400.00000	-312.67100	0.00000
-44500.63806	31630.19896	137.00000	54500.89437	-58.12942	0.00000	54500.00000	-313.49375	0.00000
-44582.08164	31688.23015	137.00000	54600.89730	-58.42807	0.00000	54600.00000	-314.31600	0.00000
-44663.52551	31746.26093	137.00000	54700.90024	-58.72621	0.00000	54700.00000	-315.13775	0.00000
-44744.96966	31804.29130	137.00000	54800.90317	-59.02385	0.00000	54800.00000	-315.95900	0.00000
-44826.41410	31862.32126	137.00000	54900.90609	-59.32099	0.00000	54900.00000	-316.77975	0.00000
-44907.85883	31920.35082	137.00000	55000.90902	-59.61764	0.00000	55000.00000	-317.60000	0.00000
-44989.30385	31978.37996	137.00000	55100.91194	-59.91378	0.00000	55100.00000	-318.41975	0.00000
-45070.74915	32036.40869	137.00000	55200.91486	-60.20942	0.00000	55200.00000	-319.23900	0.00000
-45152.19474	32094.43702	137.00000	55300.91777	-60.50456	0.00000	55300.00000	-320.05775	0.00000
-45233.64061	32152.46493	137.00000	55400.92069	-60.79921	0.00000	55400.00000	-320.87600	0.00000
-45315.08677	32210.49244	137.00000	55500.92360	-61.09335	0.00000	55500.00000	-321.69375	0.00000
-45396.53322	32268.51953	137.00000	55600.92650	-61.38699	0.00000	55600.00000	-322.51100	0.00000
-45477.97996	32326.54622	137.00000	55700.92941	-61.68013	0.00000	55700.00000	-323.32775	0.00000
-45559.42698	32384.57250	137.00000	55800.93231	-61.97277	0.00000	55800.00000	-324.14400	0.00000
-45640.87429	32442.59836	137.00000	55900.93521	-62.26492	0.00000	55900.00000	-324.95975	0.00000
-45722.32189	32500.62382	137.00000	56000.93811	-62.55656	0.00000	56000.00000	-325.77500	0.00000
-45803.76977	32558.64887	137.00000	56100.94101	-62.84770	0.00000	56100.00000	-326.58975	0.00000
-45885.21794	32616.67351	137.00000	56200.94390	-63.13834	0.00000	56200.00000	-327.40400	0.00000
-45966.66640	32674.69774	137.00000	56300.94679	-63.42849	0.00000	56300.00000	-328.21775	0.00000
-46048.11514	32732.72155	137.00000	56400.94968	-63.71813	0.00000	56400.00000	-329.03100	0.00000
-46129.56417	32790.74496	137.00000	56500.95256	-64.00727	0.00000	56500.00000	-329.84375	0.00000
-46211.01349	32848.76796	137.00000	56600.95544	-64.29591	0.00000	56600.00000	-330.65600	0.00000
-46292.46309	32906.79055	137.00000	56700.95832	-64.58406	0.00000	56700.00000	-331.46775	0.00000
-46373.91298	32964.81273	137.00000	56800.96120	-64.87170	0.00000	56800.00000	-332.27900	0.00000
-46455.36316	33022.83451	137.00000	56900.96407	-65.15884	0.00000	56900.00000	-333.08975	0.00000
-46536.81362	33080.85587	137.00000	57000.96695	-65.44548	0.00000	57000.00000	-333.90000	0.00000
-46618.26437	33138.87682	137.00000	57100.96982	-65.73163	0.00000	57100.00000	-334.70975	0.00000
-46699.71541	33196.89736	137.00000	57200.97268	-66.01727	0.00000	57200.00000	-335.51900	0.00000
-46781.16674	33254.91749	137.00000	57300.97555	-66.30241	0.00000	57300.00000	-336.32775	0.00000
-46862.61835	33312.93722	137.00000	57400.97841	-66.58705	0.00000	57400.00000	-337.13600	0.00000
-46944.07025	33370.95653	137.00000	57500.98127	-66.87120	0.00000	57500.00000	-337.94375	0.00000
-47025.52243	33428.97544	137.00000	57600.98412	-67.15484	0.00000	57600.00000	-338.75100	0.00000
-47106.97490	33486.99393	137.00000	57700.98697	-67.43798	0.00000	57700.00000	-339.55775	0.00000
-47188.42766	33545.01202	137.00000	57800.98983	-67.72062	0.00000	57800.00000	-340.36400	0.00000
-47269.88071	33603.02969	137.00000	57900.99267	-68.00277	0.00000	57900.00000	-341.16975	0.00000
-47351.33404	33661.04696	137.00000	58000.99552	-68.28441	0.00000	58000.00000	-341.97500	0.00000
-47432.78766	33719.06381	137.00000	58100.99836	-68.56555	0.00000	58100.00000	-342.77975	0.00000
-47514.24156	33777.08026	137.00000	58201.00120	-68.84620	0.00000	58200.00000	-343.58400	0.00000
-47595.69575	33835.09630	137.00000	58301.00404	-69.12634	0.00000	58300.00000	-344.38775	0.00000
-47677.15023	33893.11192	137.00000	58401.00687	-69.40598	0.00000	58400.00000	-345.19100	0.00000
-47758.60500	33951.12714	137.00000	58501.00971	-69.68512	0.00000	58500.00000	-345.99375	0.00000
-47840.06005	34009.14195	137.00000	58601.01254	-69.96377	0.00000	58600.00000	-346.79600	0.00000
-47921.51539	34067.15635	137.00000	58701.01536	-70.24191	0.00000	58700.00000	-347.59775	0.00000
-48002.97102	34125.17034	137.00000	58801.01819	-70.51955	0.00000	58800.00000	-348.39900	0.00000
-48084.42693	34183.18392	137.00000	58901.02101	-70.79669	0.00000	58900.00000	-349.19975	0.00000
-48165.88313	34241.19709	137.00000	59001.02383	-71.07334	0.00000	59000.00000	-350.00000	0.00000
-48247.33962	34299.20985	137.00000	59101.02665	-71.34948	0.00000	59100.00000	-350.79975	0.00000
-48328.79639	34357.22220	137.00000	59201.02946	-71.62512	0.00000	59200.00000	-351.59900	0.00000
-48410.25345	34415.23414	137.00000	59301.03227	-71.90026	0.00000	59300.00000	-352.39775	0.00000
-48491.71080	34473.24567	137.00000	59401.03508	-72.17491	0.00000	59400.00000	-353.19600	0.00000
-48573.16843	34531.25679	137.00000	59501.03789	-72.44905	0.00000	59500.00000	-353.99375	0.00000
-48654.62635	34589.26751	137.00000	59601.04069	-72.72269	0.00000	59600.00000	-354.79100	0.00000
-48736.08456	34647.27781	137.00000	59701.04349	-72.99583	0.00000	59700.00000	-355.58775	0.00000
-48817.54306	34705.28770	137.00000	59801.04629	-73.26848	0.00000	59800.00000	-356.38400	0.00000
-48899.00184	34763.29719	137.00000	59901.04909	-73.54062	0.00000	59900.00000	-357.17975	0.00000
-48980.46090	34821.30626	137.00000	60001.05188	-73.81226	0.00000	60000.00000	-357.97500	0.00000
-49061.92026	34879.31493	137.00000	60101.05467	-74.08341	0.00000	60100.00000	-358.76975	0.00000
-49143.37990	34937.32318	137.00000	60201.05746	-74.35405	0.00000	60200.00000	-359.56400	0.00000
-49224.83983	34995.33103	137.00000	60301.06024	-74.62419	0.00000	60300.00000	-360.35775	0.00000
-49306.30004	35053.33846	137.00000	60401.06303	-74.89383	0.00000	60400.00000	-361.15100	0.00000
-49387.76054	35111.34549	137.00000	60501.06581	-75.16298	0.00000	60500.00000	-361.94375	0.00000
-49469.22133	35169.35211	137.00000	60601.06858	-75.43162	0.00000	60600.00000	-362.73600	0.00000
-49550.68241	35227.35831	137.00000	60701.07136	-75.69976	0.00000	60700.00000	-363.52775	0.00000
-49632.14377	35285.36411	137.00000	60801.07413	-75.96741	0.00000	60800.00000	-364.31900	0.00000
-49713.60542	35343.36950	137.00000	60901.07690	-76.23455	0.00000	60900.00000	-365.10975	0.00000
-49795.06735	35401.37448	137.00000	61001.07967	-76.50119	0.00000	61000.00000	-365.90000	0.00000
-49876.52958	35459.37905	137.00000	61101.08243	-76.76733	0.00000	61100.00000	-366.68975	0.00000
-49957.99209	35517.38321	137.00000	61201.08519	-77.03298	0.00000	61200.00000	-367.47900	0.00000
-50039.45488	35575.38696	137.00000	61301.08795	-77.29812	0.00000	61300.00000	-368.26775	0.00000
-50120.91797	35633.39030	137.00000	61401.09071	-77.56276	0.00000	61400.00000	-369.05600	0.00000
-50202.38133	35691.39323	137.00000	61501.09346	-77.82690	0.00000	61500.00000	-369.84375	0.00000
-50283.84499	35749.39575	137.00000	61601.09621	-78.09055	0.00000	61600.00000	-370.63100	0.00000
-50365.30893	35807.39786	137.00000	61701.09896	-78.35369	0.00000	61700.00000	-371.41775	0.00000
-50446.77316	35865.39956	137.00000	61801.10171	-78.61633	0.00000	61800.00000	-372.20400	0.00000
-50528.23768	35923.40085	137.00000	61901.10445	-78.87848	0.00000	61900.00000	-372.98975	0.00000
-50609.70248	35981.40174	137.00000	62001.10719	-79.14012	0.00000	62000.00000	-373.77500	0.00000
-50691.16758	36039.40221	137.00000	62101.10993	-79.40126	0.00000	62100.00000	-374.55975	0.00000
-50772.63295	36097.40227	137.00000	62201.11267	-79.66190	0.00000	62200.00000	-375.34400	0.00000
-50854.09862	36155.40193	137.00000	62301.11540	-79.92205	0.00000	62300.00000	-376.12775	0.00000
-50935.56457	36213.40117	137.00000	62401.11813	-80.18169	0.00000	62400.00000	-376.91100	0.00000
-51017.03080	36271.40001	137.00000	62501.12086	-80.44083	0.00000	62500.00000	-377.69375	0.00000
-51098.49733	36329.39843	137.00000	62601.12358	-80.69948	0.00000	62600.00000	-378.47600	0.00000
-51179.96414	36387.39645	137.00000	62701.12630	-80.95762	0.00000	62700.00000	-379.25775	0.00000
-51261.43124	36445.39405	137.00000	62801.12902	-81.21526	0.00000	62800.00000	-380.03900	0.00000
-51342.89862	36503.39125	137.00000	62901.13174	-81.47240	0.00000	62900.00000	-380.81975	0.00000
-51424.36629	36561.38804	137.00000	63001.13446	-81.72905	0.00000	63000.00000	-381.60000	0.00000
-51505.83425	36619.38442	137.00000	63101.13717	-81.98519	0.00000	63100.00000	-382.37975	0.00000
-51587.30250	36677.38038	137.00000	63201.13988	-82.24083	0.00000	63200.00000	-383.15900	0.00000
-51668.77103	36735.37594	137.00000	63301.14258	-82.49598	0.00000	63300.00000	-383.93775	0.00000
-51750.23985	36793.37109	137.00000	63401.14529	-82.75062	0.00000	63400.00000	-384.71600	0.00000
-51831.70895	36851.36583	137.00000	63501.14799	-83.00476	0.00000	63500.00000	-385.49375	0.00000
-51913.17834	36909.36016	137.00000	63601.15069	-83.25841	0.00000	63600.00000	-386.27100	0.00000
-51994.64802	36967.35408	137.00000	63701.15338	-83.51155	0.00000	63700.00000	-387.04775	0.00000
-52076.11799	37025.34759	137.00000	63801.15608	-83.76419	0.00000	63800.00000	-387.82400	0.00000
-52157.58824	37083.34069	137.00000	63901.15877	-84.01633	0.00000	63900.00000	-388.59975	0.00000
-52239.05878	37141.33338	137.00000	64001.16146	-84.26798	0.00000	64000.00000	-389.37500	0.00000
-52320.52961	37199.32566	137.00000	64101.16414	-84.51912	0.00000	64100.00000	-390.14975	0.00000
-52402.00072	37257.31754	137.00000	64201.16683	-84.76976	0.00000	64200.00000	-390.92400	0.00000
-52483.47212	37315.30900	137.00000	64301.16951	-85.01991	0.00000	64300.00000	-391.69775	0.00000
-52564.94381	37373.30005	137.00000	64401.17218	-85.26955	0.00000	64400.00000	-392.47100	0.00000
-52646.41578	37431.29069	137.00000	64501.17486	-85.51869	0.00000	64500.00000	-393.24375	0.00000
-52727.88804	37489.28093	137.00000	64601.17753	-85.76734	0.00000	64600.00000	-394.01600	0.00000
-52809.36059	37547.27075	137.00000	64701.18020	-86.01548	0.00000	64700.00000	-394.78775	0.00000
-52890.83342	37605.26017	137.00000	64801.18287	-86.26312	0.00000	64800.00000	-395.55900	0.00000
-52972.30654	37663.24917	137.00000	64901.18554	-86.51026	0.00000	64900.00000	-396.32975	0.00000
-53053.77995	37721.23777	137.00000	65001.18820	-86.75691	0.00000	65000.00000	-397.10000	0.00000
-53135.25364	37779.22595	137.00000	65101.19086	-87.00305	0.00000	65100.00000	-397.86975	0.00000
-53216.72762	37837.21373	137.00000	65201.19351	-87.24869	0.00000	65200.00000	-398.63900	0.00000
-53298.20189	37895.20110	137.00000	65301.19617	-87.49384	0.00000	65300.00000	-399.40775	0.00000
-53379.67644	37953.18805	137.00000	65401.19882	-87.73848	0.00000	65400.00000	-400.17600	0.00000
-53461.15128	38011.17460	137.00000	65501.20147	-87.98262	0.00000	65500.00000	-400.94375	0.00000
-53542.62641	38069.16074	137.00000	65601.20412	-88.22627	0.00000	65600.00000	-401.71100	0.00000
-53624.10183	38127.14647	137.00000	65701.20676	-88.46941	0.00000	65700.00000	-402.47775	0.00000
-53705.57753	38185.13179	137.00000	65801.20940	-88.71205	0.00000	65800.00000	-403.24400	0.00000
-53787.05352	38243.11670	137.00000	65901.21204	-88.95420	0.00000	65900.00000	-404.00975	0.00000
-53868.52979	38301.10120	137.00000	66001.21468	-89.19584	0.00000	66000.00000	-404.77500	0.00000
-53950.00635	38359.08529	137.00000	66101.21731	-89.43698	0.00000	66100.00000	-405.53975	0.00000
-54031.48320	38417.06897	137.00000	66201.21994	-89.67762	0.00000	66200.00000	-406.30400	0.00000
-54112.96034	38475.05224	137.00000	66301.22257	-89.91777	0.00000	66300.00000	-407.06775	0.00000
-54194.43776	38533.03510	137.00000	66401.22519	-90.15741	0.00000	66400.00000	-407.83100	0.00000
-54275.91547	38591.01755	137.00000	66501.22782	-90.39655	0.00000	66500.00000	-408.59375	0.00000
-54357.39347	38648.99959	137.00000	66601.23044	-90.63520	0.00000	66600.00000	-409.35600	0.00000
-54438.87175	38706.98123	137.00000	66701.23305	-90.87334	0.00000	66700.00000	-410.11775	0.00000
-54520.35032	38764.96245	137.00000	66801.23567	-91.11098	0.00000	66800.00000	-410.87900	0.00000
-54601.82917	38822.94326	137.00000	66901.23828	-91.34813	0.00000	66900.00000	-411.63975	0.00000
-54683.30832	38880.92367	137.00000	67001.24089	-91.58477	0.00000	67000.00000	-412.40000	0.00000
-54764.78775	38938.90366	137.00000	67101.24350	-91.82091	0.00000	67100.00000	-413.15975	0.00000
-54846.26746	38996.88325	137.00000	67201.24610	-92.05656	0.00000	67200.00000	-413.91900	0.00000
-54927.74747	39054.86242	137.00000	67301.24871	-92.29170	0.00000	67300.00000	-414.67775	0.00000
-55009.22776	39112.84119	137.00000	67401.25131	-92.52634	0.00000	67400.00000	-415.43600	0.00000
-55090.70833	39170.81954	137.00000	67501.25390	-92.76049	0.00000	67500.00000	-416.19375	0.00000
-55172.18920	39228.79749	137.00000	67601.25650	-92.99413	0.00000	67600.00000	-416.95100	0.00000
-55253.67035	39286.77503	137.00000	67701.25909	-93.22727	0.00000	67700.00000	-417.70775	0.00000
-55335.15178	39344.75215	137.00000	67801.26168	-93.45992	0.00000	67800.00000	-418.46400	0.00000
-55416.63351	39402.72887	137.00000	67901.26426	-93.69206	0.00000	67900.00000	-419.21975	0.00000
-55498.11552	39460.70518	137.00000	68001.26685	-93.92370	0.00000	68000.00000	-419.97500	0.00000
-55579.59782	39518.68108	137.00000	68101.26943	-94.15485	0.00000	68100.00000	-420.72975	0.00000
-55661.08040	39576.65657	137.00000	68201.27201	-94.38549	0.00000	68200.00000	-421.48400	0.00000
-55742.56327	39634.63165	137.00000	68301.27458	-94.61563	0.00000	68300.00000	-422.23775	0.00000
-55824.04643	39692.60632	137.00000	68401.27716	-94.84528	0.00000	68400.00000	-422.99100	0.00000
-55905.52988	39750.58058	137.00000	68501.27973	-95.07442	0.00000	68500.00000	-423.74375	0.00000
-55987.01361	39808.55443	137.00000	68601.28229	-95.30306	0.00000	68600.00000	-424.49600	0.00000
-56068.49762	39866.52787	137.00000	68701.28486	-95.53121	0.00000	68700.00000	-425.24775	0.00000
-56149.98193	39924.50090	137.00000	68801.28742	-95.75885	0.00000	68800.00000	-425.99900	0.00000
-56231.46652	39982.47352	137.00000	68901.28998	-95.98599	0.00000	68900.00000	-426.74975	0.00000
-56312.95140	40040.44573	137.00000	69001.29254	-96.21264	0.00000	69000.00000	-427.50000	0.00000
-56394.43657	40098.41754	137.00000	69101.29509	-96.43878	0.00000	69100.00000	-428.24975	0.00000
-56475.92202	40156.38893	137.00000	69201.29765	-96.66442	0.00000	69200.00000	-428.99900	0.00000
-56557.40776	40214.35991	137.00000	69301.30020	-96.88957	0.00000	69300.00000	-429.74775	0.00000
-56638.89378	40272.33049	137.00000	69401.30274	-97.11421	0.00000	69400.00000	-430.49600	0.00000
-56720.38010	40330.30065	137.00000	69501.30529	-97.33835	0.00000	69500.00000	-431.24375	0.00000
-56801.86670	40388.27041	137.00000	69601.30783	-97.56200	0.00000	69600.00000	-431.99100	0.00000
-56883.35358	40446.23975	137.00000	69701.31037	-97.78514	0.00000	69700.00000	-432.73775	0.00000
-56964.84075	40504.20869	137.00000	69801.31291	-98.00778	0.00000	69800.00000	-433.48400	0.00000
-57046.32821	40562.17722	137.00000	69901.31544	-98.22993	0.00000	69900.00000	-434.22975	0.00000
-57127.81596	40620.14533	137.00000	70001.31797	-98.45157	0.00000	70000.00000	-434.97500	0.00000
-57209.30399	40678.11304	137.00000	70101.32050	-98.67271	0.00000	70100.00000	-435.71975	0.00000
-57290.79231	40736.08034	137.00000	70201.32303	-98.89336	0.00000	70200.00000	-436.46400	0.00000
-57372.28092	40794.04723	137.00000	70301.32555	-99.11350	0.00000	70300.00000	-437.20775	0.00000
-57453.76982	40852.01370	137.00000	70401.32807	-99.33314	0.00000	70400.00000	-437.95100	0.00000
-57535.25900	40909.97977	137.00000	70501.33059	-99.55229	0.00000	70500.00000	-438.69375	0.00000
-57616.74846	40967.94543	137.00000	70601.33310	-99.77093	0.00000	70600.00000	-439.43600	0.00000
-57698.23822	41025.91068	137.00000	70701.33562	-99.98907	0.00000	70700.00000	-440.17775	0.00000
-57779.72826	41083.87552	137.00000	70801.33813	-100.20672	0.00000	70800.00000	-440.91900	0.00000
-57861.21859	41141.83995	137.00000	70901.34063	-100.42386	0.00000	70900.00000	-441.65975	0.00000
-57942.70920	41199.80397	137.00000	71001.34314	-100.64050	0.00000	71000.00000	-442.40000	0.00000
-58024.20010	41257.76758	137.00000	71101.34564	-100.85665	0.00000	71100.00000	-443.13975	0.00000
-58105.69129	41315.73079	137.00000	71201.34814	-101.07229	0.00000	71200.00000	-443.87900	0.00000
-58187.18276	41373.69358	137.00000	71301.35064	-101.28743	0.00000	71300.00000	-444.61775	0.00000
-58268.67453	41431.65596	137.00000	71401.35313	-101.50208	0.00000	71400.00000	-445.35600	0.00000
-58350.16657	41489.61793	137.00000	71501.35563	-101.71622	0.00000	71500.00000	-446.09375	0.00000
-58431.65891	41547.57950	137.00000	71601.35812	-101.92986	0.00000	71600.00000	-446.83100	0.00000
-58513.15153	41605.54065	137.00000	71701.36060	-102.14301	0.00000	71700.00000	-447.56775	0.00000
-58594.64444	41663.50140	137.00000	71801.36309	-102.35565	0.00000	71800.00000	-448.30400	0.00000
-58676.13764	41721.46173	137.00000	71901.36557	-102.56780	0.00000	71900.00000	-449.03975	0.00000
-58757.63112	41779.42166	137.00000	72001.36805	-102.77944	0.00000	72000.00000	-449.77500	0.00000
-58839.12489	41837.38117	137.00000	72101.37052	-102.99058	0.00000	72100.00000	-450.50975	0.00000
-58920.61894	41895.34028	137.00000	72201.37300	-103.20123	0.00000	72200.00000	-451.24400	0.00000
-59002.11329	41953.29897	137.00000	72301.37547	-103.41137	0.00000	72300.00000	-451.97775	0.00000
-59083.60792	42011.25726	137.00000	72401.37794	-103.62101	0.00000	72400.00000	-452.71100	0.00000
-59165.10283	42069.21514	137.00000	72501.38040	-103.83016	0.00000	72500.00000	-453.44375	0.00000
-59246.59804	42127.17261	137.00000	72601.38287	-104.03880	0.00000	72600.00000	-454.17600	0.00000
-59328.09352	42185.12966	137.00000	72701.38533	-104.24694	0.00000	72700.00000	-454.90775	0.00000
-59409.58930	42243.08631	137.00000	72801.38778	-104.45459	0.00000	72800.00000	-455.63900	0.00000
-59491.08537	42301.04255	137.00000	72901.39024	-104.66173	0.00000	72900.00000	-456.36975	0.00000
-59572.58172	42358.99838	137.00000	73001.39269	-104.86837	0.00000	73000.00000	-457.10000	0.00000
-59654.07835	42416.95380	137.00000	73101.39514	-105.07452	0.00000	73100.00000	-457.82975	0.00000
-59735.57528	42474.90881	137.00000	73201.39759	-105.28016	0.00000	73200.00000	-458.55900	0.00000
-59817.07249	42532.86341	137.00000	73301.40004	-105.48531	0.00000	73300.00000	-459.28775	0.00000
-59898.56998	42590.81760	137.00000	73401.40248	-105.68995	0.00000	73400.00000	-460.01600	0.00000
-59980.06777	42648.77138	137.00000	73501.40492	-105.89409	0.00000	73500.00000	-460.74375	0.00000
-60061.56584	42706.72476	137.00000	73601.40735	-106.09774	0.00000	73600.00000	-461.47100	0.00000
-60143.06420	42764.67772	137.00000	73701.40979	-106.30088	0.00000	73700.00000	-462.19775	0.00000
-60224.56284	42822.63027	137.00000	73801.41222	-106.50352	0.00000	73800.00000	-462.92400	0.00000
-60306.06177	42880.58241	137.00000	73901.41465	-106.70567	0.00000	73900.00000	-463.64975	0.00000
-60387.56099	42938.53415	137.00000	74001.41708	-106.90731	0.00000	74000.00000	-464.37500	0.00000
-60469.06050	42996.48547	137.00000	74101.41950	-107.10845	0.00000	74100.00000	-465.09975	0.00000
-60550.56029	43054.43639	137.00000	74201.42192	-107.30910	0.00000	74200.00000	-465.82400	0.00000
-60632.06037	43112.38689	137.00000	74301.42434	-107.50924	0.00000	74300.00000	-466.54775	0.00000
-60713.56073	43170.33699	137.00000	74401.42676	-107.70889	0.00000	74400.00000	-467.27100	0.00000
-60795.06138	43228.28667	137.00000	74501.42917	-107.90803	0.00000	74500.00000	-467.99375	0.00000
-60876.56232	43286.23595	137.00000	74601.43158	-108.10667	0.00000	74600.00000	-468.71600	0.00000
-60958.06355	43344.18482	137.00000	74701.43399	-108.30482	0.00000	74700.00000	-469.43775	0.00000
-61039.56506	43402.13327	137.00000	74801.43640	-108.50246	0.00000	74800.00000	-470.15900	0.00000
-61121.06686	43460.08132	137.00000	74901.43880	-108.69960	0.00000	74900.00000	-470.87975	0.00000
-61202.56895	43518.02896	137.00000	75001.44120	-108.89625	0.00000	75000.00000	-471.60000	0.00000
-61284.07132	43575.97619	137.00000	75101.44360	-109.09239	0.00000	75100.00000	-472.31975	0.00000
-61365.57398	43633.92301	137.00000	75201.44599	-109.28804	0.00000	75200.00000	-473.03900	0.00000
-61447.07692	43691.86941	137.00000	75301.44838	-109.48318	0.00000	75300.00000	-473.75775	0.00000
-61528.58016	43749.81541	137.00000	75401.45077	-109.67782	0.00000	75400.00000	-474.47600	0.00000
-61610.08368	43807.76100	137.00000	75501.45316	-109.87197	0.00000	75500.00000	-475.19375	0.00000
-61691.58748	43865.70618	137.00000	75601.45555	-110.06561	0.00000	75600.00000	-475.91100	0.00000
-61773.09158	43923.65096	137.00000	75701.45793	-110.25875	0.00000	75700.00000	-476.62775	0.00000
-61854.59596	43981.59532	137.00000	75801.46031	-110.45140	0.00000	75800.00000	-477.34400	0.00000
-61936.10063	44039.53927	137.00000	75901.46269	-110.64354	0.00000	75900.00000	-478.05975	0.00000
-62017.60558	44097.48281	137.00000	76001.46506	-110.83519	0.00000	76000.00000	-478.77500	0.00000
-62099.11082	44155.42594	137.00000	76101.46743	-111.02633	0.00000	76100.00000	-479.48975	0.00000
-62180.61635	44213.36867	137.00000	76201.46980	-111.21697	0.00000	76200.00000	-480.20400	0.00000
-62262.12216	44271.31098	137.00000	76301.47217	-111.40712	0.00000	76300.00000	-480.91775	0.00000
-62343.62826	44329.25288	137.00000	76401.47453	-111.59676	0.00000	76400.00000	-481.63100	0.00000
-62425.13465	44387.19438	137.00000	76501.47689	-111.78591	0.00000	76500.00000	-482.34375	0.00000
-62506.64132	44445.13546	137.00000	76601.47925	-111.97455	0.00000	76600.00000	-483.05600	0.00000
-62588.14829	44503.07614	137.00000	76701.48161	-112.16269	0.00000	76700.00000	-483.76775	0.00000
-62669.65553	44561.01640	137.00000	76801.48396	-112.35034	0.00000	76800.00000	-484.47900	0.00000
-62751.16307	44618.95626	137.00000	76901.48631	-112.53748	0.00000	76900.00000	-485.18975	0.00000
-62832.67089	44676.89571	137.00000	77001.48866	-112.72412	0.00000	77000.00000	-485.90000	0.00000
-62914.17900	44734.83474	137.00000	77101.49100	-112.91027	0.00000	77100.00000	-486.60975	0.00000
-62995.68739	44792.77337	137.00000	77201.49335	-113.09591	0.00000	77200.00000	-487.31900	0.00000
-63077.19608	44850.71159	137.00000	77301.49569	-113.28106	0.00000	77300.00000	-488.02775	0.00000
-63158.70505	44908.64939	137.00000	77401.49802	-113.46570	0.00000	77400.00000	-488.73600	0.00000
-63240.21430	44966.58679	137.00000	77501.50036	-113.64984	0.00000	77500.00000	-489.44375	0.00000
-63321.72384	45024.52378	137.00000	77601.50269	-113.83349	0.00000	77600.00000	-490.15100	0.00000
-63403.23367	45082.46036	137.00000	77701.50502	-114.01663	0.00000	77700.00000	-490.85775	0.00000
-63484.74379	45140.39653	137.00000	77801.50735	-114.19928	0.00000	77800.00000	-491.56400	0.00000
-63566.25419	45198.33229	137.00000	77901.50967	-114.38142	0.00000	77900.00000	-492.26975	0.00000
-63647.76488	45256.26764	137.00000	78001.51199	-114.56306	0.00000	78000.00000	-492.97500	0.00000
-63729.27586	45314.20258	137.00000	78101.51431	-114.74421	0.00000	78100.00000	-493.67975	0.00000
-63810.78712	45372.13711	137.00000	78201.51663	-114.92485	0.00000	78200.00000	-494.38400	0.00000
-63892.29867	45430.07124	137.00000	78301.51894	-115.10500	0.00000	78300.00000	-495.08775	0.00000
-63973.81051	45488.00495	137.00000	78401.52126	-115.28464	0.00000	78400.00000	-495.79100	0.00000
-64055.32263	45545.93825	137.00000	78501.52356	-115.46378	0.00000	78500.00000	-496.49375	0.00000
-64136.83504	45603.87114	137.00000	78601.52587	-115.64243	0.00000	78600.00000	-497.19600	0.00000
-64218.34774	45661.80363	137.00000	78701.52817	-115.82057	0.00000	78700.00000	-497.89775	0.00000
-64299.86072	45719.73570	137.00000	78801.53048	-115.99822	0.00000	78800.00000	-498.59900	0.00000
-64381.37399	45777.66737	137.00000	78901.53277	-116.17536	0.00000	78900.00000	-499.29975	0.00000
-64462.88755	45835.59862	137.00000	79001.53507	-116.35200	0.00000	79000.00000	-500.00000	0.00000
-64544.40140	45893.52947	137.00000	79101.53736	-116.52815	0.00000	79100.00000	-500.69975	0.00000
-64625.91553	45951.45990	137.00000	79201.53965	-116.70379	0.00000	79200.00000	-501.39900	0.00000
-64707.42995	46009.38993	137.00000	79301.54194	-116.87894	0.00000	79300.00000	-502.09775	0.00000
-64788.94465	46067.31955	137.00000	79401.54423	-117.05358	0.00000	79400.00000	-502.79600	0.00000
-64870.45964	46125.24875	137.00000	79501.54651	-117.22772	0.00000	79500.00000	-503.49375	0.00000
-64951.97492	46183.17755	137.00000	79601.54879	-117.40137	0.00000	79600.00000	-504.19100	0.00000
-65033.49048	46241.10594	137.00000	79701.55107	-117.57451	0.00000	79700.00000	-504.88775	0.00000
-65115.00634	46299.03392	137.00000	79801.55334	-117.74716	0.00000	79800.00000	-505.58400	0.00000
-65196.52248	46356.96148	137.00000	79901.55561	-117.91930	0.00000	79900.00000	-506.27975	0.00000
-65278.03890	46414.88864	137.00000	80001.55788	-118.09094	0.00000	80000.00000	-506.97500	0.00000
-65359.55561	46472.81539	137.00000	80101.56015	-118.26209	0.00000	80100.00000	-507.66975	0.00000
-65441.07261	46530.74173	137.00000	80201.56241	-118.43273	0.00000	80200.00000	-508.36400	0.00000
-65522.58990	46588.66766	137.00000	80301.56468	-118.60288	0.00000	80300.00000	-509.05775	0.00000
-65604.10747	46646.59318	137.00000	80401.56693	-118.77252	0.00000	80400.00000	-509.75100	0.00000
-65685.62533	46704.51830	137.00000	80501.56919	-118.94166	0.00000	80500.00000	-510.44375	0.00000
-65767.14348	46762.44300	137.00000	80601.57144	-119.11031	0.00000	80600.00000	-511.13600	0.00000
-65848.66191	46820.36729	137.00000	80701.57370	-119.27845	0.00000	80700.00000	-511.82775	0.00000
-65930.18063	46878.29117	137.00000	80801.57594	-119.44610	0.00000	80800.00000	-512.51900	0.00000
-66011.69963	46936.21464	137.00000	80901.57819	-119.61324	0.00000	80900.00000	-513.20975	0.00000
-66093.21893	46994.13771	137.00000	81001.58043	-119.77989	0.00000	81000.00000	-513.90000	0.00000
-66174.73851	47052.06036	137.00000	81101.58267	-119.94603	0.00000	81100.00000	-514.58975	0.00000
-66256.25837	47109.98261	137.00000	81201.58491	-120.11167	0.00000	81200.00000	-515.27900	0.00000
-66337.77853	47167.90444	137.00000	81301.58715	-120.27682	0.00000	81300.00000	-515.96775	0.00000
-66419.29897	47225.82587	137.00000	81401.58938	-120.44146	0.00000	81400.00000	-516.65600	0.00000
-66500.81970	47283.74688	137.00000	81501.59161	-120.60561	0.00000	81500.00000	-517.34375	0.00000
-66582.34071	47341.66749	137.00000	81601.59384	-120.76925	0.00000	81600.00000	-518.03100	0.00000
-66663.86201	47399.58768	137.00000	81701.59606	-120.93239	0.00000	81700.00000	-518.71775	0.00000
-66745.38360	47457.50747	137.00000	81801.59829	-121.09504	0.00000	81800.00000	-519.40400	0.00000
-66826.90547	47515.42685	137.00000	81901.60051	-121.25718	0.00000	81900.00000	-520.08975	0.00000
-66908.42763	47573.34581	137.00000	82001.60272	-121.41883	0.00000	82000.00000	-520.77500	0.00000
-66989.95008	47631.26437	137.00000	82101.60494	-121.57997	0.00000	82100.00000	-521.45975	0.00000
-67071.47282	47689.18252	137.00000	82201.60715	-121.74062	0.00000	82200.00000	-522.14400	0.00000
-67152.99584	47747.10026	137.00000	82301.60936	-121.90076	0.00000	82300.00000	-522.82775	0.00000
-67234.51915	47805.01759	137.00000	82401.61157	-122.06040	0.00000	82400.00000	-523.51100	0.00000
-67316.04274	47862.93451	137.00000	82501.61377	-122.21955	0.00000	82500.00000	-524.19375	0.00000
-67397.56662	47920.85102	137.00000	82601.61597	-122.37819	0.00000	82600.00000	-524.87600	0.00000
-67479.09079	47978.76712	137.00000	82701.61817	-122.53634	0.00000	82700.00000	-525.55775	0.00000
-67560.61525	48036.68281	137.00000	82801.62037	-122.69398	0.00000	82800.00000	-526.23900	0.00000
-67642.13999	48094.59809	137.00000	82901.62256	-122.85113	0.00000	82900.00000	-526.91975	0.00000
-67723.66502	48152.51296	137.00000	83001.62475	-123.00777	0.00000	83000.00000	-527.60000	0.00000
-67805.19034	48210.42743	137.00000	83101.62694	-123.16391	0.00000	83100.00000	-528.27975	0.00000
-67886.71594	48268.34148	137.00000	83201.62913	-123.31956	0.00000	83200.00000	-528.95900	0.00000
-67968.24183	48326.25512	137.00000	83301.63131	-123.47470	0.00000	83300.00000	-529.63775	0.00000
-68049.76800	48384.16835	137.00000	83401.63349	-123.62935	0.00000	83400.00000	-530.31600	0.00000
-68131.29447	48442.08118	137.00000	83501.63567	-123.78349	0.00000	83500.00000	-530.99375	0.00000
-68212.82122	48499.99359	137.00000	83601.63784	-123.93714	0.00000	83600.00000	-531.67100	0.00000
-68294.34825	48557.90560	137.00000	83701.64001	-124.09028	0.00000	83700.00000	-532.34775	0.00000
-68375.87558	48615.81719	137.00000	83801.64218	-124.24292	0.00000	83800.00000	-533.02400	0.00000
-68457.40319	48673.72838	137.00000	83901.64435	-124.39507	0.00000	83900.00000	-533.69975	0.00000
-68538.93108	48731.63915	137.00000	84001.64652	-124.54671	0.00000	84000.00000	-534.37500	0.00000
-68620.45927	48789.54952	137.00000	84101.64868	-124.69786	0.00000	84100.00000	-535.04975	0.00000
-68701.98774	48847.45948	137.00000	84201.65084	-124.84850	0.00000	84200.00000	-535.72400	0.00000
-68783.51649	48905.36903	137.00000	84301.65300	-124.99865	0.00000	84300.00000	-536.39775	0.00000
-68865.04554	48963.27816	137.00000	84401.65515	-125.14829	0.00000	84400.00000	-537.07100	0.00000
-68946.57487	49021.18689	137.00000	84501.65730	-125.29743	0.00000	84500.00000	-537.74375	0.00000
-69028.10449	49079.09521	137.00000	84601.65945	-125.44608	0.00000	84600.00000	-538.41600	0.00000
-69109.63439	49137.00312	137.00000	84701.66160	-125.59422	0.00000	84700.00000	-539.08775	0.00000
-69191.16458	49194.91062	137.00000	84801.66374	-125.74187	0.00000	84800.00000	-539.75900	0.00000
-69272.69506	49252.81771	137.00000	84901.66588	-125.88901	0.00000	84900.00000	-540.42975	0.00000
-69354.22583	49310.72439	137.00000	85001.66802	-126.03566	0.00000	85000.00000	-541.10000	0.00000
-69435.75688	49368.63066	137.00000	85101.67016	-126.18180	0.00000	85100.00000	-541.76975	0.00000
-69517.28822	49426.53652	137.00000	85201.67229	-126.32745	0.00000	85200.00000	-542.43900	0.00000
-69598.81984	49484.44197	137.00000	85301.67442	-126.47259	0.00000	85300.00000	-543.10775	0.00000
-69680.35175	49542.34701	137.00000	85401.67655	-126.61723	0.00000	85400.00000	-543.77600	0.00000
-69761.88395	49600.25165	137.00000	85501.67867	-126.76138	0.00000	85500.00000	-544.44375	0.00000
-69843.41644	49658.15587	137.00000	85601.68080	-126.90502	0.00000	85600.00000	-545.11100	0.00000
-69924.94921	49716.05968	137.00000	85701.68292	-127.04817	0.00000	85700.00000	-545.77775	0.00000
-70006.48227	49773.96309	137.00000	85801.68504	-127.19081	0.00000	85800.00000	-546.44400	0.00000
-70088.01561	49831.86608	137.00000	85901.68715	-127.33296	0.00000	85900.00000	-547.10975	0.00000
-70169.54925	49889.76866	137.00000	86001.68926	-127.47460	0.00000	86000.00000	-547.77500	0.00000
-70251.08317	49947.67084	137.00000	86101.69137	-127.61575	0.00000	86100.00000	-548.43975	0.00000
-70332.61737	50005.57261	137.00000	86201.69348	-127.75639	0.00000	86200.00000	-549.10400	0.00000
-70414.15187	50063.47396	137.00000	86301.69559	-127.89654	0.00000	86300.00000	-549.76775	0.00000
-70495.68665	50121.37491	137.00000	86401.69769	-128.03618	0.00000	86400.00000	-550.43100	0.00000
-70577.22171	50179.27544	137.00000	86501.69979	-128.17532	0.00000	86500.00000	-551.09375	0.00000
-70658.75707	50237.17557	137.00000	86601.70188	-128.31397	0.00000	86600.00000	-551.75600	0.00000
-70740.29271	50295.07529	137.00000	86701.70398	-128.45211	0.00000	86700.00000	-552.41775	0.00000
-70821.82863	50352.97460	137.00000	86801.70607	-128.58976	0.00000	86800.00000	-553.07900	0.00000
-70903.36485	50410.87349	137.00000	86901.70816	-128.72690	0.00000	86900.00000	-553.73975	0.00000
-70984.90135	50468.77198	137.00000	87001.71024	-128.86355	0.00000	87000.00000	-554.40000	0.00000
-71066.43814	50526.67006	137.00000	87101.71233	-128.99969	0.00000	87100.00000	-555.05975	0.00000
-71147.97521	50584.56773	137.00000	87201.71441	-129.13534	0.00000	87200.00000	-555.71900	0.00000
-71229.51257	50642.46499	137.00000	87301.71649	-129.27048	0.00000	87300.00000	-556.37775	0.00000
-71311.05022	50700.36184	137.00000	87401.71856	-129.40513	0.00000	87400.00000	-557.03600	0.00000
-71392.58815	50758.25828	137.00000	87501.72064	-129.53927	0.00000	87500.00000	-557.69375	0.00000
-71474.12637	50816.15432	137.00000	87601.72271	-129.67291	0.00000	87600.00000	-558.35100	0.00000
-71555.66488	50874.04994	137.00000	87701.72477	-129.80606	0.00000	87700.00000	-559.00775	0.00000
-71637.20368	50931.94515	137.00000	87801.72684	-129.93870	0.00000	87800.00000	-559.66400	0.00000
-71718.74276	50989.83995	137.00000	87901.72890	-130.07085	0.00000	87900.00000	-560.31975	0.00000
-71800.28213	51047.73434	137.00000	88001.73096	-130.20249	0.00000	88000.00000	-560.97500	0.00000
-71881.82178	51105.62833	137.00000	88101.73302	-130.33364	0.00000	88100.00000	-561.62975	0.00000
-71963.36172	51163.52190	137.00000	88201.73507	-130.46428	0.00000	88200.00000	-562.28400	0.00000
-72044.90195	51221.41507	137.00000	88301.73713	-130.59443	0.00000	88300.00000	-562.93775	0.00000
-72126.44247	51279.30782	137.00000	88401.73918	-130.72407	0.00000	88400.00000	-563.59100	0.00000
-72207.98327	51337.20017	137.00000	88501.74122	-130.85322	0.00000	88500.00000	-564.24375	0.00000
-72289.52436	51395.09210	137.00000	88601.74327	-130.98186	0.00000	88600.00000	-564.89600	0.00000
-72371.06574	51452.98363	137.00000	88701.74531	-131.11001	0.00000	88700.00000	-565.54775	0.00000
-72452.60740	51510.87474	137.00000	88801.74735	-131.23765	0.00000	88800.00000	-566.19900	0.00000
-72534.14935	51568.76545	137.00000	88901.74939	-131.36480	0.00000	88900.00000	-566.84975	0.00000
-72615.69159	51626.65575	137.00000	89001.75142	-131.49144	0.00000	89000.00000	-567.50000	0.00000
-72697.23411	51684.54564	137.00000	89101.75345	-131.61758	0.00000	89100.00000	-568.14975	0.00000
-72778.77692	51742.43511	137.00000	89201.75548	-131.74323	0.00000	89200.00000	-568.79900	0.00000
-72860.32002	51800.32418	137.00000	89301.75751	-131.86837	0.00000	89300.00000	-569.44775	0.00000
-72941.86340	51858.21284	137.00000	89401.75953	-131.99302	0.00000	89400.00000	-570.09600	0.00000
-73023.40707	51916.10109	137.00000	89501.76155	-132.11716	0.00000	89500.00000	-570.74375	0.00000
-73104.95103	51973.98893	137.00000	89601.76357	-132.24081	0.00000	89600.00000	-571.39100	0.00000
-73186.49527	52031.87636	137.00000	89701.76558	-132.36395	0.00000	89700.00000	-572.03775	0.00000
-73268.03980	52089.76338	137.00000	89801.76760	-132.48660	0.00000	89800.00000	-572.68400	0.00000
-73349.58462	52147.64999	137.00000	89901.76961	-132.60874	0.00000	89900.00000	-573.32975	0.00000
-73431.12972	52205.53619	137.00000	90001.77161	-132.73039	0.00000	90000.00000	-573.97500	0.00000
-73512.67511	52263.42199	137.00000	90101.77362	-132.85153	0.00000	90100.00000	-574.61975	0.00000
-73594.22079	52321.30737	137.00000	90201.77562	-132.97218	0.00000	90200.00000	-575.26400	0.00000
-73675.76676	52379.19234	137.00000	90301.77762	-133.09232	0.00000	90300.00000	-575.90775	0.00000
-73757.31301	52437.07690	137.00000	90401.77962	-133.21197	0.00000	90400.00000	-576.55100	0.00000
-73838.85955	52494.96106	137.00000	90501.78161	-133.33111	0.00000	90500.00000	-577.19375	0.00000
-73920.40637	52552.84480	137.00000	90601.78361	-133.44976	0.00000	90600.00000	-577.83600	0.00000
-74001.95348	52610.72814	137.00000	90701.78560	-133.56790	0.00000	90700.00000	-578.47775	0.00000
-74083.50088	52668.61106	137.00000	90801.78758	-133.68555	0.00000	90800.00000	-579.11900	0.00000
-74165.04857	52726.49358	137.00000	90901.78957	-133.80269	0.00000	90900.00000	-579.75975	0.00000
-74246.59654	52784.37568	137.00000	91001.79155	-133.91934	0.00000	91000.00000	-580.40000	0.00000
-74328.14480	52842.25738	137.00000	91101.79353	-134.03548	0.00000	91100.00000	-581.03975	0.00000
-74409.69334	52900.13866	137.00000	91201.79550	-134.15113	0.00000	91200.00000	-581.67900	0.00000
-74491.24217	52958.01954	137.00000	91301.79748	-134.26627	0.00000	91300.00000	-582.31775	0.00000
-74572.79129	53015.90001	137.00000	91401.79945	-134.38091	0.00000	91400.00000	-582.95600	0.00000
-74654.34070	53073.78007	137.00000	91501.80142	-134.49506	0.00000	91500.00000	-583.59375	0.00000
-74735.89039	53131.65972	137.00000	91601.80338	-134.60870	0.00000	91600.00000	-584.23100	0.00000
-74817.44037	53189.53895	137.00000	91701.80535	-134.72185	0.00000	91700.00000	-584.86775	0.00000
-74898.99064	53247.41778	137.00000	91801.80731	-134.83449	0.00000	91800.00000	-585.50400	0.00000
-74980.54119	53305.29620	137.00000	91901.80926	-134.94664	0.00000	91900.00000	-586.13975	0.00000
-75062.09203	53363.17421	137.00000	92001.81122	-135.05828	0.00000	92000.00000	-586.77500	0.00000
-75143.64316	53421.05181	137.00000	92101.81317	-135.16943	0.00000	92100.00000	-587.40975	0.00000
-75225.19457	53478.92900	137.00000	92201.81512	-135.28007	0.00000	92200.00000	-588.04400	0.00000
-75306.74627	53536.80579	137.00000	92301.81707	-135.39022	0.00000	92300.00000	-588.67775	0.00000
-75388.29826	53594.68216	137.00000	92401.81901	-135.49986	0.00000	92400.00000	-589.31100	0.00000
-75469.85053	53652.55812	137.00000	92501.82096	-135.60901	0.00000	92500.00000	-589.94375	0.00000
-75551.40309	53710.43367	137.00000	92601.82290	-135.71765	0.00000	92600.00000	-590.57600	0.00000
-75632.95594	53768.30881	137.00000	92701.82483	-135.82580	0.00000	92700.00000	-591.20775	0.00000
-75714.50908	53826.18355	137.00000	92801.82677	-135.93344	0.00000	92800.00000	-591.83900	0.00000
-75796.06250	53884.05787	137.00000	92901.82870	-136.04059	0.00000	92900.00000	-592.46975	0.00000
-75877.61621	53941.93179	137.00000	93001.83063	-136.14723	0.00000	93000.00000	-593.10000	0.00000
-75959.17020	53999.80529	137.00000	93101.83256	-136.25338	0.00000	93100.00000	-593.72975	0.00000
-76040.72448	54057.67839	137.00000	93201.83448	-136.35902	0.00000	93200.00000	-594.35900	0.00000
-76122.27905	54115.55107	137.00000	93301.83640	-136.46417	0.00000	93300.00000	-594.98775	0.00000
-76203.83391	54173.42335	137.00000	93401.83832	-136.56881	0.00000	93400.00000	-595.61600	0.00000
-76285.38905	54231.29521	137.00000	93501.84024	-136.67296	0.00000	93500.00000	-596.24375	0.00000
-76366.94448	54289.16667	137.00000	93601.84215	-136.77660	0.00000	93600.00000	-596.87100	0.00000
-76448.50019	54347.03772	137.00000	93701.84406	-136.87975	0.00000	93700.00000	-597.49775	0.00000
-76530.05619	54404.90835	137.00000	93801.84597	-136.98239	0.00000	93800.00000	-598.12400	0.00000
-76611.61248	54462.77858	137.00000	93901.84787	-137.08454	0.00000	93900.00000	-598.74975	0.00000
-76693.16906	54520.64840	137.00000	94001.84978	-137.18618	0.00000	94000.00000	-599.37500	0.00000
-76774.72592	54578.51781	137.00000	94101.85168	-137.28733	0.00000	94100.00000	-599.99975	0.00000
-76856.28307	54636.38681	137.00000	94201.85358	-137.38797	0.00000	94200.00000	-600.62400	0.00000
-76937.84051	54694.25540	137.00000	94301.85547	-137.48812	0.00000	94300.00000	-601.24775	0.00000
-77019.39823	54752.12358	137.00000	94401.85736	-137.58776	0.00000	94400.00000	-601.87100	0.00000
-77100.95624	54809.99135	137.00000	94501.85925	-137.68691	0.00000	94500.00000	-602.49375	0.00000
-77182.51454	54867.85871	137.00000	94601.86114	-137.78555	0.00000	94600.00000	-603.11600	0.00000
-77264.07312	54925.72566	137.00000	94701.86302	-137.88370	0.00000	94700.00000	-603.73775	0.00000
-77345.63199	54983.59220	137.00000	94801.86491	-137.98134	0.00000	94800.00000	-604.35900	0.00000
-77427.19115	55041.45834	137.00000	94901.86679	-138.07849	0.00000	94900.00000	-604.97975	0.00000
-77508.75059	55099.32406	137.00000	95001.86866	-138.17513	0.00000	95000.00000	-605.60000	0.00000
-77590.31032	55157.18937	137.00000	95101.87054	-138.27128	0.00000	95100.00000	-606.21975	0.00000
-77671.87034	55215.05428	137.00000	95201.87241	-138.36692	0.00000	95200.00000	-606.83900	0.00000
-77753.43064	55272.91877	137.00000	95301.87428	-138.46207	0.00000	95300.00000	-607.45775	0.00000
-77834.99123	55330.78285	137.00000	95401.87614	-138.55672	0.00000	95400.00000	-608.07600	0.00000
-77916.55211	55388.64653	137.00000	95501.87801	-138.65086	0.00000	95500.00000	-608.69375	0.00000
-77998.11327	55446.50979	137.00000	95601.87987	-138.74451	0.00000	95600.00000	-609.31100	0.00000
-78079.67472	55504.37265	137.00000	95701.88173	-138.83765	0.00000	95700.00000	-609.92775	0.00000
-78161.23646	55562.23510	137.00000	95801.88358	-138.93030	0.00000	95800.00000	-610.54400	0.00000
-78242.79849	55620.09713	137.00000	95901.88544	-139.02244	0.00000	95900.00000	-611.15975	0.00000
-78324.36080	55677.95876	137.00000	96001.88729	-139.11409	0.00000	96000.00000	-611.77500	0.00000
-78405.92340	55735.81998	137.00000	96101.88914	-139.20523	0.00000	96100.00000	-612.38975	0.00000
-78487.48628	55793.68078	137.00000	96201.89098	-139.29588	0.00000	96200.00000	-613.00400	0.00000
-78569.04945	55851.54118	137.00000	96301.89282	-139.38602	0.00000	96300.00000	-613.61775	0.00000
-78650.61291	55909.40117	137.00000	96401.89466	-139.47567	0.00000	96400.00000	-614.23100	0.00000
-78732.17666	55967.26075	137.00000	96501.89650	-139.56481	0.00000	96500.00000	-614.84375	0.00000
-78813.74069	56025.11992	137.00000	96601.89834	-139.65346	0.00000	96600.00000	-615.45600	0.00000
-78895.30501	56082.97868	137.00000	96701.90017	-139.74160	0.00000	96700.00000	-616.06775	0.00000
-78976.86962	56140.83703	137.00000	96801.90200	-139.82925	0.00000	96800.00000	-616.67900	0.00000
-79058.43451	56198.69497	137.00000	96901.90383	-139.91639	0.00000	96900.00000	-617.28975	0.00000
-79139.99969	56256.55250	137.00000	97001.90565	-140.00304	0.00000	97000.00000	-617.90000	0.00000
-79221.56515	56314.40962	137.00000	97101.90747	-140.08918	0.00000	97100.00000	-618.50975	0.00000
-79303.13091	56372.26634	137.00000	97201.90929	-140.17483	0.00000	97200.00000	-619.11900	0.00000
-79384.69695	56430.12264	137.00000	97301.91111	-140.25997	0.00000	97300.00000	-619.72775	0.00000
-79466.26327	56487.97853	137.00000	97401.91292	-140.34462	0.00000	97400.00000	-620.33600	0.00000
-79547.82989	56545.83401	137.00000	97501.91473	-140.42876	0.00000	97500.00000	-620.94375	0.00000
-79629.39679	56603.68909	137.00000	97601.91654	-140.51241	0.00000	97600.00000	-621.55100	0.00000
-79710.96397	56661.54375	137.00000	97701.91835	-140.59556	0.00000	97700.00000	-622.15775	0.00000
-79792.53145	56719.39801	137.00000	97801.92015	-140.67820	0.00000	97800.00000	-622.76400	0.00000
-79874.09921	56777.25185	137.00000	97901.92195	-140.76035	0.00000	97900.00000	-623.36975	0.00000
-79955.66725	56835.10529	137.00000	98001.92375	-140.84199	0.00000	98000.00000	-623.97500	0.00000
-80037.23559	56892.95831	137.00000	98101.92555	-140.92314	0.00000	98100.00000	-624.57975	0.00000
-80118.80421	56950.81093	137.00000	98201.92734	-141.00378	0.00000	98200.00000	-625.18400	0.00000
-80200.37312	57008.66314	137.00000	98301.92913	-141.08393	0.00000	98300.00000	-625.78775	0.00000
-80281.94231	57066.51493	137.00000	98401.93092	-141.16357	0.00000	98400.00000	-626.39100	0.00000
-80363.51179	57124.36632	137.00000	98501.93270	-141.24272	0.00000	98500.00000	-626.99375	0.00000
-80445.08156	57182.21730	137.00000	98601.93449	-141.32136	0.00000	98600.00000	-627.59600	0.00000
-80526.65162	57240.06787	137.00000	98701.93627	-141.39951	0.00000	98700.00000	-628.19775	0.00000
-80608.22196	57297.91803	137.00000	98801.93804	-141.47715	0.00000	98800.00000	-628.79900	0.00000
-80689.79259	57355.76777	137.00000	98901.93982	-141.55430	0.00000	98900.00000	-629.39975	0.00000
-80771.36350	57413.61711	137.00000	99001.94159	-141.63094	0.00000	99000.00000	-630.00000	0.00000
-80852.93470	57471.46604	137.00000	99101.94336	-141.70709	0.00000	99100.00000	-630.59975	0.00000
-80934.50619	57529.31456	137.00000	99201.94513	-141.78274	0.00000	99200.00000	-631.19900	0.00000
-81016.07797	57587.16268	137.00000	99301.94689	-141.85788	0.00000	99300.00000	-631.79775	0.00000
-81097.65003	57645.01038	137.00000	99401.94865	-141.93253	0.00000	99400.00000	-632.39600	0.00000
-81179.22238	57702.85767	137.00000	99501.95041	-142.00667	0.00000	99500.00000	-632.99375	0.00000
-81260.79501	57760.70455	137.00000	99601.95217	-142.08032	0.00000	99600.00000	-633.59100	0.00000
-81342.36794	57818.55102	137.00000	99701.95392	-142.15346	0.00000	99700.00000	-634.18775	0.00000
-81423.94115	57876.39709	137.00000	99801.95567	-142.22611	0.00000	99800.00000	-634.78400	0.00000
-81505.51464	57934.24274	137.00000	99901.95742	-142.29825	0.00000	99900.00000	-635.37975	0.00000
-81587.08843	57992.08798	137.00000	100001.95917	-142.36990	0.00000	100000.00000	-635.97500	0.00000
-81668.66250	58049.93282	137.00000	100101.96091	-142.44104	0.00000	100100.00000	-636.56975	0.00000
-81750.23685	58107.77724	137.00000	100201.96265	-142.51169	0.00000	100200.00000	-637.16400	0.00000
-81831.81150	58165.62126	137.00000	100301.96439	-142.58184	0.00000	100300.00000	-637.75775	0.00000
-81913.38643	58223.46486	137.00000	100401.96612	-142.65148	0.00000	100400.00000	-638.35100	0.00000
-81994.96164	58281.30806	137.00000	100501.96786	-142.72063	0.00000	100500.00000	-638.94375	0.00000
-82076.53715	58339.15085	137.00000	100601.96959	-142.78927	0.00000	100600.00000	-639.53600	0.00000
-82158.11294	58396.99322	137.00000	100701.97132	-142.85742	0.00000	100700.00000	-640.12775	0.00000
-82239.68901	58454.83519	137.00000	100801.97304	-142.92506	0.00000	100800.00000	-640.71900	0.00000
-82321.26538	58512.67675	137.00000	100901.97476	-142.99221	0.00000	100900.00000	-641.30975	0.00000
-82402.84203	58570.51790	137.00000	101001.97648	-143.05885	0.00000	101000.00000	-641.90000	0.00000
-82484.41897	58628.35863	137.00000	101101.97820	-143.12500	0.00000	101100.00000	-642.48975	0.00000
-82565.99619	58686.19896	137.00000	101201.97991	-143.19065	0.00000	101200.00000	-643.07900	0.00000
-82647.57370	58744.03888	137.00000	101301.98163	-143.25579	0.00000	101300.00000	-643.66775	0.00000
-82729.15150	58801.87839	137.00000	101401.98334	-143.32044	0.00000	101400.00000	-644.25600	0.00000
-82810.72959	58859.71749	137.00000	101501.98504	-143.38458	0.00000	101500.00000	-644.84375	0.00000
-82892.30796	58917.55618	137.00000	101601.98675	-143.44823	0.00000	101600.00000	-645.43100	0.00000
-82973.88662	58975.39447	137.00000	101701.98845	-143.51137	0.00000	101700.00000	-646.01775	0.00000
-83055.46556	59033.23234	137.00000	101801.99015	-143.57402	0.00000	101800.00000	-646.60400	0.00000
-83137.04479	59091.06980	137.00000	101901.99184	-143.63616	0.00000	101900.00000	-647.18975	0.00000
-83218.62431	59148.90685	137.00000	102001.99354	-143.69781	0.00000	102000.00000	-647.77500	0.00000
-83300.20412	59206.74349	137.00000	102101.99523	-143.75896	0.00000	102100.00000	-648.35975	0.00000
-83381.78421	59264.57973	137.00000	102201.99691	-143.81960	0.00000	102200.00000	-648.94400	0.00000
-83463.36459	59322.41555	137.00000	102301.99860	-143.87975	0.00000	102300.00000	-649.52775	0.00000
-83544.94526	59380.25096	137.00000	102402.00028	-143.93939	0.00000	102400.00000	-650.11100	0.00000
-83626.52621	59438.08597	137.00000	102502.00196	-143.99854	0.00000	102500.00000	-650.69375	0.00000
-83708.10745	59495.92056	137.00000	102602.00364	-144.05718	0.00000	102600.00000	-651.27600	0.00000
-83789.68897	59553.75475	137.00000	102702.00532	-144.11533	0.00000	102700.00000	-651.85775	0.00000
-83871.27079	59611.58853	137.00000	102802.00699	-144.17297	0.00000	102800.00000	-652.43900	0.00000
-83952.85289	59669.42189	137.00000	102902.00866	-144.23012	0.00000	102900.00000	-653.01975	0.00000
-84034.43527	59727.25485	137.00000	103002.01033	-144.28677	0.00000	103000.00000	-653.60000	0.00000
-84116.01795	59785.08740	137.00000	103102.01199	-144.34291	0.00000	103100.00000	-654.17975	0.00000
-84197.60091	59842.91953	137.00000	103202.01365	-144.39856	0.00000	103200.00000	-654.75900	0.00000
-84279.18416	59900.75126	137.00000	103302.01531	-144.45370	0.00000	103300.00000	-655.33775	0.00000
-84360.76769	59958.58258	137.00000	103402.01697	-144.50835	0.00000	103400.00000	-655.91600	0.00000
-84442.35151	60016.41349	137.00000	103502.01863	-144.56249	0.00000	103500.00000	-656.49375	0.00000
-84523.93562	60074.24399	137.00000	103602.02028	-144.61614	0.00000	103600.00000	-657.07100	0.00000
-84605.52001	60132.07408	137.00000	103702.02193	-144.66929	0.00000	103700.00000	-657.64775	0.00000
-84687.10469	60189.90376	137.00000	103802.02357	-144.72193	0.00000	103800.00000	-658.22400	0.00000
-84768.68966	60247.73303	137.00000	103902.02522	-144.77408	0.00000	103900.00000	-658.79975	0.00000
-84850.27491	60305.56189	137.00000	104002.02686	-144.82572	0.00000	104000.00000	-659.37500	0.00000
-84931.86046	60363.39034	137.00000	104102.02850	-144.87687	0.00000	104100.00000	-659.94975	0.00000
-85013.44628	60421.21838	137.00000	104202.03013	-144.92751	0.00000	104200.00000	-660.52400	0.00000
-85095.03240	60479.04601	137.00000	104302.03177	-144.97766	0.00000	104300.00000	-661.09775	0.00000
-85176.61880	60536.87324	137.00000	104402.03340	-145.02731	0.00000	104400.00000	-661.67100	0.00000
-85258.20549	60594.70005	137.00000	104502.03502	-145.07645	0.00000	104500.00000	-662.24375	0.00000
-85339.79246	60652.52645	137.00000	104602.03665	-145.12510	0.00000	104600.00000	-662.81600	0.00000
-85421.37973	60710.35245	137.00000	104702.03827	-145.17324	0.00000	104700.00000	-663.38775	0.00000
-85502.96728	60768.17803	137.00000	104802.03989	-145.22089	0.00000	104800.00000	-663.95900	0.00000
-85584.55511	60826.00320	137.00000	104902.04151	-145.26803	0.00000	104900.00000	-664.52975	0.00000
-85666.14323	60883.82797	137.00000	105002.04313	-145.31468	0.00000	105000.00000	-665.10000	0.00000
-85747.73164	60941.65232	137.00000	105102.04474	-145.36083	0.00000	105100.00000	-665.66975	0.00000
-85829.32034	60999.47627	137.00000	105202.04635	-145.40647	0.00000	105200.00000	-666.23900	0.00000
-85910.90932	61057.29981	137.00000	105302.04795	-145.45162	0.00000	105300.00000	-666.80775	0.00000
-85992.49859	61115.12293	137.00000	105402.04956	-145.49626	0.00000	105400.00000	-667.37600	0.00000
-86074.08815	61172.94565	137.00000	105502.05116	-145.54041	0.00000	105500.00000	-667.94375	0.00000
-86155.67799	61230.76796	137.00000	105602.05276	-145.58406	0.00000	105600.00000	-668.51100	0.00000
-86237.26812	61288.58986	137.00000	105702.05436	-145.62720	0.00000	105700.00000	-669.07775	0.00000
-86318.85854	61346.41135	137.00000	105802.05595	-145.66985	0.00000	105800.00000	-669.64400	0.00000
-86400.44924	61404.23242	137.00000	105902.05754	-145.71199	0.00000	105900.00000	-670.20975	0.00000
-86482.04023	61462.05309	137.00000	106002.05913	-145.75364	0.00000	106000.00000	-670.77500	0.00000
-86563.63151	61519.87335	137.00000	106102.06072	-145.79478	0.00000	106100.00000	-671.33975	0.00000
-86645.22307	61577.69320	137.00000	106202.06230	-145.83543	0.00000	106200.00000	-671.90400	0.00000
-86726.81492	61635.51264	137.00000	106302.06388	-145.87558	0.00000	106300.00000	-672.46775	0.00000
-86808.40706	61693.33167	137.00000	106402.06546	-145.91522	0.00000	106400.00000	-673.03100	0.00000
-86889.99949	61751.15030	137.00000	106502.06704	-145.95437	0.00000	106500.00000	-673.59375	0.00000
-86971.59220	61808.96851	137.00000	106602.06861	-145.99301	0.00000	106600.00000	-674.15600	0.00000
-87053.18519	61866.78631	137.00000	106702.07018	-146.03116	0.00000	106700.00000	-674.71775	0.00000
-87134.77848	61924.60370	137.00000	106802.07175	-146.06881	0.00000	106800.00000	-675.27900	0.00000
-87216.37205	61982.42069	137.00000	106902.07331	-146.10595	0.00000	106900.00000	-675.83975	0.00000
-87297.96591	62040.23726	137.00000	107002.07488	-146.14260	0.00000	107000.00000	-676.40000	0.00000
-87379.56005	62098.05342	137.00000	107102.07644	-146.17874	0.00000	107100.00000	-676.95975	0.00000
-87461.15449	62155.86918	137.00000	107202.07799	-146.21439	0.00000	107200.00000	-677.51900	0.00000
-87542.74920	62213.68452	137.00000	107302.07955	-146.24954	0.00000	107300.00000	-678.07775	0.00000
-87624.34421	62271.49946	137.00000	107402.08110	-146.28418	0.00000	107400.00000	-678.63600	0.00000
-87705.93950	62329.31398	137.00000	107502.08265	-146.31833	0.00000	107500.00000	-679.19375	0.00000
-87787.53508	62387.12810	137.00000	107602.08420	-146.35197	0.00000	107600.00000	-679.75100	0.00000
-87869.13095	62444.94181	137.00000	107702.08574	-146.38512	0.00000	107700.00000	-680.30775	0.00000
-87950.72710	62502.75510	137.00000	107802.08728	-146.41777	0.00000	107800.00000	-680.86400	0.00000
-88032.32354	62560.56799	137.00000	107902.08882	-146.44991	0.00000	107900.00000	-681.41975	0.00000
-88113.92026	62618.38047	137.00000	108002.09036	-146.48156	0.00000	108000.00000	-681.97500	0.00000
-88195.51728	62676.19254	137.00000	108102.09189	-146.51270	0.00000	108100.00000	-682.52975	0.00000
-88277.11458	62734.00420	137.00000	108202.09342	-146.54335	0.00000	108200.00000	-683.08400	0.00000
-88358.71216	62791.81544	137.00000	108302.09495	-146.57350	0.00000	108300.00000	-683.63775	0.00000
-88440.31004	62849.62628	137.00000	108402.09648	-146.60314	0.00000	108400.00000	-684.19100	0.00000
-88521.90820	62907.43671	137.00000	108502.09800	-146.63229	0.00000	108500.00000	-684.74375	0.00000
-88603.50664	62965.24673	137.00000	108602.09952	-146.66093	0.00000	108600.00000	-685.29600	0.00000
-88685.10538	63023.05635	137.00000	108702.10104	-146.68908	0.00000	108700.00000	-685.84775	0.00000
-88766.70440	63080.86555	137.00000	108802.10256	-146.71673	0.00000	108800.00000	-686.39900	0.00000
-88848.30370	63138.67434	137.00000	108902.10407	-146.74387	0.00000	108900.00000	-686.94975	0.00000
-88929.90330	63196.48272	137.00000	109002.10558	-146.77052	0.00000	109000.00000	-687.50000	0.00000
-89011.50318	63254.29069	137.00000	109102.10709	-146.79666	0.00000	109100.00000	-688.04975	0.00000
-89093.10335	63312.09826	137.00000	109202.10859	-146.82231	0.00000	109200.00000	-688.59900	0.00000
-89174.70380	63369.90541	137.00000	109302.11010	-146.84746	0.00000	109300.00000	-689.14775	0.00000
-89256.30454	63427.71215	137.00000	109402.11160	-146.87210	0.00000	109400.00000	-689.69600	0.00000
-89337.90557	63485.51849	137.00000	109502.11309	-146.89625	0.00000	109500.00000	-690.24375	0.00000
-89419.50689	63543.32441	137.00000	109602.11459	-146.91989	0.00000	109600.00000	-690.79100	0.00000
-89501.10849	63601.12993	137.00000	109702.11608	-146.94304	0.00000	109700.00000	-691.33775	0.00000
-89582.71038	63658.93503	137.00000	109802.11757	-146.96569	0.00000	109800.00000	-691.88400	0.00000
-89664.31255	63716.73973	137.00000	109902.11906	-146.98783	0.00000	109900.00000	-692.42975	0.00000
-89745.91501	63774.54401	137.00000	110002.12054	-147.00948	0.00000	110000.00000	-692.97500	0.00000
-89827.51776	63832.34789	137.00000	110102.12202	-147.03063	0.00000	110100.00000	-693.51975	0.00000
-89909.12080	63890.15136	137.00000	110202.12350	-147.05127	0.00000	110200.00000	-694.06400	0.00000
-89990.72412	63947.95442	137.00000	110302.12498	-147.07142	0.00000	110300.00000	-694.60775	0.00000
-90072.32773	64005.75706	137.00000	110402.12645	-147.09106	0.00000	110400.00000	-695.15100	0.00000
-90153.93162	64063.55930	137.00000	110502.12792	-147.11021	0.00000	110500.00000	-695.69375	0.00000
-90235.53581	64121.36113	137.00000	110602.12939	-147.12886	0.00000	110600.00000	-696.23600	0.00000
-90317.14028	64179.16255	137.00000	110702.13085	-147.14700	0.00000	110700.00000	-696.77775	0.00000
-90398.74503	64236.96356	137.00000	110802.13232	-147.16465	0.00000	110800.00000	-697.31900	0.00000
-90480.35007	64294.76416	137.00000	110902.13378	-147.18180	0.00000	110900.00000	-697.85975	0.00000
-90561.95540	64352.56435	137.00000	111002.13524	-147.19844	0.00000	111000.00000	-698.40000	0.00000
-90643.56102	64410.36413	137.00000	111102.13669	-147.21459	0.00000	111100.00000	-698.93975	0.00000
-90725.16692	64468.16350	137.00000	111202.13814	-147.23023	0.00000	111200.00000	-699.47900	0.00000
-90806.77311	64525.96246	137.00000	111302.13959	-147.24538	0.00000	111300.00000	-700.01775	0.00000
-90888.37959	64583.76102	137.00000	111402.14104	-147.26003	0.00000	111400.00000	-700.55600	0.00000
-90969.98635	64641.55916	137.00000	111502.14249	-147.27417	0.00000	111500.00000	-701.09375	0.00000
-91051.59341	64699.35689	137.00000	111602.14393	-147.28782	0.00000	111600.00000	-701.63100	0.00000
-91133.20074	64757.15422	137.00000	111702.14537	-147.30096	0.00000	111700.00000	-702.16775	0.00000
-91214.80837	64814.95113	137.00000	111802.14681	-147.31361	0.00000	111800.00000	-702.70400	0.00000
-91296.41628	64872.74763	137.00000	111902.14824	-147.32576	0.00000	111900.00000	-703.23975	0.00000
-91378.02448	64930.54373	137.00000	112002.14967	-147.33740	0.00000	112000.00000	-703.77500	0.00000
-91459.63296	64988.33941	137.00000	112102.15110	-147.34855	0.00000	112100.00000	-704.30975	0.00000
-91541.24173	65046.13469	137.00000	112202.15253	-147.35920	0.00000	112200.00000	-704.84400	0.00000
-91622.85079	65103.92956	137.00000	112302.15395	-147.36934	0.00000	112300.00000	-705.37775	0.00000
-91704.46013	65161.72401	137.00000	112402.15537	-147.37899	0.00000	112400.00000	-705.91100	0.00000
-91786.06977	65219.51806	137.00000	112502.15679	-147.38814	0.00000	112500.00000	-706.44375	0.00000
-91867.67968	65277.31170	137.00000	112602.15821	-147.39678	0.00000	112600.00000	-706.97600	0.00000
-91949.28989	65335.10492	137.00000	112702.15962	-147.40493	0.00000	112700.00000	-707.50775	0.00000
-92030.90038	65392.89774	137.00000	112802.16103	-147.41257	0.00000	112800.00000	-708.03900	0.00000
-92112.51116	65450.69015	137.00000	112902.16244	-147.41972	0.00000	112900.00000	-708.56975	0.00000
-92194.12222	65508.48215	137.00000	113002.16385	-147.42637	0.00000	113000.00000	-709.10000	0.00000
-92275.73358	65566.27374	137.00000	113102.16525	-147.43251	0.00000	113100.00000	-709.62975	0.00000
-92357.34522	65624.06492	137.00000	113202.16665	-147.43816	0.00000	113200.00000	-710.15900	0.00000
-92438.95714	65681.85569	137.00000	113302.16805	-147.44331	0.00000	113300.00000	-710.68775	0.00000
-92520.56935	65739.64605	137.00000	113402.16944	-147.44795	0.00000	113400.00000	-711.21600	0.00000
-92602.18185	65797.43600	137.00000	113502.17083	-147.45210	0.00000	113500.00000	-711.74375	0.00000
-92683.79464	65855.22554	137.00000	113602.17222	-147.45575	0.00000	113600.00000	-712.27100	0.00000
-92765.40771	65913.01467	137.00000	113702.17361	-147.45889	0.00000	113700.00000	-712.79775	0.00000
-92847.02107	65970.80340	137.00000	113802.17500	-147.46154	0.00000	113800.00000	-713.32400	0.00000
-92928.63472	66028.59171	137.00000	113902.17638	-147.46368	0.00000	113900.00000	-713.84975	0.00000
-93010.24865	66086.37961	137.00000	114002.17776	-147.46533	0.00000	114000.00000	-714.37500	0.00000
-93091.86287	66144.16711	137.00000	114102.17913	-147.46648	0.00000	114100.00000	-714.89975	0.00000
-93173.47738	66201.95419	137.00000	114202.18051	-147.46712	0.00000	114200.00000	-715.42400	0.00000
-93255.09217	66259.74087	137.00000	114302.18188	-147.46727	0.00000	114300.00000	-715.94775	0.00000
-93336.70726	66317.52713	137.00000	114402.18325	-147.46692	0.00000	114400.00000	-716.47100	0.00000
-93418.32262	66375.31299	137.00000	114502.18462	-147.46606	0.00000	114500.00000	-716.99375	0.00000
-93499.93828	66433.09843	137.00000	114602.18598	-147.46471	0.00000	114600.00000	-717.51600	0.00000
-93581.55422	66490.88347	137.00000	114702.18734	-147.46286	0.00000	114700.00000	-718.03775	0.00000
-93663.17045	66548.66809	137.00000	114802.18870	-147.46050	0.00000	114800.00000	-718.55900	0.00000
-93744.78696	66606.45231	137.00000	114902.19005	-147.45765	0.00000	114900.00000	-719.07975	0.00000
-93826.40376	66664.23612	137.00000	115002.19141	-147.45430	0.00000	115000.00000	-719.60000	0.00000
-93908.02085	66722.01952	137.00000	115102.19276	-147.45044	0.00000	115100.00000	-720.11975	0.00000
-93989.63822	66779.80251	137.00000	115202.19411	-147.44609	0.00000	115200.00000	-720.63900	0.00000
-94071.25589	66837.58508	137.00000	115302.19545	-147.44123	0.00000	115300.00000	-721.15775	0.00000
-94152.87383	66895.36725	137.00000	115402.19679	-147.43588	0.00000	115400.00000	-721.67600	0.00000
-94234.49207	66953.14901	137.00000	115502.19813	-147.43003	0.00000	115500.00000	-722.19375	0.00000
-94316.11059	67010.93036	137.00000	115602.19947	-147.42367	0.00000	115600.00000	-722.71100	0.00000
-94397.72940	67068.71130	137.00000	115702.20081	-147.41682	0.00000	115700.00000	-723.22775	0.00000
-94479.34850	67126.49183	137.00000	115802.20214	-147.40947	0.00000	115800.00000	-723.74400	0.00000
-94560.96788	67184.27196	137.00000	115902.20347	-147.40161	0.00000	115900.00000	-724.25975	0.00000
-94642.58755	67242.05167	137.00000	116002.20480	-147.39326	0.00000	116000.00000	-724.77500	0.00000
-94724.20750	67299.83097	137.00000	116102.20612	-147.38441	0.00000	116100.00000	-725.28975	0.00000
-94805.82775	67357.60986	137.00000	116202.20744	-147.37505	0.00000	116200.00000	-725.80400	0.00000
-94887.44828	67415.38835	137.00000	116302.20876	-147.36520	0.00000	116300.00000	-726.31775	0.00000
-94969.06909	67473.16642	137.00000	116402.21008	-147.35485	0.00000	116400.00000	-726.83100	0.00000
-95050.69019	67530.94408	137.00000	116502.21139	-147.34399	0.00000	116500.00000	-727.34375	0.00000
-95132.31158	67588.72134	137.00000	116602.21270	-147.33264	0.00000	116600.00000	-727.85600	0.00000
-95213.93326	67646.49818	137.00000	116702.21401	-147.32079	0.00000	116700.00000	-728.36775	0.00000
-95295.55522	67704.27462	137.00000	116802.21532	-147.30843	0.00000	116800.00000	-728.87900	0.00000
-95377.17748	67762.05064	137.00000	116902.21662	-147.29558	0.00000	116900.00000	-729.38975	0.00000
-95458.80001	67819.82626	137.00000	117002.21792	-147.28223	0.00000	117000.00000	-729.90000	0.00000
-95540.42284	67877.60146	137.00000	117102.21922	-147.26837	0.00000	117100.00000	-730.40975	0.00000
-95622.04595	67935.37626	137.00000	117202.22052	-147.25402	0.00000	117200.00000	-730.91900	0.00000
-95703.66934	67993.15065	137.00000	117302.22181	-147.23917	0.00000	117300.00000	-731.42775	0.00000
-95785.29303	68050.92463	137.00000	117402.22310	-147.22381	0.00000	117400.00000	-731.93600	0.00000
-95866.91700	68108.69819	137.00000	117502.22439	-147.20796	0.00000	117500.00000	-732.44375	0.00000
-95948.54126	68166.47135	137.00000	117602.22567	-147.19161	0.00000	117600.00000	-732.95100	0.00000
-96030.16580	68224.24410	137.00000	117702.22696	-147.17475	0.00000	117700.00000	-733.45775	0.00000
-96111.79063	68282.01644	137.00000	117802.22824	-147.15740	0.00000	117800.00000	-733.96400	0.00000
-96193.41575	68339.78837	137.00000	117902.22951	-147.13955	0.00000	117900.00000	-734.46975	0.00000
-96275.04116	68397.55989	137.00000	118002.23079	-147.12119	0.00000	118000.00000	-734.97500	0.00000
-96356.66685	68455.33100	137.00000	118102.23206	-147.10234	0.00000	118100.00000	-735.47975	0.00000
-96438.29283	68513.10170	137.00000	118202.23333	-147.08299	0.00000	118200.00000	-735.98400	0.00000
-96519.91909	68570.87199	137.00000	118302.23460	-147.06313	0.00000	118300.00000	-736.48775	0.00000
-96601.54564	68628.64188	137.00000	118402.23586	-147.04278	0.00000	118400.00000	-736.99100	0.00000
-96683.17248	68686.41135	137.00000	118502.23712	-147.02193	0.00000	118500.00000	-737.49375	0.00000
-96764.79961	68744.18041	137.00000	118602.23838	-147.00057	0.00000	118600.00000	-737.99600	0.00000
-96846.42702	68801.94906	137.00000	118702.23964	-146.97872	0.00000	118700.00000	-738.49775	0.00000
-96928.05472	68859.71731	137.00000	118802.24089	-146.95637	0.00000	118800.00000	-738.99900	0.00000
-97009.68271	68917.48514	137.00000	118902.24214	-146.93351	0.00000	118900.00000	-739.49975	0.00000
-97091.31098	68975.25257	137.00000	119002.24339	-146.91016	0.00000	119000.00000	-740.00000	0.00000
-97172.93954	69033.01958	137.00000	119102.24464	-146.88631	0.00000	119100.00000	-740.49975	0.00000
-97254.56838	69090.78619	137.00000	119202.24588	-146.86195	0.00000	119200.00000	-740.99900	0.00000
-97336.19752	69148.55238	137.00000	119302.24712	-146.83710	0.00000	119300.00000	-741.49775	0.00000
-97417.82694	69206.31817	137.00000	119402.24836	-146.81175	0.00000	119400.00000	-741.99600	0.00000
-97499.45664	69264.08354	137.00000	119502.24959	-146.78589	0.00000	119500.00000	-742.49375	0.00000
-97581.08664	69321.84851	137.00000	119602.25083	-146.75954	0.00000	119600.00000	-742.99100	0.00000
-97662.71692	69379.61307	137.00000	119702.25206	-146.73269	0.00000	119700.00000	-743.48775	0.00000
-97744.34749	69437.37722	137.00000	119802.25328	-146.70533	0.00000	119800.00000	-743.98400	0.00000
-97825.97834	69495.14096	137.00000	119902.25451	-146.67748	0.00000	119900.00000	-744.47975	0.00000
-97907.60948	69552.90428	137.00000	120002.25573	-146.64913	0.00000	120000.00000	-744.97500	0.00000
-97989.24091	69610.66720	137.00000	120102.25695	-146.62028	0.00000	120100.00000	-745.46975	0.00000
-98070.87262	69668.42971	137.00000	120202.25817	-146.59092	0.00000	120200.00000	-745.96400	0.00000
-98152.50462	69726.19181	137.00000	120302.25938	-146.56107	0.00000	120300.00000	-746.45775	0.00000
-98234.13691	69783.95350	137.00000	120402.26060	-146.53072	0.00000	120400.00000	-746.95100	0.00000
-98315.76949	69841.71478	137.00000	120502.26180	-146.49986	0.00000	120500.00000	-747.44375	0.00000
-98397.40235	69899.47566	137.00000	120602.26301	-146.46851	0.00000	120600.00000	-747.93600	0.00000
-98479.03550	69957.23612	137.00000	120702.26421	-146.43666	0.00000	120700.00000	-748.42775	0.00000
-98560.66893	70014.99617	137.00000	120802.26542	-146.40430	0.00000	120800.00000	-748.91900	0.00000
-98642.30265	70072.75581	137.00000	120902.26662	-146.37145	0.00000	120900.00000	-749.40975	0.00000
-98723.93666	70130.51504	137.00000	121002.26781	-146.33810	0.00000	121000.00000	-749.90000	0.00000
-98805.57096	70188.27387	137.00000	121102.26900	-146.30424	0.00000	121100.00000	-750.38975	0.00000
-98887.20554	70246.03228	137.00000	121202.27020	-146.26989	0.00000	121200.00000	-750.87900	0.00000
-98968.84041	70303.79029	137.00000	121302.27138	-146.23504	0.00000	121300.00000	-751.36775	0.00000
-99050.47556	70361.54788	137.00000	121402.27257	-146.19968	0.00000	121400.00000	-751.85600	0.00000
-99132.11101	70419.30507	137.00000	121502.27375	-146.16383	0.00000	121500.00000	-752.34375	0.00000
-99213.74673	70477.06184	137.00000	121602.27493	-146.12748	0.00000	121600.00000	-752.83100	0.00000
-99295.38275	70534.81821	137.00000	121702.27611	-146.09063	0.00000	121700.00000	-753.31775	0.00000
-99377.01905	70592.57416	137.00000	121802.27729	-146.05327	0.00000	121800.00000	-753.80400	0.00000
-99458.65564	70650.32971	137.00000	121902.27846	-146.01542	0.00000	121900.00000	-754.28975	0.00000
-99540.29252	70708.08485	137.00000	122002.27963	-145.97707	0.00000	122000.00000	-754.77500	0.00000
-99621.92968	70765.83957	137.00000	122102.28080	-145.93821	0.00000	122100.00000	-755.25975	0.00000
-99703.56713	70823.59389	137.00000	122202.28196	-145.89886	0.00000	122200.00000	-755.74400	0.00000
-99785.20487	70881.34780	137.00000	122302.28312	-145.85901	0.00000	122300.00000	-756.22775	0.00000
-99866.84289	70939.10130	137.00000	122402.28428	-145.81865	0.00000	122400.00000	-756.71100	0.00000
-99948.48120	70996.85439	137.00000	122502.28544	-145.77780	0.00000	122500.00000	-757.19375	0.00000
-100030.11980	71054.60707	137.00000	122602.28659	-145.73645	0.00000	122600.00000	-757.67600	0.00000
-100111.75869	71112.35934	137.00000	122702.28775	-145.69460	0.00000	122700.00000	-758.15775	0.00000
-100193.39786	71170.11120	137.00000	122802.28889	-145.65224	0.00000	122800.00000	-758.63900	0.00000
-100275.03731	71227.86265	137.00000	122902.29004	-145.60939	0.00000	122900.00000	-759.11975	0.00000
-100356.67706	71285.61369	137.00000	123002.29118	-145.56604	0.00000	123000.00000	-759.60000	0.00000
-100438.31709	71343.36432	137.00000	123102.29233	-145.52218	0.00000	123100.00000	-760.07975	0.00000
-100519.95741	71401.11455	137.00000	123202.29346	-145.47783	0.00000	123200.00000	-760.55900	0.00000
-100601.59801	71458.86436	137.00000	123302.29460	-145.43298	0.00000	123300.00000	-761.03775	0.00000
-100683.23890	71516.61376	137.00000	123402.29573	-145.38762	0.00000	123400.00000	-761.51600	0.00000
-100764.88008	71574.36276	137.00000	123502.29686	-145.34177	0.00000	123500.00000	-761.99375	0.00000
-100846.52155	71632.11134	137.00000	123602.29799	-145.29542	0.00000	123600.00000	-762.47100	0.00000
-100928.16330	71689.85951	137.00000	123702.29912	-145.24857	0.00000	123700.00000	-762.94775	0.00000
-101009.80534	71747.60728	137.00000	123802.30024	-145.20121	0.00000	123800.00000	-763.42400	0.00000
-101091.44766	71805.35463	137.00000	123902.30136	-145.15336	0.00000	123900.00000	-763.89975	0.00000
-101173.09027	71863.10158	137.00000	124002.30248	-145.10501	0.00000	124000.00000	-764.37500	0.00000
-101254.73317	71920.84812	137.00000	124102.30359	-145.05615	0.00000	124100.00000	-764.84975	0.00000
-101336.37636	71978.59424	137.00000	124202.30471	-145.00680	0.00000	124200.00000	-765.32400	0.00000
-101418.01983	72036.33996	137.00000	124302.30582	-144.95695	0.00000	124300.00000	-765.79775	0.00000
-101499.66359	72094.08527	137.00000	124402.30692	-144.90660	0.00000	124400.00000	-766.27100	0.00000
-101581.30764	72151.83016	137.00000	124502.30803	-144.85574	0.00000	124500.00000	-766.74375	0.00000
-101662.95197	72209.57465	137.00000	124602.30913	-144.80439	0.00000	124600.00000	-767.21600	0.00000
-101744.59659	72267.31873	137.00000	124702.31023	-144.75254	0.00000	124700.00000	-767.68775	0.00000
-101826.24150	72325.06240	137.00000	124802.31133	-144.70018	0.00000	124800.00000	-768.15900	0.00000
-101907.88669	72382.80566	137.00000	124902.31242	-144.64733	0.00000	124900.00000	-768.62975	0.00000
-101989.53217	72440.54851	137.00000	125002.31351	-144.59398	0.00000	125000.00000	-769.10000	0.00000
-102071.17794	72498.29095	137.00000	125102.31460	-144.54013	0.00000	125100.00000	-769.56975	0.00000
-102152.82399	72556.03298	137.00000	125202.31569	-144.48577	0.00000	125200.00000	-770.03900	0.00000
-102234.47033	72613.77460	137.00000	125302.31677	-144.43092	0.00000	125300.00000	-770.50775	0.00000
-102316.11696	72671.51581	137.00000	125402.31785	-144.37557	0.00000	125400.00000	-770.97600	0.00000
-102397.76387	72729.25661	137.00000	125502.31893	-144.31971	0.00000	125500.00000	-771.44375	0.00000
-102479.41107	72786.99701	137.00000	125602.32000	-144.26336	0.00000	125600.00000	-771.91100	0.00000
-102561.05856	72844.73699	137.00000	125702.32108	-144.20651	0.00000	125700.00000	-772.37775	0.00000
-102642.70634	72902.47656	137.00000	125802.32215	-144.14916	0.00000	125800.00000	-772.84400	0.00000
-102724.35440	72960.21573	137.00000	125902.32322	-144.09130	0.00000	125900.00000	-773.30975	0.00000
-102806.00274	73017.95448	137.00000	126002.32428	-144.03295	0.00000	126000.00000	-773.77500	0.00000
-102887.65138	73075.69283	137.00000	126102.32534	-143.97410	0.00000	126100.00000	-774.23975	0.00000
-102969.30030	73133.43076	137.00000	126202.32640	-143.91475	0.00000	126200.00000	-774.70400	0.00000
-103050.94951	73191.16829	137.00000	126302.32746	-143.85489	0.00000	126300.00000	-775.16775	0.00000
-103132.59900	73248.90540	137.00000	126402.32852	-143.79454	0.00000	126400.00000	-775.63100	0.00000
-103214.24879	73306.64211	137.00000	126502.32957	-143.73369	0.00000	126500.00000	-776.09375	0.00000
-103295.89886	73364.37840	137.00000	126602.33062	-143.67233	0.00000	126600.00000	-776.55600	0.00000
-103377.54921	73422.11429	137.00000	126702.33166	-143.61048	0.00000	126700.00000	-777.01775	0.00000
-103459.19985	73479.84977	137.00000	126802.33271	-143.54813	0.00000	126800.00000	-777.47900	0.00000
-103540.85078	73537.58484	137.00000	126902.33375	-143.48528	0.00000	126900.00000	-777.93975	0.00000
-103622.50200	73595.31950	137.00000	127002.33479	-143.42192	0.00000	127000.00000	-778.40000	0.00000
-103704.15350	73653.05374	137.00000	127102.33583	-143.35807	0.00000	127100.00000	-778.85975	0.00000
-103785.80529	73710.78758	137.00000	127202.33686	-143.29372	0.00000	127200.00000	-779.31900	0.00000
-103867.45737	73768.52101	137.00000	127302.33789	-143.22887	0.00000	127300.00000	-779.77775	0.00000
-103949.10973	73826.25403	137.00000	127402.33892	-143.16351	0.00000	127400.00000	-780.23600	0.00000
-104030.76238	73883.98664	137.00000	127502.33995	-143.09766	0.00000	127500.00000	-780.69375	0.00000
-104112.41532	73941.71884	137.00000	127602.34097	-143.03131	0.00000	127600.00000	-781.15100	0.00000
-104194.06854	73999.45064	137.00000	127702.34199	-142.96445	0.00000	127700.00000	-781.60775	0.00000
-104275.72205	74057.18202	137.00000	127802.34301	-142.89710	0.00000	127800.00000	-782.06400	0.00000
-104357.37585	74114.91299	137.00000	127902.34402	-142.82925	0.00000	127900.00000	-782.51975	0.00000
-104439.02993	74172.64355	137.00000	128002.34504	-142.76090	0.00000	128000.00000	-782.97500	0.00000
-104520.68430	74230.37371	137.00000	128102.34605	-142.69204	0.00000	128100.00000	-783.42975	0.00000
-104602.33896	74288.10345	137.00000	128202.34705	-142.62269	0.00000	128200.00000	-783.88400	0.00000
-104683.99390	74345.83278	137.00000	128302.34806	-142.55284	0.00000	128300.00000	-784.33775	0.00000
-104765.64913	74403.56171	137.00000	128402.34906	-142.48249	0.00000	128400.00000	-784.79100	0.00000
-104847.30465	74461.29022	137.00000	128502.35006	-142.41163	0.00000	128500.00000	-785.24375	0.00000
-104928.96046	74519.01833	137.00000	128602.35106	-142.34028	0.00000	128600.00000	-785.69600	0.00000
-105010.61655	74576.74602	137.00000	128702.35205	-142.26843	0.00000	128700.00000	-786.14775	0.00000
-105092.27292	74634.47331	137.00000	128802.35305	-142.19608	0.00000	128800.00000	-786.59900	0.00000
-105173.92959	74692.20019	137.00000	128902.35403	-142.12322	0.00000	128900.00000	-787.04975	0.00000
-105255.58654	74749.92665	137.00000	129002.35502	-142.04987	0.00000	129000.00000	-787.50000	0.00000
-105337.24378	74807.65271	137.00000	129102.35601	-141.97602	0.00000	129100.00000	-787.94975	0.00000
-105418.90130	74865.37836	137.00000	129202.35699	-141.90167	0.00000	129200.00000	-788.39900	0.00000
-105500.55912	74923.10359	137.00000	129302.35797	-141.82681	0.00000	129300.00000	-788.84775	0.00000
-105582.21722	74980.82842	137.00000	129402.35894	-141.75146	0.00000	129400.00000	-789.29600	0.00000
-105663.87560	75038.55284	137.00000	129502.35992	-141.67561	0.00000	129500.00000	-789.74375	0.00000
-105745.53427	75096.27685	137.00000	129602.36089	-141.59926	0.00000	129600.00000	-790.19100	0.00000
-105827.19323	75154.00045	137.00000	129702.36186	-141.52240	0.00000	129700.00000	-790.63775	0.00000
-105908.85248	75211.72364	137.00000	129802.36282	-141.44505	0.00000	129800.00000	-791.08400	0.00000
-105990.51201	75269.44642	137.00000	129902.36378	-141.36720	0.00000	129900.00000	-791.52975	0.00000
-106072.17183	75327.16879	137.00000	130002.36474	-141.28885	0.00000	130000.00000	-791.97500	0.00000
-106153.83194	75384.89076	137.00000	130102.36570	-141.20999	0.00000	130100.00000	-792.41975	0.00000
-106235.49233	75442.61231	137.00000	130202.36666	-141.13064	0.00000	130200.00000	-792.86400	0.00000
-106317.15301	75500.33345	137.00000	130302.36761	-141.05079	0.00000	130300.00000	-793.30775	0.00000
-106398.81398	75558.05418	137.00000	130402.36856	-140.97044	0.00000	130400.00000	-793.75100	0.00000
-106480.47523	75615.77451	137.00000	130502.36951	-140.88958	0.00000	130500.00000	-794.19375	0.00000
-106562.13677	75673.49442	137.00000	130602.37045	-140.80823	0.00000	130600.00000	-794.63600	0.00000
-106643.79860	75731.21392	137.00000	130702.37140	-140.72638	0.00000	130700.00000	-795.07775	0.00000
-106725.46071	75788.93302	137.00000	130802.37233	-140.64403	0.00000	130800.00000	-795.51900	0.00000
-106807.12311	75846.65170	137.00000	130902.37327	-140.56117	0.00000	130900.00000	-795.95975	0.00000
-106888.78580	75904.36998	137.00000	131002.37421	-140.47782	0.00000	131000.00000	-796.40000	0.00000
-106970.44877	75962.08784	137.00000	131102.37514	-140.39397	0.00000	131100.00000	-796.83975	0.00000
-107052.11203	76019.80530	137.00000	131202.37607	-140.30962	0.00000	131200.00000	-797.27900	0.00000
-107133.77558	76077.52235	137.00000	131302.37699	-140.22476	0.00000	131300.00000	-797.71775	0.00000
-107215.43942	76135.23898	137.00000	131402.37792	-140.13941	0.00000	131400.00000	-798.15600	0.00000
-107297.10354	76192.95521	137.00000	131502.37884	-140.05356	0.00000	131500.00000	-798.59375	0.00000
-107378.76795	76250.67103	137.00000	131602.37976	-139.96721	0.00000	131600.00000	-799.03100	0.00000
-107460.43264	76308.38644	137.00000	131702.38067	-139.88035	0.00000	131700.00000	-799.46775	0.00000
-107542.09762	76366.10144	137.00000	131802.38159	-139.79300	0.00000	131800.00000	-799.90400	0.00000
-107623.76289	76423.81602	137.00000	131902.38250	-139.70515	0.00000	131900.00000	-800.33975	0.00000
-107705.42845	76481.53020	137.00000	132002.38341	-139.61680	0.00000	132000.00000	-800.77500	0.00000
-107787.09429	76539.24397	137.00000	132102.38431	-139.52795	0.00000	132100.00000	-801.20975	0.00000
-107868.76042	76596.95733	137.00000	132202.38521	-139.43859	0.00000	132200.00000	-801.64400	0.00000
-107950.42683	76654.67029	137.00000	132302.38611	-139.34874	0.00000	132300.00000	-802.07775	0.00000
-108032.09354	76712.38283	137.00000	132402.38701	-139.25839	0.00000	132400.00000	-802.51100	0.00000
-108113.76052	76770.09496	137.00000	132502.38791	-139.16754	0.00000	132500.00000	-802.94375	0.00000
-108195.42780	76827.80668	137.00000	132602.38880	-139.07618	0.00000	132600.00000	-803.37600	0.00000
-108277.09536	76885.51799	137.00000	132702.38969	-138.98433	0.00000	132700.00000	-803.80775	0.00000
-108358.76321	76943.22890	137.00000	132802.39058	-138.89198	0.00000	132800.00000	-804.23900	0.00000
-108440.43135	77000.93939	137.00000	132902.39146	-138.79913	0.00000	132900.00000	-804.66975	0.00000
-108522.09977	77058.64947	137.00000	133002.39234	-138.70577	0.00000	133000.00000	-805.10000	0.00000
-108603.76848	77116.35915	137.00000	133102.39322	-138.61192	0.00000	133100.00000	-805.52975	0.00000
-108685.43748	77174.06841	137.00000	133202.39410	-138.51757	0.00000	133200.00000	-805.95900	0.00000
-108767.10676	77231.77727	137.00000	133302.39497	-138.42272	0.00000	133300.00000	-806.38775	0.00000
-108848.77633	77289.48571	137.00000	133402.39585	-138.32737	0.00000	133400.00000	-806.81600	0.00000
-108930.44619	77347.19375	137.00000	133502.39671	-138.23151	0.00000	133500.00000	-807.24375	0.00000
-109012.11633	77404.90137	137.00000	133602.39758	-138.13516	0.00000	133600.00000	-807.67100	0.00000
-109093.78677	77462.60859	137.00000	133702.39844	-138.03831	0.00000	133700.00000	-808.09775	0.00000
-109175.45748	77520.31540	137.00000	133802.39931	-137.94096	0.00000	133800.00000	-808.52400	0.00000
-109257.12849	77578.02180	137.00000	133902.40016	-137.84310	0.00000	133900.00000	-808.94975	0.00000
-109338.79978	77635.72778	137.00000	134002.40102	-137.74475	0.00000	134000.00000	-809.37500	0.00000
-109420.47136	77693.43336	137.00000	134102.40187	-137.64590	0.00000	134100.00000	-809.79975	0.00000
-109502.14322	77751.13853	137.00000	134202.40272	-137.54655	0.00000	134200.00000	-810.22400	0.00000
-109583.81537	77808.84329	137.00000	134302.40357	-137.44670	0.00000	134300.00000	-810.64775	0.00000
-109665.48781	77866.54764	137.00000	134402.40442	-137.34634	0.00000	134400.00000	-811.07100	0.00000
-109747.16053	77924.25158	137.00000	134502.40526	-137.24549	0.00000	134500.00000	-811.49375	0.00000
-109828.83355	77981.95511	137.00000	134602.40610	-137.14414	0.00000	134600.00000	-811.91600	0.00000
-109910.50685	78039.65823	137.00000	134702.40694	-137.04229	0.00000	134700.00000	-812.33775	0.00000
-109992.18043	78097.36094	137.00000	134802.40777	-136.93993	0.00000	134800.00000	-812.75900	0.00000
-110073.85430	78155.06325	137.00000	134902.40860	-136.83708	0.00000	134900.00000	-813.17975	0.00000
-110155.52846	78212.76514	137.00000	135002.40943	-136.73373	0.00000	135000.00000	-813.60000	0.00000
-110237.20291	78270.46662	137.00000	135102.41026	-136.62988	0.00000	135100.00000	-814.01975	0.00000
-110318.87764	78328.16769	137.00000	135202.41108	-136.52553	0.00000	135200.00000	-814.43900	0.00000
-110400.55266	78385.86836	137.00000	135302.41191	-136.42067	0.00000	135300.00000	-814.85775	0.00000
-110482.22797	78443.56861	137.00000	135402.41273	-136.31532	0.00000	135400.00000	-815.27600	0.00000
-110563.90356	78501.26846	137.00000	135502.41354	-136.20947	0.00000	135500.00000	-815.69375	0.00000
-110645.57944	78558.96789	137.00000	135602.41436	-136.10312	0.00000	135600.00000	-816.11100	0.00000
-110727.25560	78616.66692	137.00000	135702.41517	-135.99627	0.00000	135700.00000	-816.52775	0.00000
-110808.93206	78674.36553	137.00000	135802.41598	-135.88891	0.00000	135800.00000	-816.94400	0.00000
-110890.60880	78732.06374	137.00000	135902.41678	-135.78106	0.00000	135900.00000	-817.35975	0.00000
-110972.28582	78789.76153	137.00000	136002.41759	-135.67271	0.00000	136000.00000	-817.77500	0.00000
-111053.96314	78847.45892	137.00000	136102.41839	-135.56386	0.00000	136100.00000	-818.18975	0.00000
-111135.64074	78905.15590	137.00000	136202.41919	-135.45450	0.00000	136200.00000	-818.60400	0.00000
-111217.31863	78962.85247	137.00000	136302.41998	-135.34465	0.00000	136300.00000	-819.01775	0.00000
-111298.99680	79020.54862	137.00000	136402.42077	-135.23430	0.00000	136400.00000	-819.43100	0.00000
-111380.67526	79078.24437	137.00000	136502.42156	-135.12345	0.00000	136500.00000	-819.84375	0.00000
-111462.35401	79135.93971	137.00000	136602.42235	-135.01210	0.00000	136600.00000	-820.25600	0.00000
-111544.03304	79193.63464	137.00000	136702.42314	-134.90024	0.00000	136700.00000	-820.66775	0.00000
-111625.71236	79251.32916	137.00000	136802.42392	-134.78789	0.00000	136800.00000	-821.07900	0.00000
-111707.39197	79309.02327	137.00000	136902.42470	-134.67504	0.00000	136900.00000	-821.48975	0.00000
-111789.07187	79366.71697	137.00000	137002.42548	-134.56169	0.00000	137000.00000	-821.90000	0.00000
-111870.75205	79424.41026	137.00000	137102.42625	-134.44784	0.00000	137100.00000	-822.30975	0.00000
-111952.43252	79482.10315	137.00000	137202.42702	-134.33348	0.00000	137200.00000	-822.71900	0.00000
-112034.11327	79539.79562	137.00000	137302.42779	-134.21863	0.00000	137300.00000	-823.12775	0.00000
-112115.79431	79597.48768	137.00000	137402.42856	-134.10328	0.00000	137400.00000	-823.53600	0.00000
-112197.47564	79655.17933	137.00000	137502.42932	-133.98743	0.00000	137500.00000	-823.94375	0.00000
-112279.15726	79712.87058	137.00000	137602.43009	-133.87108	0.00000	137600.00000	-824.35100	0.00000
-112360.83916	79770.56141	137.00000	137702.43084	-133.75422	0.00000	137700.00000	-824.75775	0.00000
-112442.52135	79828.25183	137.00000	137802.43160	-133.63687	0.00000	137800.00000	-825.16400	0.00000
-112524.20382	79885.94185	137.00000	137902.43235	-133.51902	0.00000	137900.00000	-825.56975	0.00000
-112605.88659	79943.63145	137.00000	138002.43311	-133.40067	0.00000	138000.00000	-825.97500	0.00000
-112687.56964	80001.32065	137.00000	138102.43385	-133.28182	0.00000	138100.00000	-826.37975	0.00000
-112769.25297	80059.00944	137.00000	138202.43460	-133.16247	0.00000	138200.00000	-826.78400	0.00000
-112850.93659	80116.69781	137.00000	138302.43534	-133.04261	0.00000	138300.00000	-827.18775	0.00000
-112932.62050	80174.38578	137.00000	138402.43608	-132.92226	0.00000	138400.00000	-827.59100	0.00000
-113014.30470	80232.07334	137.00000	138502.43682	-132.80141	0.00000	138500.00000	-827.99375	0.00000
-113095.98918	80289.76048	137.00000	138602.43756	-132.68006	0.00000	138600.00000	-828.39600	0.00000
-113177.67395	80347.44722	137.00000	138702.43829	-132.55821	0.00000	138700.00000	-828.79775	0.00000
-113259.35901	80405.13355	137.00000	138802.43902	-132.43585	0.00000	138800.00000	-829.19900	0.00000
-113341.04435	80462.81947	137.00000	138902.43975	-132.31300	0.00000	138900.00000	-829.59975	0.00000
-113422.72999	80520.50498	137.00000	139002.44047	-132.18965	0.00000	139000.00000	-830.00000	0.00000
-113504.41590	80578.19008	137.00000	139102.44119	-132.06580	0.00000	139100.00000	-830.39975	0.00000
-113586.10211	80635.87477	137.00000	139202.44191	-131.94145	0.00000	139200.00000	-830.79900	0.00000
-113667.78860	80693.55905	137.00000	139302.44263	-131.81659	0.00000	139300.00000	-831.19775	0.00000
-113749.47537	80751.24292	137.00000	139402.44335	-131.69124	0.00000	139400.00000	-831.59600	0.00000
-113831.16244	80808.92638	137.00000	139502.44406	-131.56539	0.00000	139500.00000	-831.99375	0.00000
-113912.84979	80866.60943	137.00000	139602.44477	-131.43904	0.00000	139600.00000	-832.39100	0.00000
-113994.53743	80924.29207	137.00000	139702.44547	-131.31219	0.00000	139700.00000	-832.78775	0.00000
-114076.22535	80981.97431	137.00000	139802.44618	-131.18484	0.00000	139800.00000	-833.18400	0.00000
-114157.91356	81039.65613	137.00000	139902.44688	-131.05698	0.00000	139900.00000	-833.57975	0.00000
-114239.60206	81097.33754	137.00000	140002.44758	-130.92863	0.00000	140000.00000	-833.97500	0.00000
-114321.29085	81155.01855	137.00000	140102.44827	-130.79978	0.00000	140100.00000	-834.36975	0.00000
-114402.97992	81212.69914	137.00000	140202.44897	-130.67043	0.00000	140200.00000	-834.76400	0.00000
-114484.66928	81270.37933	137.00000	140302.44966	-130.54058	0.00000	140300.00000	-835.15775	0.00000
-114566.35892	81328.05910	137.00000	140402.45035	-130.41022	0.00000	140400.00000	-835.55100	0.00000
-114648.04886	81385.73847	137.00000	140502.45103	-130.27937	0.00000	140500.00000	-835.94375	0.00000
-114729.73908	81443.41742	137.00000	140602.45172	-130.14802	0.00000	140600.00000	-836.33600	0.00000
-114811.42958	81501.09597	137.00000	140702.45240	-130.01617	0.00000	140700.00000	-836.72775	0.00000
-114893.12037	81558.77411	137.00000	140802.45307	-129.88382	0.00000	140800.00000	-837.11900	0.00000
-114974.81145	81616.45183	137.00000	140902.45375	-129.75097	0.00000	140900.00000	-837.50975	0.00000
-115056.50282	81674.12915	137.00000	141002.45442	-129.61761	0.00000	141000.00000	-837.90000	0.00000
-115138.19447	81731.80606	137.00000	141102.45509	-129.48376	0.00000	141100.00000	-838.28975	0.00000
-115219.88641	81789.48256	137.00000	141202.45576	-129.34941	0.00000	141200.00000	-838.67900	0.00000
-115301.57864	81847.15865	137.00000	141302.45642	-129.21456	0.00000	141300.00000	-839.06775	0.00000
-115383.27115	81904.83433	137.00000	141402.45709	-129.07921	0.00000	141400.00000	-839.45600	0.00000
-115464.96395	81962.50960	137.00000	141502.45774	-128.94336	0.00000	141500.00000	-839.84375	0.00000
-115546.65704	82020.18446	137.00000	141602.45840	-128.80700	0.00000	141600.00000	-840.23100	0.00000
-115628.35041	82077.85891	137.00000	141702.45906	-128.67015	0.00000	141700.00000	-840.61775	0.00000
-115710.04407	82135.53295	137.00000	141802.45971	-128.53280	0.00000	141800.00000	-841.00400	0.00000
-115791.73802	82193.20658	137.00000	141902.46036	-128.39495	0.00000	141900.00000	-841.38975	0.00000
-115873.43226	82250.87980	137.00000	142002.46100	-128.25660	0.00000	142000.00000	-841.77500	0.00000
-115955.12678	82308.55261	137.00000	142102.46165	-128.11775	0.00000	142100.00000	-842.15975	0.00000
-116036.82158	82366.22502	137.00000	142202.46229	-127.97839	0.00000	142200.00000	-842.54400	0.00000
-116118.51668	82423.89701	137.00000	142302.46293	-127.83854	0.00000	142300.00000	-842.92775	0.00000
-116200.21206	82481.56859	137.00000	142402.46356	-127.69819	0.00000	142400.00000	-843.31100	0.00000
-116281.90773	82539.23977	137.00000	142502.46420	-127.55734	0.00000	142500.00000	-843.69375	0.00000
-116363.60368	82596.91053	137.00000	142602.46483	-127.41599	0.00000	142600.00000	-844.07600	0.00000
-116445.29992	82654.58089	137.00000	142702.46545	-127.27414	0.00000	142700.00000	-844.45775	0.00000
-116526.99645	82712.25083	137.00000	142802.46608	-127.13178	0.00000	142800.00000	-844.83900	0.00000
-116608.69327	82769.92037	137.00000	142902.46670	-126.98893	0.00000	142900.00000	-845.21975	0.00000
-116690.39037	82827.58949	137.00000	143002.46732	-126.84558	0.00000	143000.00000	-845.60000	0.00000
-116772.08776	82885.25821	137.00000	143102.46794	-126.70173	0.00000	143100.00000	-845.97975	0.00000
-116853.78543	82942.92652	137.00000	143202.46855	-126.55738	0.00000	143200.00000	-846.35900	0.00000
-116935.48340	83000.59442	137.00000	143302.46917	-126.41253	0.00000	143300.00000	-846.73775	0.00000
-117017.18165	83058.26190	137.00000	143402.46978	-126.26717	0.00000	143400.00000	-847.11600	0.00000
-117098.88018	83115.92898	137.00000	143502.47038	-126.12132	0.00000	143500.00000	-847.49375	0.00000
-117180.57900	83173.59565	137.00000	143602.47099	-125.97497	0.00000	143600.00000	-847.87100	0.00000
-117262.27811	83231.26191	137.00000	143702.47159	-125.82812	0.00000	143700.00000	-848.24775	0.00000
-117343.97751	83288.92776	137.00000	143802.47219	-125.68077	0.00000	143800.00000	-848.62400	0.00000
-117425.67719	83346.59320	137.00000	143902.47279	-125.53292	0.00000	143900.00000	-848.99975	0.00000
-117507.37716	83404.25823	137.00000	144002.47338	-125.38457	0.00000	144000.00000	-849.37500	0.00000
-117589.07742	83461.92285	137.00000	144102.47397	-125.23571	0.00000	144100.00000	-849.74975	0.00000
-117670.77796	83519.58706	137.00000	144202.47456	-125.08636	0.00000	144200.00000	-850.12400	0.00000
-117752.47879	83577.25086	137.00000	144302.47515	-124.93651	0.00000	144300.00000	-850.49775	0.00000
-117834.17991	83634.91426	137.00000	144402.47573	-124.78616	0.00000	144400.00000	-850.87100	0.00000
-117915.88131	83692.57724	137.00000	144502.47631	-124.63531	0.00000	144500.00000	-851.24375	0.00000
-117997.58286	83750.24002	137.00000	144602.47689	-124.48421	0.00000	144600.00000	-851.61625	0.00000
-118079.28441	83807.90279	137.00000	144702.47747	-124.33310	0.00000	144700.00000	-851.98875	0.00000
-118160.98596	83865.56557	137.00000	144802.47805	-124.18200	0.00000	144800.00000	-852.36125	0.00000
-118242.68750	83923.22835	137.00000	144902.47863	-124.03090	0.00000	144900.00000	-852.73375	0.00000
-118324.38905	83980.89113	137.00000	145002.47921	-123.87980	0.00000	145000.00000	-853.10625	0.00000
-118406.09060	84038.55391	137.00000	145102.47979	-123.72870	0.00000	145100.00000	-853.47875	0.00000
-118487.79214	84096.21668	137.00000	145202.48037	-123.57760	0.00000	145200.00000	-853.85125	0.00000
-118569.49369	84153.87946	137.00000	145302.48095	-123.42650	0.00000	145300.00000	-854.22375	0.00000
-118651.19524	84211.54224	137.00000	145402.48153	-123.27539	0.00000	145400.00000	-854.59625	0.00000
-118732.89679	84269.20502	137.00000	145502.48211	-123.12429	0.00000	145500.00000	-854.96875	0.00000
-118814.59833	84326.86779	137.00000	145602.48269	-122.97319	0.00000	145600.00000	-855.34125	0.00000
-118896.29988	84384.53057	137.00000	145702.48327	-122.82209	0.00000	145700.00000	-855.71375	0.00000
-118978.00143	84442.19335	137.00000	145802.48385	-122.67099	0.00000	145800.00000	-856.08625	0.00000
-119059.70298	84499.85613	137.00000	145902.48443	-122.51989	0.00000	145900.00000	-856.45875	0.00000
-119141.40452	84557.51891	137.00000	146002.48501	-122.36879	0.00000	146000.00000	-856.83125	0.00000
-119223.10607	84615.18168	137.00000	146102.48559	-122.21768	0.00000	146100.00000	-857.20375	0.00000
-119304.80762	84672.84446	137.00000	146202.48616	-122.06658	0.00000	146200.00000	-857.57625	0.00000
-119386.50916	84730.50724	137.00000	146302.48674	-121.91548	0.00000	146300.00000	-857.94875	0.00000
-119468.21071	84788.17002	137.00000	146402.48732	-121.76438	0.00000	146400.00000	-858.32125	0.00000
-119549.91226	84845.83279	137.00000	146502.48790	-121.61328	0.00000	146500.00000	-858.69375	0.00000
-119631.61381	84903.49557	137.00000	146602.48848	-121.46218	0.00000	146600.00000	-859.06625	0.00000
-119713.31535	84961.15835	137.00000	146702.48906	-121.31107	0.00000	146700.00000	-859.43875	0.00000
-119795.01690	85018.82113	137.00000	146802.48964	-121.15997	0.00000	146800.00000	-859.81125	0.00000
-119876.71845	85076.48390	137.00000	146902.49022	-121.00887	0.00000	146900.00000	-860.18375	0.00000
-119958.41999	85134.14668	137.00000	147002.49080	-120.85777	0.00000	147000.00000	-860.55625	0.00000
-120040.12154	85191.80946	137.00000	147102.49138	-120.70667	0.00000	147100.00000	-860.92875	0.00000
-120121.82309	85249.47224	137.00000	147202.49196	-120.55557	0.00000	147200.00000	-861.30125	0.00000
-120203.52464	85307.13502	137.00000	147302.49254	-120.40447	0.00000	147300.00000	-861.67375	0.00000
-120285.22618	85364.79779	137.00000	147402.49312	-120.25336	0.00000	147400.00000	-862.04625	0.00000
-120366.92773	85422.46057	137.00000	147502.49370	-120.10226	0.00000	147500.00000	-862.41875	0.00000
-120448.62928	85480.12335	137.00000	147602.49428	-119.95116	0.00000	147600.00000	-862.79125	0.00000
-120530.33083	85537.78613	137.00000	147702.49486	-119.80006	0.00000	147700.00000	-863.16375	0.00000
-120612.03237	85595.44890	137.00000	147802.49544	-119.64896	0.00000	147800.00000	-863.53625	0.00000
-120693.73392	85653.11168	137.00000	147902.49602	-119.49786	0.00000	147900.00000	-863.90875	0.00000
-120775.43547	85710.77446	137.00000	148002.49660	-119.34676	0.00000	148000.00000	-864.28125	0.00000
-120857.13701	85768.43724	137.00000	148102.49718	-119.19565	0.00000	148100.00000	-864.65375	0.00000
-120938.83856	85826.10002	137.00000	148202.49776	-119.04455	0.00000	148200.00000	-865.02625	0.00000
-121020.54011	85883.76279	137.00000	148302.49834	-118.89345	0.00000	148300.00000	-865.39875	0.00000
-121102.24166	85941.42557	137.00000	148402.49892	-118.74235	0.00000	148400.00000	-865.77125	0.00000
-121183.94320	85999.08835	137.00000	148502.49950	-118.59125	0.00000	148500.00000	-866.14375	0.00000
-121265.64475	86056.75113	137.00000	148602.50008	-118.44015	0.00000	148600.00000	-866.51625	0.00000
-121347.34630	86114.41390	137.00000	148702.50066	-118.28905	0.00000	148700.00000	-866.88875	0.00000
-121429.04784	86172.07668	137.00000	148802.50123	-118.13794	0.00000	148800.00000	-867.26125	0.00000
-121510.74939	86229.73946	137.00000	148902.50181	-117.98684	0.00000	148900.00000	-867.63375	0.00000
-121592.45094	86287.40224	137.00000	149002.50239	-117.83574	0.00000	149000.00000	-868.00625	0.00000
-121674.15249	86345.06502	137.00000	149102.50297	-117.68464	0.00000	149100.00000	-868.37875	0.00000
-121755.85403	86402.72779	137.00000	149202.50355	-117.53354	0.00000	149200.00000	-868.75125	0.00000
-121837.55558	86460.39057	137.00000	149302.50413	-117.38244	0.00000	149300.00000	-869.12375	0.00000
-121919.25713	86518.05335	137.00000	149402.50471	-117.23133	0.00000	149400.00000	-869.49625	0.00000
-122000.95867	86575.71613	137.00000	149502.50529	-117.08023	0.00000	149500.00000	-869.86875	0.00000
-122082.66022	86633.37890	137.00000	149602.50587	-116.92913	0.00000	149600.00000	-870.24125	0.00000
-122164.36177	86691.04168	137.00000	149702.50645	-116.77803	0.00000	149700.00000	-870.61375	0.00000
-122246.06332	86748.70446	137.00000	149802.50703	-116.62693	0.00000	149800.00000	-870.98625	0.00000
-122327.76486	86806.36724	137.00000	149902.50761	-116.47583	0.00000	149900.00000	-871.35875	0.00000
-122409.46641	86864.03002	137.00000	150002.50819	-116.32473	0.00000	150000.00000	-871.73125	0.00000
-122491.16796	86921.69279	137.00000	150102.50877	-116.17362	0.00000	150100.00000	-872.10375	0.00000
-122572.86951	86979.35557	137.00000	150202.50935	-116.02252	0.00000	150200.00000	-872.47625	0.00000
-122654.57105	87037.01835	137.00000	150302.50993	-115.87142	0.00000	150300.00000	-872.84875	0.00000
-122736.27260	87094.68113	137.00000	150402.51051	-115.72032	0.00000	150400.00000	-873.22125	0.00000
-122817.97415	87152.34390	137.00000	150502.51109	-115.56922	0.00000	150500.00000	-873.59375	0.00000
-122899.67569	87210.00668	137.00000	150602.51167	-115.41812	0.00000	150600.00000	-873.96625	0.00000
-122981.37724	87267.66946	137.00000	150702.51225	-115.26702	0.00000	150700.00000	-874.33875	0.00000
-123063.07879	87325.33224	137.00000	150802.51283	-115.11591	0.00000	150800.00000	-874.71125	0.00000
-123144.78034	87382.99502	137.00000	150902.51341	-114.96481	0.00000	150900.00000	-875.08375	0.00000
-123226.48188	87440.65779	137.00000	151002.51399	-114.81371	0.00000	151000.00000	-875.45625	0.00000
-123308.18343	87498.32057	137.00000	151102.51457	-114.66261	0.00000	151100.00000	-875.82875	0.00000
-123389.88498	87555.98335	137.00000	151202.51515	-114.51151	0.00000	151200.00000	-876.20125	0.00000
-123471.58652	87613.64613	137.00000	151302.51573	-114.36041	0.00000	151300.00000	-876.57375	0.00000
-123553.28807	87671.30890	137.00000	151402.51631	-114.20930	0.00000	151400.00000	-876.94625	0.00000
-123634.98962	87728.97168	137.00000	151502.51688	-114.05820	0.00000	151500.00000	-877.31875	0.00000
-123716.69117	87786.63446	137.00000	151602.51746	-113.90710	0.00000	151600.00000	-877.69125	0.00000
-123798.39271	87844.29724	137.00000	151702.51804	-113.75600	0.00000	151700.00000	-878.06375	0.00000
-123880.09426	87901.96002	137.00000	151802.51862	-113.60490	0.00000	151800.00000	-878.43625	0.00000
-123961.79581	87959.62279	137.00000	151902.51920	-113.45380	0.00000	151900.00000	-878.80875	0.00000
-124043.49735	88017.28557	137.00000	152002.51978	-113.30270	0.00000	152000.00000	-879.18125	0.00000
-124125.19890	88074.94835	137.00000	152102.52036	-113.15159	0.00000	152100.00000	-879.55375	0.00000
-124206.90045	88132.61113	137.00000	152202.52094	-113.00049	0.00000	152200.00000	-879.92625	0.00000
-124288.60200	88190.27390	137.00000	152302.52152	-112.84939	0.00000	152300.00000	-880.29875	0.00000
-124370.30354	88247.93668	137.00000	152402.52210	-112.69829	0.00000	152400.00000	-880.67125	0.00000
-124452.00509	88305.59946	137.00000	152502.52268	-112.54719	0.00000	152500.00000	-881.04375	0.00000
-124533.70664	88363.26224	137.00000	152602.52326	-112.39609	0.00000	152600.00000	-881.41625	0.00000
-124615.40819	88420.92502	137.00000	152702.52384	-112.24499	0.00000	152700.00000	-881.78875	0.00000
-124697.10973	88478.58779	137.00000	152802.52442	-112.09388	0.00000	152800.00000	-882.16125	0.00000
-124778.81128	88536.25057	137.00000	152902.52500	-111.94278	0.00000	152900.00000	-882.53375	0.00000
-124860.51283	88593.91335	137.00000	153002.52558	-111.79168	0.00000	153000.00000	-882.90625	0.00000
-124942.21437	88651.57613	137.00000	153102.52616	-111.64058	0.00000	153100.00000	-883.27875	0.00000
-125023.91592	88709.23890	137.00000	153202.52674	-111.48948	0.00000	153200.00000	-883.65125	0.00000
-125105.61747	88766.90168	137.00000	153302.52732	-111.33838	0.00000	153300.00000	-884.02375	0.00000
-125187.31902	88824.56446	137.00000	153402.52790	-111.18728	0.00000	153400.00000	-884.39625	0.00000
-125269.02056	88882.22724	137.00000	153502.52848	-111.03617	0.00000	153500.00000	-884.76875	0.00000
-125350.72211	88939.89002	137.00000	153602.52906	-110.88507	0.00000	153600.00000	-885.14125	0.00000
-125432.42366	88997.55279	137.00000	153702.52964	-110.73397	0.00000	153700.00000	-885.51375	0.00000
-125514.12520	89055.21557	137.00000	153802.53022	-110.58287	0.00000	153800.00000	-885.88625	0.00000
-125595.82675	89112.87835	137.00000	153902.53080	-110.43177	0.00000	153900.00000	-886.25875	0.00000
-125677.52830	89170.54113	137.00000	154002.53138	-110.28067	0.00000	154000.00000	-886.63125	0.00000
-125759.22985	89228.20390	137.00000	154102.53195	-110.12956	0.00000	154100.00000	-887.00375	0.00000
-125840.93139	89285.86668	137.00000	154202.53253	-109.97846	0.00000	154200.00000	-887.37625	0.00000
-125922.63294	89343.52946	137.00000	154302.53311	-109.82736	0.00000	154300.00000	-887.74875	0.00000
-126004.33449	89401.19224	137.00000	154402.53369	-109.67626	0.00000	154400.00000	-888.12125	0.00000
-126086.03604	89458.85502	137.00000	154502.53427	-109.52516	0.00000	154500.00000	-888.49375	0.00000
-126167.73758	89516.51779	137.00000	154602.53485	-109.37406	0.00000	154600.00000	-888.86625	0.00000
-126249.43913	89574.18057	137.00000	154702.53543	-109.22296	0.00000	154700.00000	-889.23875	0.00000
-126331.14068	89631.84335	137.00000	154802.53601	-109.07185	0.00000	154800.00000	-889.61125	0.00000
-126412.84222	89689.50613	137.00000	154902.53659	-108.92075	0.00000	154900.00000	-889.98375	0.00000
-126494.54377	89747.16890	137.00000	155002.53717	-108.76965	0.00000	155000.00000	-890.35625	0.00000
-126576.24532	89804.83168	137.00000	155102.53775	-108.61855	0.00000	155100.00000	-890.72875	0.00000
-126657.94687	89862.49446	137.00000	155202.53833	-108.46745	0.00000	155200.00000	-891.10125	0.00000
-126739.64841	89920.15724	137.00000	155302.53891	-108.31635	0.00000	155300.00000	-891.47375	0.00000
-126821.34996	89977.82002	137.00000	155402.53949	-108.16525	0.00000	155400.00000	-891.84625	0.00000
-126903.05151	90035.48279	137.00000	155502.54007	-108.01414	0.00000	155500.00000	-892.21875	0.00000
-126984.75305	90093.14557	137.00000	155602.54065	-107.86304	0.00000	155600.00000	-892.59125	0.00000
-127066.45460	90150.80835	137.00000	155702.54123	-107.71194	0.00000	155700.00000	-892.96375	0.00000
-127148.15615	90208.47113	137.00000	155802.54181	-107.56084	0.00000	155800.00000	-893.33625	0.00000
-127229.85770	90266.13390	137.00000	155902.54239	-107.40974	0.00000	155900.00000	-893.70875	0.00000
-127311.55924	90323.79668	137.00000	156002.54297	-107.25864	0.00000	156000.00000	-894.08125	0.00000
-127393.26079	90381.45946	137.00000	156102.54355	-107.10753	0.00000	156100.00000	-894.45375	0.00000
-127474.96234	90439.12224	137.00000	156202.54413	-106.95643	0.00000	156200.00000	-894.82625	0.00000
-127556.66388	90496.78502	137.00000	156302.54471	-106.80533	0.00000	156300.00000	-895.19875	0.00000
-127638.36543	90554.44779	137.00000	156402.54529	-106.65423	0.00000	156400.00000	-895.57125	0.00000
-127720.06698	90612.11057	137.00000	156502.54587	-106.50313	0.00000	156500.00000	-895.94375	0.00000
-127801.76853	90669.77335	137.00000	156602.54645	-106.35203	0.00000	156600.00000	-896.31625	0.00000
-127883.47007	90727.43613	137.00000	156702.54703	-106.20093	0.00000	156700.00000	-896.68875	0.00000
-127965.17162	90785.09890	137.00000	156802.54760	-106.04982	0.00000	156800.00000	-897.06125	0.00000
-128046.87317	90842.76168	137.00000	156902.54818	-105.89872	0.00000	156900.00000	-897.43375	0.00000
-128128.57472	90900.42446	137.00000	157002.54876	-105.74762	0.00000	157000.00000	-897.80625	0.00000
-128210.27626	90958.08724	137.00000	157102.54934	-105.59652	0.00000	157100.00000	-898.17875	0.00000
-128291.97781	91015.75002	137.00000	157202.54992	-105.44542	0.00000	157200.00000	-898.55125	0.00000
-128373.67936	91073.41279	137.00000	157302.55050	-105.29432	0.00000	157300.00000	-898.92375	0.00000
-128455.38090	91131.07557	137.00000	157402.55108	-105.14322	0.00000	157400.00000	-899.29625	0.00000
-128537.08245	91188.73835	137.00000	157502.55166	-104.99211	0.00000	157500.00000	-899.66875	0.00000
-128618.78400	91246.40113	137.00000	157602.55224	-104.84101	0.00000	157600.00000	-900.04125	0.00000
-128700.48555	91304.06390	137.00000	157702.55282	-104.68991	0.00000	157700.00000	-900.41375	0.00000
-128782.18709	91361.72668	137.00000	157802.55340	-104.53881	0.00000	157800.00000	-900.78625	0.00000
-128863.88864	91419.38946	137.00000	157902.55398	-104.38771	0.00000	157900.00000	-901.15875	0.00000
-128945.59019	91477.05224	137.00000	158002.55456	-104.23661	0.00000	158000.00000	-901.53125	0.00000
